timestamp,tag_name,alarm_type,severity,value,value_type,status,quality_flags
2026-09-01 00:00:39,FT-101,NORMAL,LOW,38.94,NUMERIC,CLEARED,
2026-09-01 00:29:06,FT-101,NORMAL,LOW,30.83,NUMERIC,CLEARED,
2026-09-01 00:29:40,LT-101,NORMAL,LOW,68.79,NUMERIC,CLEARED,
2026-09-01 00:50:37,M-101,NORMAL,LOW,21.52,NUMERIC,CLEARED,
2026-09-01 00:55:17,PT-101,NORMAL,LOW,5.55,NUMERIC,CLEARED,
2026-09-01 01:00:39,LT-101,NORMAL,LOW,66.11,NUMERIC,CLEARED,
2026-09-01 01:07:11,M-101,NORMAL,LOW,14.72,NUMERIC,CLEARED,
2026-09-01 01:09:58,PT-101,NORMAL,LOW,5.36,NUMERIC,CLEARED,
2026-09-01 01:20:27,LT-101,NORMAL,LOW,74.6,NUMERIC,CLEARED,
2026-09-01 01:30:05,M-101,NORMAL,LOW,10.4,NUMERIC,CLEARED,
2026-09-01 01:31:25,TT-101,HIGH_TEMPERATURE,HIGH,102.52,NUMERIC,ACTIVE,
2026-09-01 01:37:51,TT-101,NORMAL,LOW,61.04,NUMERIC,CLEARED,
2026-09-01 01:42:45,FT-101,NORMAL,LOW,31.34,NUMERIC,CLEARED,
2026-09-01 01:44:33,M-101,NORMAL,LOW,33.34,NUMERIC,CLEARED,
2026-09-01 01:56:49,FT-101,NORMAL,LOW,33.5,NUMERIC,CLEARED,
2026-09-01 01:57:20,LT-101,NORMAL,LOW,55.21,NUMERIC,CLEARED,
2026-09-01 02:08:07,PT-101,NORMAL,LOW,4.31,NUMERIC,CLEARED,
2026-09-01 02:09:03,LT-101,NORMAL,LOW,65.48,NUMERIC,CLEARED,
2026-09-01 02:17:58,M-101,NORMAL,LOW,33.98,NUMERIC,CLEARED,
2026-09-01 02:21:22,LT-101,NORMAL,LOW,68.59,NUMERIC,CLEARED,
2026-09-01 02:23:07,TT-101,NORMAL,LOW,49.01,NUMERIC,CLEARED,
2026-09-01 02:26:00,FT-101,NORMAL,LOW,27.2,NUMERIC,CLEARED,
2026-09-01 02:41:12,M-101,NORMAL,LOW,23.8,NUMERIC,CLEARED,
2026-09-01 02:43:05,FT-101,NORMAL,LOW,36.12,NUMERIC,CLEARED,
2026-09-01 02:44:52,PT-101,LOW_PRESSURE,MEDIUM,2.42,NUMERIC,ACKNOWLEDGED,
2026-09-01 02:50:52,PT-101,NORMAL,LOW,4.44,NUMERIC,CLEARED,
2026-09-01 03:07:54,FT-101,NORMAL,LOW,31.65,NUMERIC,CLEARED,
2026-09-01 03:10:40,V-101,NORMAL,LOW,41.33,NUMERIC,CLEARED,
2026-09-01 03:14:58,LT-101,NORMAL,LOW,57.39,NUMERIC,CLEARED,
2026-09-01 03:31:55,M-101,HIGH_CURRENT,HIGH,42.79,NUMERIC,ACTIVE,
2026-09-01 03:35:38,M-101,NORMAL,LOW,28.22,NUMERIC,CLEARED,
2026-09-01 03:45:24,PT-101,NORMAL,LOW,6.53,NUMERIC,CLEARED,
2026-09-01 03:45:38,V-101,NORMAL,LOW,43.6,NUMERIC,CLEARED,
2026-09-01 03:53:53,TT-101,NORMAL,LOW,,NULL,CLEARED,MISSING_VALUE
2026-09-01 03:55:25,V-101,NORMAL,LOW,75.9,NUMERIC,CLEARED,
2026-09-01 03:55:38,FT-101,HIGH_FLOW,HIGH,59.45,NUMERIC,CLEARED,
2026-09-01 04:02:59,PT-101,NORMAL,LOW,6.72,NUMERIC,CLEARED,
2026-09-01 04:10:38,LT-101,NORMAL,LOW,55.7,NUMERIC,CLEARED,
2026-09-01 04:13:30,LT-101,LOW_LEVEL,HIGH,7.37,NUMERIC,CLEARED,
2026-09-01 04:28:56,FT-101,NORMAL,LOW,20.43,NUMERIC,CLEARED,
2026-09-01 04:44:17,PT-101,NORMAL,LOW,6.49,NUMERIC,CLEARED,
2026-09-01 04:48:24,FT-101,NORMAL,LOW,24.25,NUMERIC,CLEARED,
2026-09-01 04:56:58,V-101,NORMAL,LOW,15.63,NUMERIC,CLEARED,
2026-09-01 05:05:33,TT-101,NORMAL,LOW,55.58,NUMERIC,CLEARED,
2026-09-01 05:24:50,TT-101,NORMAL,LOW,70.68,NUMERIC,CLEARED,
2026-09-01 05:27:34,PT-101,NORMAL,LOW,5.13,NUMERIC,CLEARED,
2026-09-01 05:35:26,FT-101,NORMAL,LOW,38.01,NUMERIC,CLEARED,
2026-09-01 05:40:07,LT-101,NORMAL,LOW,67.89,NUMERIC,CLEARED,
2026-09-01 05:40:42,FT-101,NORMAL,LOW,33.69,NUMERIC,CLEARED,
2026-09-01 05:46:19,V-101,NORMAL,LOW,20.99,NUMERIC,CLEARED,
2026-09-01 05:47:09,V-101,NORMAL,LOW,30.57,NUMERIC,CLEARED,
2026-09-01 05:55:42,FT-101,NORMAL,LOW,33.35,NUMERIC,CLEARED,
2026-09-01 05:59:11,TT-101,NORMAL,LOW,74.06,NUMERIC,CLEARED,
2026-09-01 06:01:06,V-101,NORMAL,LOW,19.3,NUMERIC,CLEARED,
2026-09-01 06:10:18,TT-101,NORMAL,LOW,49.46,NUMERIC,CLEARED,
2026-09-01 06:11:31,V-101,NORMAL,LOW,47.03,NUMERIC,CLEARED,
2026-09-01 06:27:13,TT-101,NORMAL,LOW,60.84,NUMERIC,CLEARED,
2026-09-01 06:29:29,LT-101,NORMAL,LOW,63.95,NUMERIC,CLEARED,
2026-09-01 06:30:05,LT-101,NORMAL,LOW,74.4,NUMERIC,CLEARED,
2026-09-01 06:34:05,TT-101,NORMAL,LOW,66.77,NUMERIC,CLEARED,
2026-09-01 06:43:06,FT-101,NORMAL,LOW,20.31,NUMERIC,CLEARED,
2026-09-01 06:46:09,PT-101,NORMAL,LOW,6.24,NUMERIC,CLEARED,
2026-09-01 06:52:42,LT-101,NORMAL,LOW,47.22,NUMERIC,CLEARED,
2026-09-01 06:55:04,PT-101,NORMAL,LOW,6.72,NUMERIC,CLEARED,
2026-09-01 06:57:33,FT-101,NORMAL,LOW,37.74,NUMERIC,CLEARED,
2026-09-01 07:04:43,TT-101,NORMAL,LOW,67.13,NUMERIC,CLEARED,
2026-09-01 07:08:30,M-101,HIGH_CURRENT,HIGH,40.17,NUMERIC,ACKNOWLEDGED,
2026-09-01 07:08:36,LT-101,NORMAL,LOW,62,NUMERIC,CLEARED,
2026-09-01 07:14:12,V-101,NORMAL,LOW,80,NUMERIC,CLEARED,
2026-09-01 07:17:04,TT-101,NORMAL,LOW,58.84,NUMERIC,CLEARED,
2026-09-01 07:27:07,M-101,NORMAL,LOW,,NULL,CLEARED,MISSING_VALUE
2026-09-01 07:34:02,PT-101,NORMAL,LOW,4.41,NUMERIC,CLEARED,
2026-09-01 07:41:09,PT-101,NORMAL,LOW,5.89,NUMERIC,CLEARED,
2026-09-01 07:50:08,PT-101,NORMAL,LOW,6.48,NUMERIC,CLEARED,
2026-09-01 08:02:50,TT-101,NORMAL,LOW,56.42,NUMERIC,CLEARED,
2026-09-01 08:17:18,V-101,NORMAL,LOW,18.9,NUMERIC,CLEARED,
2026-09-01 08:24:59,LT-101,NORMAL,LOW,43.23,NUMERIC,CLEARED,
2026-09-01 08:26:17,PT-101,NORMAL,LOW,5.28,NUMERIC,CLEARED,
2026-09-01 08:38:57,FT-101,NORMAL,LOW,23.61,NUMERIC,CLEARED,
2026-09-01 08:41:10,LT-101,NORMAL,LOW,79.22,NUMERIC,CLEARED,
2026-09-01 08:57:21,LT-101,NORMAL,LOW,63.97,NUMERIC,CLEARED,
2026-09-01 08:58:31,LT-101,NORMAL,LOW,44.51,NUMERIC,CLEARED,
2026-09-01 09:03:45,PT-101,NORMAL,LOW,6.15,NUMERIC,CLEARED,
2026-09-01 09:13:15,TT-101,NORMAL,LOW,48.75,NUMERIC,CLEARED,
2026-09-01 09:15:50,TT-101,NORMAL,LOW,66.13,NUMERIC,CLEARED,
2026-09-01 09:17:11,V-101,NORMAL,LOW,63.45,NUMERIC,CLEARED,
2026-09-01 09:21:07,TT-101,NORMAL,LOW,45.55,NUMERIC,CLEARED,
2026-09-01 09:21:16,LT-101,NORMAL,LOW,58.28,NUMERIC,CLEARED,
2026-09-01 09:23:44,LT-101,NORMAL,LOW,79.59,NUMERIC,CLEARED,
2026-09-01 09:24:28,PT-101,NORMAL,LOW,6.72,NUMERIC,CLEARED,
2026-09-01 09:27:25,PT-101,NORMAL,LOW,5.05,NUMERIC,CLEARED,
2026-09-01 09:37:11,V-101,NORMAL,LOW,84.35,NUMERIC,CLEARED,
2026-09-01 09:39:24,PT-101,NORMAL,LOW,,NULL,CLEARED,MISSING_VALUE
2026-09-01 09:44:39,LT-101,NORMAL,LOW,57.36,NUMERIC,CLEARED,
2026-09-01 10:02:46,FT-101,NORMAL,LOW,37.39,NUMERIC,CLEARED,
2026-09-01 10:13:43,TT-101,NORMAL,LOW,62.96,NUMERIC,CLEARED,
2026-09-01 10:19:11,LT-101,NORMAL,LOW,63.42,NUMERIC,CLEARED,
2026-09-01 10:34:08,TT-101,NORMAL,LOW,71.13,NUMERIC,CLEARED,
2026-09-01 10:44:53,FT-101,HIGH_FLOW,HIGH,60.84,NUMERIC,ACTIVE,
2026-09-01 10:50:26,TT-101,NORMAL,LOW,51.16,NUMERIC,CLEARED,
2026-09-01 10:56:55,PT-101,NORMAL,LOW,4.77,NUMERIC,CLEARED,
2026-09-01 10:58:01,LT-101,NORMAL,LOW,66.52,NUMERIC,CLEARED,
2026-09-01 11:11:44,P-101,COMMUNICATION_LOST,MEDIUM,,NULL,CLEARED,MISSING_VALUE
2026-09-01 11:16:05,LT-101,NORMAL,LOW,79.97,NUMERIC,CLEARED,
2026-09-01 11:18:36,M-101,HIGH_CURRENT,HIGH,51.29,NUMERIC,ACTIVE,
2026-09-01 11:20:03,TT-101,NORMAL,LOW,66.43,NUMERIC,CLEARED,
2026-09-01 11:35:27,PT-101,NORMAL,LOW,4.44,NUMERIC,CLEARED,
2026-09-01 11:39:52,TT-101,NORMAL,LOW,45.54,NUMERIC,CLEARED,
2026-09-01 11:40:36,PT-101,NORMAL,LOW,4.11,NUMERIC,CLEARED,
2026-09-01 11:41:54,FT-101,NORMAL,LOW,33.48,NUMERIC,CLEARED,
2026-09-01 12:03:40,TT-101,NORMAL,LOW,54.53,NUMERIC,CLEARED,
2026-09-01 12:06:44,M-101,NORMAL,LOW,7.84,NUMERIC,CLEARED,
2026-09-01 12:21:27,FT-101,NORMAL,LOW,37.29,NUMERIC,CLEARED,
2026-09-01 12:22:58,P-102,PUMP_FAILURE,CRITICAL,STOPPED,STATE,ACTIVE,
2026-09-01 12:26:26,PT-101,NORMAL,LOW,6.62,NUMERIC,CLEARED,
2026-09-01 12:28:24,PT-101,NORMAL,LOW,6.8,NUMERIC,CLEARED,
2026-09-01 12:30:27,TT-101,NORMAL,LOW,51.29,NUMERIC,CLEARED,
2026-09-01 12:31:07,FT-101,NORMAL,LOW,38.3,NUMERIC,CLEARED,
2026-09-01 12:33:06,PT-101,NORMAL,LOW,4.25,NUMERIC,CLEARED,
2026-09-01 12:33:35,FT-101,NORMAL,LOW,35.22,NUMERIC,CLEARED,
2026-09-01 12:42:56,TT-101,NORMAL,LOW,57.69,NUMERIC,CLEARED,
2026-09-01 12:49:13,LT-101,NORMAL,LOW,74.17,NUMERIC,CLEARED,
2026-09-01 12:52:44,LT-101,NORMAL,LOW,53.92,NUMERIC,CLEARED,
2026-09-01 12:53:55,FT-101,NORMAL,LOW,29.34,NUMERIC,CLEARED,
2026-09-01 12:59:27,V-101,VALVE_FAILURE,HIGH,30.35,NUMERIC,ACKNOWLEDGED,
2026-09-01 13:00:56,V-101,NORMAL,LOW,61.03,NUMERIC,CLEARED,
2026-09-01 13:12:07,LT-101,NORMAL,LOW,61.62,NUMERIC,CLEARED,
2026-09-01 13:30:06,LT-101,NORMAL,LOW,67.45,NUMERIC,CLEARED,
2026-09-01 13:34:20,PT-101,NORMAL,LOW,7,NUMERIC,CLEARED,
2026-09-01 13:37:44,TT-101,NORMAL,LOW,46.1,NUMERIC,CLEARED,
2026-09-01 13:40:56,PT-101,NORMAL,LOW,6.77,NUMERIC,CLEARED,
2026-09-01 13:46:19,FT-101,NORMAL,LOW,34.53,NUMERIC,CLEARED,
2026-09-01 13:51:04,LT-101,NORMAL,LOW,78.45,NUMERIC,CLEARED,
2026-09-01 13:53:11,FT-101,NORMAL,LOW,32.16,NUMERIC,CLEARED,
2026-09-01 14:00:24,PT-101,NORMAL,LOW,4.13,NUMERIC,CLEARED,
2026-09-01 14:01:03,LT-101,NORMAL,LOW,60.96,NUMERIC,CLEARED,
2026-09-01 14:01:32,LT-101,NORMAL,LOW,72.2,NUMERIC,CLEARED,
2026-09-01 14:03:32,FT-101,NORMAL,LOW,37.77,NUMERIC,CLEARED,
2026-09-01 14:12:53,PT-101,NORMAL,LOW,6.74,NUMERIC,CLEARED,
2026-09-01 14:22:34,TT-101,NORMAL,LOW,68.15,NUMERIC,CLEARED,
2026-09-01 14:23:19,LT-101,NORMAL,LOW,47.2,NUMERIC,CLEARED,
2026-09-01 14:39:11,LT-101,NORMAL,LOW,66.54,NUMERIC,CLEARED,
2026-09-01 14:40:54,LT-101,NORMAL,LOW,63.51,NUMERIC,CLEARED,
2026-09-01 14:41:53,V-101,NORMAL,LOW,38.16,NUMERIC,CLEARED,
2026-09-01 14:47:16,V-101,NORMAL,LOW,83.53,NUMERIC,CLEARED,
2026-09-01 14:50:13,LT-101,NORMAL,LOW,58.21,NUMERIC,CLEARED,
2026-09-01 14:57:10,PT-101,NORMAL,LOW,4.57,NUMERIC,CLEARED,
2026-09-01 15:04:31,FT-101,NORMAL,LOW,24.76,NUMERIC,CLEARED,
2026-09-01 15:06:20,M-101,HIGH_CURRENT,HIGH,46.32,NUMERIC,ACKNOWLEDGED,
2026-09-01 15:09:34,M-101,NORMAL,LOW,34.62,NUMERIC,CLEARED,
2026-09-01 15:13:09,PT-101,NORMAL,LOW,5.47,NUMERIC,CLEARED,
2026-09-01 15:25:50,TT-101,NORMAL,LOW,72.68,NUMERIC,CLEARED,
2026-09-01 15:42:14,LT-101,NORMAL,LOW,79.35,NUMERIC,CLEARED,
2026-09-01 15:46:57,PT-101,NORMAL,LOW,6.77,NUMERIC,CLEARED,
2026-09-01 15:55:00,PT-101,NORMAL,LOW,4.33,NUMERIC,CLEARED,
2026-09-01 16:00:01,V-101,NORMAL,LOW,82.01,NUMERIC,CLEARED,
2026-09-01 16:00:34,FT-101,NORMAL,LOW,31.51,NUMERIC,CLEARED,
2026-09-01 16:09:42,M-101,NORMAL,LOW,0.04,NUMERIC,CLEARED,
2026-09-01 16:12:29,PT-101,NORMAL,LOW,4.22,NUMERIC,CLEARED,
2026-09-01 16:13:23,TT-101,NORMAL,LOW,59.25,NUMERIC,CLEARED,
2026-09-01 16:17:34,FT-101,NORMAL,LOW,31.56,NUMERIC,CLEARED,
2026-09-01 16:17:40,FT-101,NORMAL,LOW,34.85,NUMERIC,CLEARED,
2026-09-01 16:19:18,TT-101,NORMAL,LOW,73.31,NUMERIC,CLEARED,
2026-09-01 16:29:13,M-101,NORMAL,LOW,8.78,NUMERIC,CLEARED,
2026-09-01 16:33:25,PT-101,HIGH_PRESSURE,CRITICAL,9.59,NUMERIC,ACTIVE,
2026-09-01 16:36:40,PT-101,NORMAL,LOW,6.77,NUMERIC,CLEARED,
2026-09-01 16:37:29,FT-101,LOW_FLOW,MEDIUM,7.03,NUMERIC,CLEARED,
2026-09-01 16:38:20,P-101,PUMP_FAILURE,CRITICAL,STOPPED,STATE,ACTIVE,
2026-09-01 16:41:19,PT-101,NORMAL,LOW,5.75,NUMERIC,CLEARED,
2026-09-01 16:44:12,FT-101,NORMAL,LOW,32.98,NUMERIC,CLEARED,
2026-09-01 16:44:37,LT-101,NORMAL,LOW,52.39,NUMERIC,CLEARED,
2026-09-01 17:10:31,PT-101,NORMAL,LOW,5.68,NUMERIC,CLEARED,
2026-09-01 17:20:42,FT-101,NORMAL,LOW,21.31,NUMERIC,CLEARED,
2026-09-01 17:24:30,FT-101,HIGH_FLOW,HIGH,64.92,NUMERIC,ACTIVE,
2026-09-01 17:29:34,LT-101,NORMAL,LOW,41.29,NUMERIC,CLEARED,
2026-09-01 17:37:22,TT-101,NORMAL,LOW,73.21,NUMERIC,CLEARED,
2026-09-01 17:50:01,FT-101,NORMAL,LOW,31.74,NUMERIC,CLEARED,
2026-09-01 18:03:12,V-101,NORMAL,LOW,92.83,NUMERIC,CLEARED,
2026-09-01 18:18:03,LT-101,HIGH_LEVEL,CRITICAL,91.42,NUMERIC,ACTIVE,
2026-09-01 18:30:27,LT-101,NORMAL,LOW,47.63,NUMERIC,CLEARED,
2026-09-01 18:41:23,PT-101,NORMAL,LOW,4.6,NUMERIC,CLEARED,
2026-09-01 18:59:37,PT-101,LOW_PRESSURE,MEDIUM,0.28,NUMERIC,ACTIVE,
2026-09-01 19:06:31,FT-101,NORMAL,LOW,25.16,NUMERIC,CLEARED,
2026-09-01 19:08:04,TT-101,NORMAL,LOW,48.83,NUMERIC,CLEARED,
2026-09-01 19:17:48,LT-101,NORMAL,LOW,45.29,NUMERIC,CLEARED,
2026-09-01 19:24:39,FT-101,NORMAL,LOW,26.12,NUMERIC,CLEARED,
2026-09-01 19:30:25,LT-101,NORMAL,LOW,61.22,NUMERIC,CLEARED,
2026-09-01 19:40:59,PT-101,NORMAL,LOW,6.58,NUMERIC,CLEARED,
2026-09-01 19:45:41,PT-101,NORMAL,LOW,6.36,NUMERIC,CLEARED,
2026-09-01 19:47:59,FT-101,NORMAL,LOW,27.1,NUMERIC,CLEARED,
2026-09-01 19:49:37,V-101,NORMAL,LOW,8.23,NUMERIC,CLEARED,
2026-09-01 19:50:15,TT-101,NORMAL,LOW,63.47,NUMERIC,CLEARED,
2026-09-01 20:01:05,PT-101,NORMAL,LOW,4.5,NUMERIC,CLEARED,
2026-09-01 20:01:46,FT-101,NORMAL,LOW,23.16,NUMERIC,CLEARED,
2026-09-01 20:03:14,V-101,NORMAL,LOW,24.46,NUMERIC,CLEARED,
2026-09-01 20:05:17,PT-101,NORMAL,LOW,6.19,NUMERIC,CLEARED,
2026-09-01 20:07:26,M-101,NORMAL,LOW,34.62,NUMERIC,CLEARED,
2026-09-01 20:12:47,TT-101,NORMAL,LOW,53.57,NUMERIC,CLEARED,
2026-09-01 20:15:42,PT-101,NORMAL,LOW,4.33,NUMERIC,CLEARED,
2026-09-01 20:16:29,FT-101,NORMAL,LOW,21.74,NUMERIC,CLEARED,
2026-09-01 20:18:25,PT-101,NORMAL,LOW,4.59,NUMERIC,CLEARED,
2026-09-01 20:19:11,M-101,NORMAL,LOW,18.96,NUMERIC,CLEARED,
2026-09-01 20:20:55,TT-101,NORMAL,LOW,52.98,NUMERIC,CLEARED,
2026-09-01 20:27:41,FT-101,LOW_FLOW,MEDIUM,5.63,NUMERIC,ACKNOWLEDGED,
2026-09-01 20:35:14,FT-101,NORMAL,LOW,30.81,NUMERIC,CLEARED,
2026-09-01 20:39:25,PT-101,NORMAL,LOW,5.09,NUMERIC,CLEARED,
2026-09-01 20:40:08,PT-101,HIGH_PRESSURE,CRITICAL,9.36,NUMERIC,ACTIVE,
2026-09-01 20:42:09,PT-101,NORMAL,LOW,6.94,NUMERIC,CLEARED,
2026-09-01 20:51:45,LT-101,NORMAL,LOW,66.01,NUMERIC,CLEARED,
2026-09-01 20:59:07,PT-101,NORMAL,LOW,4.16,NUMERIC,CLEARED,
2026-09-01 20:59:32,FT-101,NORMAL,LOW,31.79,NUMERIC,CLEARED,
2026-09-01 21:02:04,LT-101,NORMAL,LOW,54.82,NUMERIC,CLEARED,
2026-09-01 21:02:36,PT-101,NORMAL,LOW,6.13,NUMERIC,CLEARED,
2026-09-01 21:04:55,FT-101,NORMAL,LOW,33.67,NUMERIC,CLEARED,
2026-09-01 21:08:17,LT-101,NORMAL,LOW,50.08,NUMERIC,CLEARED,
2026-09-01 21:09:21,LT-101,NORMAL,LOW,52.71,NUMERIC,CLEARED,
2026-09-01 21:10:44,TT-101,NORMAL,LOW,66.3,NUMERIC,CLEARED,
2026-09-01 21:13:17,FT-101,NORMAL,LOW,22.34,NUMERIC,CLEARED,
2026-09-01 21:13:43,FT-101,NORMAL,LOW,39.38,NUMERIC,CLEARED,
2026-09-01 21:24:30,TT-101,NORMAL,LOW,61.19,NUMERIC,CLEARED,
2026-09-01 21:36:07,M-101,NORMAL,LOW,7.5,NUMERIC,CLEARED,
2026-09-01 21:36:47,M-101,NORMAL,LOW,12.8,NUMERIC,CLEARED,
2026-09-01 21:37:57,FT-101,NORMAL,LOW,28.16,NUMERIC,CLEARED,
2026-09-01 21:40:27,FT-101,NORMAL,LOW,30.95,NUMERIC,CLEARED,
2026-09-01 21:42:21,V-101,NORMAL,LOW,7.54,NUMERIC,CLEARED,
2026-09-01 21:52:46,V-101,NORMAL,LOW,58.92,NUMERIC,CLEARED,
2026-09-01 22:06:20,LT-101,NORMAL,LOW,61.27,NUMERIC,CLEARED,
2026-09-01 22:06:35,PT-101,NORMAL,LOW,5.42,NUMERIC,CLEARED,
2026-09-01 22:23:54,TT-101,HIGH_TEMPERATURE,HIGH,98.71,NUMERIC,ACTIVE,
2026-09-01 22:26:04,TT-101,NORMAL,LOW,65.11,NUMERIC,CLEARED,
2026-09-01 22:31:02,V-101,NORMAL,LOW,88.35,NUMERIC,CLEARED,
2026-09-01 22:40:31,PT-101,NORMAL,LOW,4.41,NUMERIC,CLEARED,
2026-09-01 22:51:32,PT-101,NORMAL,LOW,6.98,NUMERIC,CLEARED,
2026-09-01 22:57:55,FT-101,NORMAL,LOW,25.24,NUMERIC,CLEARED,
2026-09-01 23:02:50,M-101,NORMAL,LOW,7.75,NUMERIC,CLEARED,
2026-09-01 23:06:49,TT-101,NORMAL,LOW,58.58,NUMERIC,CLEARED,
2026-09-01 23:09:38,LT-101,NORMAL,LOW,74.52,NUMERIC,CLEARED,
2026-09-01 23:11:16,FT-101,NORMAL,LOW,,NULL,CLEARED,MISSING_VALUE
2026-09-01 23:12:30,FT-101,NORMAL,LOW,32.1,NUMERIC,CLEARED,
2026-09-01 23:15:19,LT-101,NORMAL,LOW,65.81,NUMERIC,CLEARED,
2026-09-01 23:19:32,LT-101,NORMAL,LOW,48.98,NUMERIC,CLEARED,
2026-09-01 23:44:39,LT-101,LOW_LEVEL,HIGH,5.46,NUMERIC,ACTIVE,
2026-09-01 23:45:39,PT-101,NORMAL,LOW,4.43,NUMERIC,CLEARED,
2026-09-01 23:48:22,V-101,NORMAL,LOW,60.92,NUMERIC,CLEARED,
2026-09-01 23:52:38,LT-101,NORMAL,LOW,54.38,NUMERIC,CLEARED,
2026-09-02 00:04:27,FT-101,NORMAL,LOW,27.11,NUMERIC,CLEARED,
2026-09-02 00:06:52,FT-101,NORMAL,LOW,36.09,NUMERIC,CLEARED,
2026-09-02 00:08:17,TT-101,NORMAL,LOW,53.17,NUMERIC,CLEARED,
2026-09-02 00:14:46,PT-101,NORMAL,LOW,4.13,NUMERIC,CLEARED,
2026-09-02 00:18:53,V-101,COMMUNICATION_LOST,MEDIUM,,NULL,ACTIVE,MISSING_VALUE
2026-09-02 00:48:09,PT-101,NORMAL,LOW,5.35,NUMERIC,CLEARED,
2026-09-02 00:50:28,TT-101,HIGH_TEMPERATURE,HIGH,104.48,NUMERIC,ACTIVE,
2026-09-02 00:51:07,FT-101,NORMAL,LOW,23.92,NUMERIC,CLEARED,
2026-09-02 00:56:25,M-101,NORMAL,LOW,6.49,NUMERIC,CLEARED,
2026-09-02 00:59:37,LT-101,NORMAL,LOW,50.51,NUMERIC,CLEARED,
2026-09-02 01:05:21,FT-101,NORMAL,LOW,22.18,NUMERIC,CLEARED,
2026-09-02 01:12:09,LT-101,NORMAL,LOW,77.05,NUMERIC,CLEARED,
2026-09-02 01:13:22,PT-101,NORMAL,LOW,6.86,NUMERIC,CLEARED,
2026-09-02 01:14:25,LT-101,NORMAL,LOW,77.02,NUMERIC,CLEARED,
2026-09-02 01:16:58,PT-101,NORMAL,LOW,5.24,NUMERIC,CLEARED,
2026-09-02 01:17:05,LT-101,NORMAL,LOW,69.7,NUMERIC,CLEARED,
2026-09-02 01:17:33,LT-101,NORMAL,LOW,53.6,NUMERIC,CLEARED,
2026-09-02 01:21:31,TT-101,NORMAL,LOW,67.44,NUMERIC,CLEARED,
2026-09-02 01:27:14,PT-101,LOW_PRESSURE,MEDIUM,1.37,NUMERIC,ACKNOWLEDGED,
2026-09-02 01:30:42,PT-101,NORMAL,LOW,4.01,NUMERIC,CLEARED,
2026-09-02 01:41:32,PT-101,NORMAL,LOW,6.51,NUMERIC,CLEARED,
2026-09-02 01:55:19,LT-101,NORMAL,LOW,74.21,NUMERIC,CLEARED,
2026-09-02 02:02:28,V-101,NORMAL,LOW,66.83,NUMERIC,CLEARED,
2026-09-02 02:04:11,PT-101,NORMAL,LOW,5.83,NUMERIC,CLEARED,
2026-09-02 02:05:29,FT-101,HIGH_FLOW,HIGH,55.66,NUMERIC,ACTIVE,
2026-09-02 02:07:25,M-101,NORMAL,LOW,6.61,NUMERIC,CLEARED,
2026-09-02 02:16:59,V-101,NORMAL,LOW,27.31,NUMERIC,CLEARED,
2026-09-02 02:19:09,M-101,NORMAL,LOW,1.15,NUMERIC,CLEARED,
2026-09-02 02:37:23,V-101,COMMUNICATION_LOST,MEDIUM,,NULL,CLEARED,MISSING_VALUE
2026-09-02 02:57:39,FT-101,NORMAL,LOW,38.7,NUMERIC,CLEARED,
2026-09-02 03:00:08,FT-101,NORMAL,LOW,26.17,NUMERIC,CLEARED,
2026-09-02 03:01:35,PT-101,NORMAL,LOW,4.59,NUMERIC,CLEARED,
2026-09-02 03:03:23,TT-101,NORMAL,LOW,57.09,NUMERIC,CLEARED,
2026-09-02 03:03:46,LT-101,NORMAL,LOW,74.65,NUMERIC,CLEARED,
2026-09-02 03:08:39,FT-101,NORMAL,LOW,34.98,NUMERIC,CLEARED,
2026-09-02 03:15:25,TT-101,NORMAL,LOW,62.59,NUMERIC,CLEARED,
2026-09-02 03:17:35,TT-101,NORMAL,LOW,59.56,NUMERIC,CLEARED,
2026-09-02 03:18:52,TT-101,NORMAL,LOW,60.61,NUMERIC,CLEARED,
2026-09-02 03:34:32,LT-101,NORMAL,LOW,67.31,NUMERIC,CLEARED,
2026-09-02 03:39:14,PT-101,NORMAL,LOW,6.12,NUMERIC,CLEARED,
2026-09-02 03:41:59,PT-101,NORMAL,LOW,5.01,NUMERIC,CLEARED,
2026-09-02 03:43:15,LT-101,NORMAL,LOW,46.73,NUMERIC,CLEARED,
2026-09-02 03:51:07,LT-101,NORMAL,LOW,42.9,NUMERIC,CLEARED,
2026-09-02 03:51:35,LT-101,NORMAL,LOW,53.38,NUMERIC,CLEARED,
2026-09-02 04:07:29,LT-101,NORMAL,LOW,60.84,NUMERIC,CLEARED,
2026-09-02 04:14:42,FT-101,NORMAL,LOW,21.72,NUMERIC,CLEARED,
2026-09-02 04:22:41,LT-101,NORMAL,LOW,73.86,NUMERIC,CLEARED,
2026-09-02 04:52:41,M-101,NORMAL,LOW,30.85,NUMERIC,CLEARED,
2026-09-02 04:59:25,TT-101,HIGH_TEMPERATURE,HIGH,99.72,NUMERIC,ACTIVE,
2026-09-02 04:59:45,V-101,NORMAL,LOW,61.04,NUMERIC,CLEARED,
2026-09-02 05:02:23,M-101,NORMAL,LOW,4.25,NUMERIC,CLEARED,
2026-09-02 05:25:45,PT-101,NORMAL,LOW,5.63,NUMERIC,CLEARED,
2026-09-02 05:29:39,TT-101,HIGH_TEMPERATURE,HIGH,102.41,NUMERIC,CLEARED,
2026-09-02 05:36:51,PT-101,NORMAL,LOW,6.93,NUMERIC,CLEARED,
2026-09-02 05:42:40,LT-101,NORMAL,LOW,42.48,NUMERIC,CLEARED,
2026-09-02 05:44:59,FT-101,NORMAL,LOW,23.38,NUMERIC,CLEARED,
2026-09-02 05:52:22,LT-101,NORMAL,LOW,43.73,NUMERIC,CLEARED,
2026-09-02 05:52:24,FT-101,HIGH_FLOW,HIGH,59.46,NUMERIC,CLEARED,
2026-09-02 05:56:04,M-101,NORMAL,LOW,2.16,NUMERIC,CLEARED,
2026-09-02 06:01:27,PT-101,NORMAL,LOW,6.48,NUMERIC,CLEARED,
2026-09-02 06:08:50,TT-101,NORMAL,LOW,67.69,NUMERIC,CLEARED,
2026-09-02 06:12:37,PT-101,NORMAL,LOW,6.68,NUMERIC,CLEARED,
2026-09-02 06:17:24,TT-101,NORMAL,LOW,55.35,NUMERIC,CLEARED,
2026-09-02 06:29:25,PT-101,NORMAL,LOW,5.93,NUMERIC,CLEARED,
2026-09-02 06:34:47,LT-101,NORMAL,LOW,41.31,NUMERIC,CLEARED,
2026-09-02 06:43:02,LT-101,NORMAL,LOW,61.94,NUMERIC,CLEARED,
2026-09-02 06:43:49,TT-101,NORMAL,LOW,59.32,NUMERIC,CLEARED,
2026-09-02 06:44:45,FT-101,NORMAL,LOW,34.79,NUMERIC,CLEARED,
2026-09-02 06:53:26,LT-101,NORMAL,LOW,44.36,NUMERIC,CLEARED,
2026-09-02 06:54:59,LT-101,NORMAL,LOW,60.21,NUMERIC,CLEARED,
2026-09-02 06:58:21,TT-101,NORMAL,LOW,66.76,NUMERIC,CLEARED,
2026-09-02 07:04:22,V-101,NORMAL,LOW,88.46,NUMERIC,CLEARED,
2026-09-02 07:09:34,LT-101,NORMAL,LOW,66.5,NUMERIC,CLEARED,
2026-09-02 07:10:02,FT-101,NORMAL,LOW,36.61,NUMERIC,CLEARED,
2026-09-02 07:13:28,M-101,NORMAL,LOW,29.03,NUMERIC,CLEARED,
2026-09-02 07:13:30,FT-101,NORMAL,LOW,39.37,NUMERIC,CLEARED,
2026-09-02 07:15:17,TT-101,NORMAL,LOW,71.07,NUMERIC,CLEARED,
2026-09-02 07:41:35,M-101,NORMAL,LOW,25.53,NUMERIC,CLEARED,
2026-09-02 07:48:09,LT-101,LOW_LEVEL,HIGH,18.71,NUMERIC,CLEARED,
2026-09-02 07:48:16,FT-101,NORMAL,LOW,25.84,NUMERIC,CLEARED,
2026-09-02 07:51:33,V-101,NORMAL,LOW,59.1,NUMERIC,CLEARED,
2026-09-02 07:57:27,PT-101,NORMAL,LOW,5.98,NUMERIC,CLEARED,
2026-09-02 08:02:08,PT-101,NORMAL,LOW,4.76,NUMERIC,CLEARED,
2026-09-02 08:07:46,TT-101,NORMAL,LOW,71.9,NUMERIC,CLEARED,
2026-09-02 08:37:40,TT-101,NORMAL,LOW,64.1,NUMERIC,CLEARED,
2026-09-02 08:42:49,M-101,NORMAL,LOW,4.57,NUMERIC,CLEARED,
2026-09-02 08:46:28,TT-101,NORMAL,LOW,48.28,NUMERIC,CLEARED,
2026-09-02 08:53:49,LT-101,NORMAL,LOW,74.51,NUMERIC,CLEARED,
2026-09-02 08:58:47,FT-101,NORMAL,LOW,24.63,NUMERIC,CLEARED,
2026-09-02 09:10:03,TT-101,NORMAL,LOW,64.18,NUMERIC,CLEARED,
2026-09-02 09:10:46,PT-101,NORMAL,LOW,5.87,NUMERIC,CLEARED,
2026-09-02 09:11:43,FT-101,NORMAL,LOW,34.93,NUMERIC,CLEARED,
2026-09-02 09:16:09,P-101,PUMP_FAILURE,CRITICAL,STOPPED,STATE,ACTIVE,
2026-09-02 09:18:19,TT-101,NORMAL,LOW,50.61,NUMERIC,CLEARED,
2026-09-02 09:24:18,P-101,COMMUNICATION_LOST,MEDIUM,,NULL,CLEARED,MISSING_VALUE
2026-09-02 09:29:35,TT-101,NORMAL,LOW,67.6,NUMERIC,CLEARED,
2026-09-02 09:45:30,PT-101,NORMAL,LOW,6.41,NUMERIC,CLEARED,
2026-09-02 09:54:34,PT-101,NORMAL,LOW,5.84,NUMERIC,CLEARED,
2026-09-02 09:55:27,PT-101,NORMAL,LOW,5.71,NUMERIC,CLEARED,
2026-09-02 09:57:36,LT-101,NORMAL,LOW,51.75,NUMERIC,CLEARED,
2026-09-02 09:59:14,M-101,NORMAL,LOW,33.04,NUMERIC,CLEARED,
2026-09-02 10:00:07,PT-101,NORMAL,LOW,5.61,NUMERIC,CLEARED,
2026-09-02 10:02:45,LT-101,HIGH_LEVEL,CRITICAL,91.13,NUMERIC,CLEARED,
2026-09-02 10:10:03,PT-101,NORMAL,LOW,4.07,NUMERIC,CLEARED,
2026-09-02 10:11:23,LT-101,NORMAL,LOW,56.56,NUMERIC,CLEARED,
2026-09-02 10:12:18,LT-101,NORMAL,LOW,59.93,NUMERIC,CLEARED,
2026-09-02 10:21:06,FT-101,NORMAL,LOW,24.15,NUMERIC,CLEARED,
2026-09-02 10:21:19,P-101,COMMUNICATION_LOST,MEDIUM,,NULL,CLEARED,MISSING_VALUE
2026-09-02 10:26:07,M-101,NORMAL,LOW,12.63,NUMERIC,CLEARED,
2026-09-02 10:26:34,PT-101,NORMAL,LOW,6.14,NUMERIC,CLEARED,
2026-09-02 10:27:06,PT-101,NORMAL,LOW,5.04,NUMERIC,CLEARED,
2026-09-02 10:35:10,FT-101,NORMAL,LOW,27.2,NUMERIC,CLEARED,
2026-09-02 10:48:13,TT-101,NORMAL,LOW,55.31,NUMERIC,CLEARED,
2026-09-02 11:01:55,TT-101,NORMAL,LOW,71.77,NUMERIC,CLEARED,
2026-09-02 11:17:08,FT-101,NORMAL,LOW,28.33,NUMERIC,CLEARED,
2026-09-02 11:20:29,LT-101,NORMAL,LOW,71.16,NUMERIC,CLEARED,
2026-09-02 11:22:50,V-101,NORMAL,LOW,20.47,NUMERIC,CLEARED,
2026-09-02 11:25:03,LT-101,NORMAL,LOW,72.63,NUMERIC,CLEARED,
2026-09-02 11:25:50,LT-101,NORMAL,LOW,67.44,NUMERIC,CLEARED,
2026-09-02 11:28:32,LT-101,NORMAL,LOW,53.01,NUMERIC,CLEARED,
2026-09-02 11:30:56,PT-101,NORMAL,LOW,5.63,NUMERIC,CLEARED,
2026-09-02 11:33:31,FT-101,NORMAL,LOW,28.35,NUMERIC,CLEARED,
2026-09-02 11:34:36,FT-101,NORMAL,LOW,33.23,NUMERIC,CLEARED,
2026-09-02 11:36:31,PT-101,NORMAL,LOW,6.77,NUMERIC,CLEARED,
2026-09-02 11:40:34,TT-101,NORMAL,LOW,61.67,NUMERIC,CLEARED,
2026-09-02 11:41:28,FT-101,NORMAL,LOW,31.38,NUMERIC,CLEARED,
2026-09-02 11:53:55,LT-101,NORMAL,LOW,72.75,NUMERIC,CLEARED,
2026-09-02 11:55:58,V-101,NORMAL,LOW,28.82,NUMERIC,CLEARED,
2026-09-02 12:02:45,LT-101,NORMAL,LOW,68.45,NUMERIC,CLEARED,
2026-09-02 12:03:31,TT-101,NORMAL,LOW,74.79,NUMERIC,CLEARED,
2026-09-02 12:06:39,LT-101,NORMAL,LOW,52.5,NUMERIC,CLEARED,
2026-09-02 12:13:11,TT-101,NORMAL,LOW,46.44,NUMERIC,CLEARED,
2026-09-02 12:23:08,LT-101,NORMAL,LOW,72.15,NUMERIC,CLEARED,
2026-09-02 12:23:49,LT-101,NORMAL,LOW,53.92,NUMERIC,CLEARED,
2026-09-02 12:26:11,LT-101,NORMAL,LOW,45.19,NUMERIC,CLEARED,
2026-09-02 12:27:01,LT-101,NORMAL,LOW,66.55,NUMERIC,CLEARED,
2026-09-02 12:31:17,TT-101,NORMAL,LOW,67.17,NUMERIC,CLEARED,
2026-09-02 12:43:16,FT-101,NORMAL,LOW,33.58,NUMERIC,CLEARED,
2026-09-02 12:57:55,TT-101,HIGH_TEMPERATURE,HIGH,96.08,NUMERIC,ACTIVE,
2026-09-02 12:58:25,M-101,NORMAL,LOW,32.68,NUMERIC,CLEARED,
2026-09-02 13:07:28,TT-101,NORMAL,LOW,61.56,NUMERIC,CLEARED,
2026-09-02 13:08:59,PT-101,LOW_PRESSURE,MEDIUM,2.19,NUMERIC,CLEARED,
2026-09-02 13:11:11,V-101,NORMAL,LOW,61.75,NUMERIC,CLEARED,
2026-09-02 13:12:24,LT-101,NORMAL,LOW,73.12,NUMERIC,CLEARED,
2026-09-02 13:30:21,V-101,NORMAL,LOW,7.45,NUMERIC,CLEARED,
2026-09-02 13:43:53,FT-101,NORMAL,LOW,38.99,NUMERIC,CLEARED,
2026-09-02 13:48:33,TT-101,NORMAL,LOW,59.51,NUMERIC,CLEARED,
2026-09-02 13:50:31,PT-101,HIGH_PRESSURE,CRITICAL,9.02,NUMERIC,ACKNOWLEDGED,
2026-09-02 13:56:17,FT-101,NORMAL,LOW,38.79,NUMERIC,CLEARED,
2026-09-02 14:02:58,LT-101,NORMAL,LOW,41.07,NUMERIC,CLEARED,
2026-09-02 14:07:01,FT-101,NORMAL,LOW,31.22,NUMERIC,CLEARED,
2026-09-02 14:19:44,LT-101,NORMAL,LOW,40.43,NUMERIC,CLEARED,
2026-09-02 14:25:29,V-101,NORMAL,LOW,54.43,NUMERIC,CLEARED,
2026-09-02 14:27:23,V-101,VALVE_FAILURE,HIGH,7.79,NUMERIC,ACTIVE,
2026-09-02 14:39:05,LT-101,NORMAL,LOW,68.89,NUMERIC,CLEARED,
2026-09-02 14:39:21,LT-101,NORMAL,LOW,78.69,NUMERIC,CLEARED,
2026-09-02 14:47:18,V-101,NORMAL,LOW,12.44,NUMERIC,CLEARED,
2026-09-02 14:47:37,LT-101,NORMAL,LOW,76.11,NUMERIC,CLEARED,
2026-09-02 14:49:17,P-102,PUMP_FAILURE,CRITICAL,STOPPED,STATE,ACTIVE,
2026-09-02 14:52:52,LT-101,NORMAL,LOW,63.34,NUMERIC,CLEARED,
2026-09-02 15:01:34,M-101,NORMAL,LOW,15.32,NUMERIC,CLEARED,
2026-09-02 15:11:59,TT-101,NORMAL,LOW,64.05,NUMERIC,CLEARED,
2026-09-02 15:14:00,FT-101,NORMAL,LOW,39.92,NUMERIC,CLEARED,
2026-09-02 15:19:43,P-101,PUMP_FAILURE,CRITICAL,STOPPED,STATE,ACTIVE,
2026-09-02 15:19:59,V-101,NORMAL,LOW,44.94,NUMERIC,CLEARED,
2026-09-02 15:21:01,TT-101,NORMAL,LOW,57.8,NUMERIC,CLEARED,
2026-09-02 15:34:08,LT-101,NORMAL,LOW,75.26,NUMERIC,CLEARED,
2026-09-02 15:38:49,LT-101,NORMAL,LOW,77.42,NUMERIC,CLEARED,
2026-09-02 16:00:48,LT-101,NORMAL,LOW,69.88,NUMERIC,CLEARED,
2026-09-02 16:03:54,TT-101,NORMAL,LOW,48.34,NUMERIC,CLEARED,
2026-09-02 16:16:03,FT-101,NORMAL,LOW,23.52,NUMERIC,CLEARED,
2026-09-02 16:16:32,LT-101,NORMAL,LOW,72.98,NUMERIC,CLEARED,
2026-09-02 16:27:41,PT-101,NORMAL,LOW,6.71,NUMERIC,CLEARED,
2026-09-02 16:28:06,TT-101,NORMAL,LOW,73.48,NUMERIC,CLEARED,
2026-09-02 16:29:47,TT-101,NORMAL,LOW,60.22,NUMERIC,CLEARED,
2026-09-02 16:37:19,TT-101,NORMAL,LOW,68.11,NUMERIC,CLEARED,
2026-09-02 16:47:02,TT-101,NORMAL,LOW,61.87,NUMERIC,CLEARED,
2026-09-02 16:51:04,M-101,NORMAL,LOW,6.22,NUMERIC,CLEARED,
2026-09-02 16:55:16,M-101,NORMAL,LOW,1.28,NUMERIC,CLEARED,
2026-09-02 17:05:02,FT-101,NORMAL,LOW,31.01,NUMERIC,CLEARED,
2026-09-02 17:08:56,LT-101,NORMAL,LOW,50.54,NUMERIC,CLEARED,
2026-09-02 17:08:58,TT-101,NORMAL,LOW,56.65,NUMERIC,CLEARED,
2026-09-02 17:11:59,LT-101,HIGH_LEVEL,CRITICAL,96.99,NUMERIC,CLEARED,
2026-09-02 17:17:51,LT-101,NORMAL,LOW,64.87,NUMERIC,CLEARED,
2026-09-02 17:29:40,PT-101,NORMAL,LOW,4.89,NUMERIC,CLEARED,
2026-09-02 17:34:46,M-101,NORMAL,LOW,1.86,NUMERIC,CLEARED,
2026-09-02 17:37:10,LT-101,HIGH_LEVEL,CRITICAL,95.76,NUMERIC,CLEARED,
2026-09-02 17:39:26,TT-101,NORMAL,LOW,45.37,NUMERIC,CLEARED,
2026-09-02 17:39:42,M-101,NORMAL,LOW,3.35,NUMERIC,CLEARED,
2026-09-02 17:42:33,PT-101,NORMAL,LOW,5.37,NUMERIC,CLEARED,
2026-09-02 17:58:54,TT-101,NORMAL,LOW,70.48,NUMERIC,CLEARED,
2026-09-02 18:00:20,LT-101,NORMAL,LOW,51.65,NUMERIC,CLEARED,
2026-09-02 18:03:19,PT-101,NORMAL,LOW,5.05,NUMERIC,CLEARED,
2026-09-02 18:06:08,TT-101,NORMAL,LOW,71.54,NUMERIC,CLEARED,
2026-09-02 18:20:20,LT-101,NORMAL,LOW,47.03,NUMERIC,CLEARED,
2026-09-02 18:26:00,M-101,NORMAL,LOW,5.8,NUMERIC,CLEARED,
2026-09-02 18:30:20,PT-101,NORMAL,LOW,4.77,NUMERIC,CLEARED,
2026-09-02 18:54:06,PT-101,NORMAL,LOW,6.8,NUMERIC,CLEARED,
2026-09-02 19:01:48,TT-101,NORMAL,LOW,60.88,NUMERIC,CLEARED,
2026-09-02 19:01:48,PT-101,NORMAL,LOW,5.78,NUMERIC,CLEARED,
2026-09-02 19:04:32,V-101,NORMAL,LOW,80.89,NUMERIC,CLEARED,
2026-09-02 19:06:44,FT-101,NORMAL,LOW,32.94,NUMERIC,CLEARED,
2026-09-02 19:06:50,TT-101,NORMAL,LOW,47.5,NUMERIC,CLEARED,
2026-09-02 19:15:18,LT-101,NORMAL,LOW,70.93,NUMERIC,CLEARED,
2026-09-02 19:16:24,FT-101,NORMAL,LOW,38.89,NUMERIC,CLEARED,
2026-09-02 19:16:37,LT-101,LOW_LEVEL,HIGH,16.07,NUMERIC,ACTIVE,
2026-09-02 19:18:33,P-101,PUMP_FAILURE,CRITICAL,STOPPED,STATE,ACTIVE,
2026-09-02 19:21:18,TT-101,NORMAL,LOW,49.19,NUMERIC,CLEARED,
2026-09-02 19:27:20,TT-101,NORMAL,LOW,70.51,NUMERIC,CLEARED,
2026-09-02 19:29:02,M-101,NORMAL,LOW,14.2,NUMERIC,CLEARED,
2026-09-02 19:32:53,LT-101,NORMAL,LOW,61.54,NUMERIC,CLEARED,
2026-09-02 19:44:13,TT-101,NORMAL,LOW,50.65,NUMERIC,CLEARED,
2026-09-02 19:46:27,FT-101,HIGH_FLOW,HIGH,53.24,NUMERIC,ACTIVE,
2026-09-02 19:48:38,LT-101,NORMAL,LOW,71.22,NUMERIC,CLEARED,
2026-09-02 19:59:31,LT-101,NORMAL,LOW,43.34,NUMERIC,CLEARED,
2026-09-02 20:00:38,PT-101,NORMAL,LOW,4.58,NUMERIC,CLEARED,
2026-09-02 20:02:35,TT-101,HIGH_TEMPERATURE,HIGH,99.02,NUMERIC,ACKNOWLEDGED,
2026-09-02 20:09:52,PT-101,NORMAL,LOW,5.13,NUMERIC,CLEARED,
2026-09-02 20:17:52,FT-101,NORMAL,LOW,32.58,NUMERIC,CLEARED,
2026-09-02 20:19:59,LT-101,NORMAL,LOW,55.63,NUMERIC,CLEARED,
2026-09-02 20:20:57,TT-101,NORMAL,LOW,47.37,NUMERIC,CLEARED,
2026-09-02 20:25:48,PT-101,NORMAL,LOW,4.25,NUMERIC,CLEARED,
2026-09-02 20:36:03,V-101,NORMAL,LOW,7.13,NUMERIC,CLEARED,
2026-09-02 20:41:20,LT-101,NORMAL,LOW,75.69,NUMERIC,CLEARED,
2026-09-02 20:59:41,FT-101,HIGH_FLOW,HIGH,55.68,NUMERIC,ACTIVE,
2026-09-02 21:06:03,TT-101,NORMAL,LOW,71.75,NUMERIC,CLEARED,
2026-09-02 21:20:09,FT-101,NORMAL,LOW,32.68,NUMERIC,CLEARED,
2026-09-02 21:21:30,FT-101,NORMAL,LOW,23.85,NUMERIC,CLEARED,
2026-09-02 21:22:19,TT-101,NORMAL,LOW,74.73,NUMERIC,CLEARED,
2026-09-02 21:36:18,LT-101,NORMAL,LOW,52.57,NUMERIC,CLEARED,
2026-09-02 21:41:03,LT-101,NORMAL,LOW,79.98,NUMERIC,CLEARED,
2026-09-02 21:41:50,PT-101,NORMAL,LOW,4.77,NUMERIC,CLEARED,
2026-09-02 21:49:50,TT-101,NORMAL,LOW,67.65,NUMERIC,CLEARED,
2026-09-02 21:50:43,PT-101,NORMAL,LOW,5.32,NUMERIC,CLEARED,
2026-09-02 21:52:00,P-102,NORMAL,LOW,,NULL,CLEARED,MISSING_VALUE
2026-09-02 21:54:55,PT-101,NORMAL,LOW,5.1,NUMERIC,CLEARED,
2026-09-02 21:57:56,TT-101,NORMAL,LOW,63.06,NUMERIC,CLEARED,
2026-09-02 22:13:01,TT-101,NORMAL,LOW,62.47,NUMERIC,CLEARED,
2026-09-02 22:18:08,M-101,NORMAL,LOW,20.26,NUMERIC,CLEARED,
2026-09-02 22:19:14,PT-101,NORMAL,LOW,6.08,NUMERIC,CLEARED,
2026-09-02 22:28:51,LT-101,NORMAL,LOW,52.33,NUMERIC,CLEARED,
2026-09-02 22:36:53,PT-101,HIGH_PRESSURE,CRITICAL,9.15,NUMERIC,ACTIVE,
2026-09-02 22:39:42,M-101,NORMAL,LOW,27.26,NUMERIC,CLEARED,
2026-09-02 22:43:30,V-101,NORMAL,LOW,30.32,NUMERIC,CLEARED,
2026-09-02 22:54:07,V-101,NORMAL,LOW,18.96,NUMERIC,CLEARED,
2026-09-02 22:59:47,FT-101,NORMAL,LOW,33.2,NUMERIC,CLEARED,
2026-09-02 23:01:14,PT-101,NORMAL,LOW,6.58,NUMERIC,CLEARED,
2026-09-02 23:01:27,LT-101,NORMAL,LOW,65.03,NUMERIC,CLEARED,
2026-09-02 23:06:48,TT-101,NORMAL,LOW,72.73,NUMERIC,CLEARED,
2026-09-02 23:19:44,PT-101,NORMAL,LOW,5.83,NUMERIC,CLEARED,
2026-09-02 23:21:15,PT-101,NORMAL,LOW,4.07,NUMERIC,CLEARED,
2026-09-02 23:26:41,V-101,NORMAL,LOW,,NULL,CLEARED,MISSING_VALUE
2026-09-02 23:37:44,V-101,NORMAL,LOW,37.46,NUMERIC,CLEARED,
2026-09-02 23:41:35,PT-101,NORMAL,LOW,5.85,NUMERIC,CLEARED,
2026-09-02 23:41:47,P-101,PUMP_FAILURE,CRITICAL,STOPPED,STATE,CLEARED,
2026-09-02 23:42:49,TT-101,NORMAL,LOW,45.47,NUMERIC,CLEARED,
2026-09-02 23:43:07,TT-101,NORMAL,LOW,52.92,NUMERIC,CLEARED,
2026-09-02 23:46:47,LT-101,NORMAL,LOW,52.32,NUMERIC,CLEARED,
2026-09-02 23:49:44,PT-101,NORMAL,LOW,5.33,NUMERIC,CLEARED,
2026-09-02 23:52:15,PT-101,NORMAL,LOW,4.68,NUMERIC,CLEARED,
2026-09-02 23:56:04,LT-101,NORMAL,LOW,43.57,NUMERIC,CLEARED,
2026-09-02 23:56:31,FT-101,NORMAL,LOW,33.31,NUMERIC,CLEARED,
2026-09-03 00:21:25,FT-101,NORMAL,LOW,26.59,NUMERIC,CLEARED,
2026-09-03 00:27:30,LT-101,NORMAL,LOW,53.09,NUMERIC,CLEARED,
2026-09-03 00:38:54,M-101,NORMAL,LOW,12.69,NUMERIC,CLEARED,
2026-09-03 00:44:11,TT-101,NORMAL,LOW,67.59,NUMERIC,CLEARED,
2026-09-03 00:45:00,LT-101,NORMAL,LOW,55.38,NUMERIC,CLEARED,
2026-09-03 00:49:08,PT-101,NORMAL,LOW,6.08,NUMERIC,CLEARED,
2026-09-03 00:53:25,LT-101,NORMAL,LOW,62.83,NUMERIC,CLEARED,
2026-09-03 00:53:32,PT-101,NORMAL,LOW,4.6,NUMERIC,CLEARED,
2026-09-03 00:55:40,LT-101,NORMAL,LOW,69.89,NUMERIC,CLEARED,
2026-09-03 00:58:00,LT-101,NORMAL,LOW,67.59,NUMERIC,CLEARED,
2026-09-03 00:58:54,V-101,NORMAL,LOW,41.05,NUMERIC,CLEARED,
2026-09-03 01:09:26,TT-101,NORMAL,LOW,71.28,NUMERIC,CLEARED,
2026-09-03 01:14:24,LT-101,LOW_LEVEL,HIGH,5.1,NUMERIC,CLEARED,
2026-09-03 01:21:39,LT-101,NORMAL,LOW,68.22,NUMERIC,CLEARED,
2026-09-03 01:35:30,M-101,NORMAL,LOW,17.49,NUMERIC,CLEARED,
2026-09-03 01:39:45,PT-101,NORMAL,LOW,4.47,NUMERIC,CLEARED,
2026-09-03 01:40:10,FT-101,NORMAL,LOW,32.4,NUMERIC,CLEARED,
2026-09-03 01:44:54,M-101,NORMAL,LOW,20.55,NUMERIC,CLEARED,
2026-09-03 01:48:50,PT-101,NORMAL,LOW,6.04,NUMERIC,CLEARED,
2026-09-03 01:52:57,LT-101,NORMAL,LOW,53.51,NUMERIC,CLEARED,
2026-09-03 01:58:25,PT-101,NORMAL,LOW,6.55,NUMERIC,CLEARED,
2026-09-03 02:01:05,PT-101,NORMAL,LOW,4.44,NUMERIC,CLEARED,
2026-09-03 02:05:56,TT-101,NORMAL,LOW,74.82,NUMERIC,CLEARED,
2026-09-03 02:11:14,M-101,NORMAL,LOW,9.09,NUMERIC,CLEARED,
2026-09-03 02:19:08,LT-101,NORMAL,LOW,75.88,NUMERIC,CLEARED,
2026-09-03 02:25:52,LT-101,NORMAL,LOW,53.4,NUMERIC,CLEARED,
2026-09-03 02:30:30,LT-101,NORMAL,LOW,74.42,NUMERIC,CLEARED,
2026-09-03 02:33:00,PT-101,NORMAL,LOW,4.13,NUMERIC,CLEARED,
2026-09-03 02:36:33,LT-101,HIGH_LEVEL,CRITICAL,94.33,NUMERIC,ACTIVE,
2026-09-03 02:45:33,M-101,NORMAL,LOW,31.98,NUMERIC,CLEARED,
2026-09-03 02:57:39,PT-101,NORMAL,LOW,4.04,NUMERIC,CLEARED,
2026-09-03 03:05:07,M-101,NORMAL,LOW,0.2,NUMERIC,CLEARED,
2026-09-03 03:08:51,PT-101,HIGH_PRESSURE,CRITICAL,8.72,NUMERIC,ACTIVE,
2026-09-03 03:10:04,M-101,NORMAL,LOW,28.21,NUMERIC,CLEARED,
2026-09-03 03:14:11,LT-101,NORMAL,LOW,41.74,NUMERIC,CLEARED,
2026-09-03 03:27:09,FT-101,NORMAL,LOW,22.34,NUMERIC,CLEARED,
2026-09-03 03:36:01,TT-101,NORMAL,LOW,59.43,NUMERIC,CLEARED,
2026-09-03 03:36:33,FT-101,NORMAL,LOW,32.94,NUMERIC,CLEARED,
2026-09-03 03:53:02,TT-101,HIGH_TEMPERATURE,HIGH,99.33,NUMERIC,CLEARED,
2026-09-03 04:06:12,FT-101,NORMAL,LOW,27.42,NUMERIC,CLEARED,
2026-09-03 04:06:48,FT-101,NORMAL,LOW,34.33,NUMERIC,CLEARED,
2026-09-03 04:11:58,PT-101,NORMAL,LOW,4.47,NUMERIC,CLEARED,
2026-09-03 04:18:59,TT-101,NORMAL,LOW,57.35,NUMERIC,CLEARED,
2026-09-03 04:29:21,PT-101,NORMAL,LOW,6.06,NUMERIC,CLEARED,
2026-09-03 04:29:32,M-101,NORMAL,LOW,13.8,NUMERIC,CLEARED,
2026-09-03 04:43:13,V-101,NORMAL,LOW,79,NUMERIC,CLEARED,
2026-09-03 04:44:21,FT-101,NORMAL,LOW,25.79,NUMERIC,CLEARED,
2026-09-03 04:51:51,P-101,PUMP_FAILURE,CRITICAL,STOPPED,STATE,ACKNOWLEDGED,
2026-09-03 05:01:30,M-101,HIGH_CURRENT,HIGH,52,NUMERIC,CLEARED,
2026-09-03 05:04:59,LT-101,NORMAL,LOW,79.04,NUMERIC,CLEARED,
2026-09-03 05:08:40,PT-101,NORMAL,LOW,5.13,NUMERIC,CLEARED,
2026-09-03 05:17:30,FT-101,NORMAL,LOW,29.66,NUMERIC,CLEARED,
2026-09-03 05:21:53,PT-101,NORMAL,LOW,4.73,NUMERIC,CLEARED,
2026-09-03 05:33:43,FT-101,NORMAL,LOW,28.26,NUMERIC,CLEARED,
2026-09-03 05:41:01,PT-101,NORMAL,LOW,4.99,NUMERIC,CLEARED,
2026-09-03 05:47:00,TT-101,NORMAL,LOW,59.46,NUMERIC,CLEARED,
2026-09-03 05:51:25,TT-101,NORMAL,LOW,56.51,NUMERIC,CLEARED,
2026-09-03 06:05:25,FT-101,NORMAL,LOW,23.35,NUMERIC,CLEARED,
2026-09-03 06:06:35,LT-101,NORMAL,LOW,72.03,NUMERIC,CLEARED,
2026-09-03 06:14:55,V-101,NORMAL,LOW,47.55,NUMERIC,CLEARED,
2026-09-03 06:42:33,PT-101,NORMAL,LOW,5.39,NUMERIC,CLEARED,
2026-09-03 06:45:07,LT-101,NORMAL,LOW,58.72,NUMERIC,CLEARED,
2026-09-03 06:46:36,PT-101,NORMAL,LOW,6.92,NUMERIC,CLEARED,
2026-09-03 06:58:55,M-101,NORMAL,LOW,23.27,NUMERIC,CLEARED,
2026-09-03 06:58:58,M-101,NORMAL,LOW,27.98,NUMERIC,CLEARED,
2026-09-03 07:04:36,LT-101,HIGH_LEVEL,CRITICAL,95.06,NUMERIC,ACTIVE,
2026-09-03 07:06:07,PT-101,LOW_PRESSURE,MEDIUM,0.73,NUMERIC,CLEARED,
2026-09-03 07:06:20,PT-101,NORMAL,LOW,6.57,NUMERIC,CLEARED,
2026-09-03 07:08:56,LT-101,NORMAL,LOW,60.1,NUMERIC,CLEARED,
2026-09-03 07:10:47,LT-101,NORMAL,LOW,77.91,NUMERIC,CLEARED,
2026-09-03 07:11:01,FT-101,NORMAL,LOW,30.21,NUMERIC,CLEARED,
2026-09-03 07:31:27,TT-101,NORMAL,LOW,56.08,NUMERIC,CLEARED,
2026-09-03 07:37:10,FT-101,NORMAL,LOW,39.88,NUMERIC,CLEARED,
2026-09-03 07:38:23,LT-101,NORMAL,LOW,48.65,NUMERIC,CLEARED,
2026-09-03 07:38:31,FT-101,NORMAL,LOW,24.44,NUMERIC,CLEARED,
2026-09-03 07:40:02,LT-101,NORMAL,LOW,62.53,NUMERIC,CLEARED,
2026-09-03 08:02:16,FT-101,NORMAL,LOW,25.41,NUMERIC,CLEARED,
2026-09-03 08:14:51,FT-101,NORMAL,LOW,33.19,NUMERIC,CLEARED,
2026-09-03 08:32:32,PT-101,NORMAL,LOW,5.81,NUMERIC,CLEARED,
2026-09-03 08:34:58,LT-101,NORMAL,LOW,51.29,NUMERIC,CLEARED,
2026-09-03 08:42:43,LT-101,NORMAL,LOW,68.13,NUMERIC,CLEARED,
2026-09-03 08:44:37,TT-101,NORMAL,LOW,60.25,NUMERIC,CLEARED,
2026-09-03 08:52:45,FT-101,NORMAL,LOW,28.2,NUMERIC,CLEARED,
2026-09-03 08:59:12,M-101,NORMAL,LOW,7.08,NUMERIC,CLEARED,
2026-09-03 09:03:33,PT-101,NORMAL,LOW,4.03,NUMERIC,CLEARED,
2026-09-03 09:07:00,PT-101,NORMAL,LOW,,NULL,CLEARED,MISSING_VALUE
2026-09-03 09:09:52,LT-101,NORMAL,LOW,55.3,NUMERIC,CLEARED,
2026-09-03 09:12:26,TT-101,NORMAL,LOW,54.35,NUMERIC,CLEARED,
2026-09-03 09:15:57,PT-101,NORMAL,LOW,5.5,NUMERIC,CLEARED,
2026-09-03 09:26:09,FT-101,NORMAL,LOW,39.72,NUMERIC,CLEARED,
2026-09-03 09:27:20,FT-101,NORMAL,LOW,33.1,NUMERIC,CLEARED,
2026-09-03 09:27:27,TT-101,NORMAL,LOW,51.16,NUMERIC,CLEARED,
2026-09-03 09:31:08,FT-101,NORMAL,LOW,34.79,NUMERIC,CLEARED,
2026-09-03 09:45:52,FT-101,NORMAL,LOW,32.36,NUMERIC,CLEARED,
2026-09-03 09:52:12,LT-101,NORMAL,LOW,51.58,NUMERIC,CLEARED,
2026-09-03 10:00:32,V-101,NORMAL,LOW,46.31,NUMERIC,CLEARED,
2026-09-03 10:06:16,FT-101,NORMAL,LOW,22.18,NUMERIC,CLEARED,
2026-09-03 10:09:01,PT-101,NORMAL,LOW,6.02,NUMERIC,CLEARED,
2026-09-03 10:09:33,LT-101,NORMAL,LOW,48.61,NUMERIC,CLEARED,
2026-09-03 10:10:35,PT-101,LOW_PRESSURE,MEDIUM,2.36,NUMERIC,ACTIVE,
2026-09-03 10:19:48,V-101,NORMAL,LOW,69.53,NUMERIC,CLEARED,
2026-09-03 10:27:25,FT-101,HIGH_FLOW,HIGH,63.55,NUMERIC,ACTIVE,
2026-09-03 10:28:55,TT-101,NORMAL,LOW,64.97,NUMERIC,CLEARED,
2026-09-03 10:39:51,FT-101,NORMAL,LOW,26.02,NUMERIC,CLEARED,
2026-09-03 10:44:27,PT-101,NORMAL,LOW,6.35,NUMERIC,CLEARED,
2026-09-03 10:44:45,V-101,NORMAL,LOW,10.41,NUMERIC,CLEARED,
2026-09-03 10:48:21,TT-101,NORMAL,LOW,65.38,NUMERIC,CLEARED,
2026-09-03 10:54:43,LT-101,NORMAL,LOW,74.57,NUMERIC,CLEARED,
2026-09-03 10:57:33,LT-101,NORMAL,LOW,45.64,NUMERIC,CLEARED,
2026-09-03 11:06:01,TT-101,NORMAL,LOW,61.22,NUMERIC,CLEARED,
2026-09-03 11:09:21,M-101,NORMAL,LOW,30.1,NUMERIC,CLEARED,
2026-09-03 11:11:06,FT-101,NORMAL,LOW,29.77,NUMERIC,CLEARED,
2026-09-03 11:35:36,M-101,NORMAL,LOW,24.38,NUMERIC,CLEARED,
2026-09-03 11:37:37,V-101,NORMAL,LOW,9.66,NUMERIC,CLEARED,
2026-09-03 11:44:09,M-101,NORMAL,LOW,7.85,NUMERIC,CLEARED,
2026-09-03 11:46:51,V-101,NORMAL,LOW,14.46,NUMERIC,CLEARED,
2026-09-03 11:55:19,FT-101,NORMAL,LOW,37.57,NUMERIC,CLEARED,
2026-09-03 12:01:30,TT-101,NORMAL,LOW,71.2,NUMERIC,CLEARED,
2026-09-03 12:02:40,V-101,NORMAL,LOW,47.1,NUMERIC,CLEARED,
2026-09-03 12:04:29,PT-101,HIGH_PRESSURE,CRITICAL,9.87,NUMERIC,ACTIVE,
2026-09-03 12:10:58,PT-101,NORMAL,LOW,5.28,NUMERIC,CLEARED,
2026-09-03 12:20:07,V-101,NORMAL,LOW,44.88,NUMERIC,CLEARED,
2026-09-03 12:20:44,PT-101,NORMAL,LOW,4.63,NUMERIC,CLEARED,
2026-09-03 12:21:26,FT-101,NORMAL,LOW,35.11,NUMERIC,CLEARED,
2026-09-03 12:23:06,TT-101,NORMAL,LOW,51.5,NUMERIC,CLEARED,
2026-09-03 12:23:09,FT-101,NORMAL,LOW,21.94,NUMERIC,CLEARED,
2026-09-03 12:23:26,PT-101,NORMAL,LOW,4.99,NUMERIC,CLEARED,
2026-09-03 12:48:17,LT-101,NORMAL,LOW,52.93,NUMERIC,CLEARED,
2026-09-03 12:48:51,FT-101,NORMAL,LOW,26.76,NUMERIC,CLEARED,
2026-09-03 12:50:49,FT-101,NORMAL,LOW,21.09,NUMERIC,CLEARED,
2026-09-03 12:58:20,PT-101,NORMAL,LOW,5.85,NUMERIC,CLEARED,
2026-09-03 13:01:58,FT-101,NORMAL,LOW,29.1,NUMERIC,CLEARED,
2026-09-03 13:04:40,FT-101,NORMAL,LOW,20.34,NUMERIC,CLEARED,
2026-09-03 13:07:41,TT-101,NORMAL,LOW,64.77,NUMERIC,CLEARED,
2026-09-03 13:16:55,PT-101,LOW_PRESSURE,MEDIUM,0.86,NUMERIC,ACTIVE,
2026-09-03 13:27:40,LT-101,NORMAL,LOW,74.49,NUMERIC,CLEARED,
2026-09-03 13:35:51,TT-101,NORMAL,LOW,,NULL,CLEARED,MISSING_VALUE
2026-09-03 13:36:30,TT-101,NORMAL,LOW,58.62,NUMERIC,CLEARED,
2026-09-03 13:46:07,TT-101,NORMAL,LOW,63.27,NUMERIC,CLEARED,
2026-09-03 13:51:42,FT-101,NORMAL,LOW,22.04,NUMERIC,CLEARED,
2026-09-03 13:54:31,TT-101,NORMAL,LOW,70.95,NUMERIC,CLEARED,
2026-09-03 13:57:32,FT-101,NORMAL,LOW,38.31,NUMERIC,CLEARED,
2026-09-03 14:22:33,PT-101,NORMAL,LOW,4.48,NUMERIC,CLEARED,
2026-09-03 14:29:00,TT-101,NORMAL,LOW,52.87,NUMERIC,CLEARED,
2026-09-03 14:30:06,LT-101,NORMAL,LOW,68.32,NUMERIC,CLEARED,
2026-09-03 14:33:00,FT-101,NORMAL,LOW,26.94,NUMERIC,CLEARED,
2026-09-03 14:34:30,FT-101,NORMAL,LOW,21.66,NUMERIC,CLEARED,
2026-09-03 14:40:26,LT-101,NORMAL,LOW,49.8,NUMERIC,CLEARED,
2026-09-03 14:40:47,FT-101,NORMAL,LOW,21.93,NUMERIC,CLEARED,
2026-09-03 14:40:53,PT-101,NORMAL,LOW,4.32,NUMERIC,CLEARED,
2026-09-03 14:46:56,TT-101,NORMAL,LOW,56.38,NUMERIC,CLEARED,
2026-09-03 14:50:58,PT-101,NORMAL,LOW,4.23,NUMERIC,CLEARED,
2026-09-03 14:53:02,PT-101,NORMAL,LOW,5.09,NUMERIC,CLEARED,
2026-09-03 15:02:41,PT-101,NORMAL,LOW,6.03,NUMERIC,CLEARED,
2026-09-03 15:06:50,PT-101,NORMAL,LOW,5.4,NUMERIC,CLEARED,
2026-09-03 15:08:10,M-101,NORMAL,LOW,30.18,NUMERIC,CLEARED,
2026-09-03 15:08:19,TT-101,NORMAL,LOW,66.02,NUMERIC,CLEARED,
2026-09-03 15:11:24,FT-101,NORMAL,LOW,22.2,NUMERIC,CLEARED,
2026-09-03 15:14:06,P-101,PUMP_FAILURE,CRITICAL,STOPPED,STATE,ACTIVE,
2026-09-03 15:21:47,TT-101,HIGH_TEMPERATURE,HIGH,94.33,NUMERIC,CLEARED,
2026-09-03 15:32:02,V-101,NORMAL,LOW,45.36,NUMERIC,CLEARED,
2026-09-03 15:33:05,TT-101,NORMAL,LOW,53.83,NUMERIC,CLEARED,
2026-09-03 15:33:55,LT-101,LOW_LEVEL,HIGH,7.59,NUMERIC,CLEARED,
2026-09-03 15:34:39,FT-101,NORMAL,LOW,27.84,NUMERIC,CLEARED,
2026-09-03 15:34:45,LT-101,NORMAL,LOW,45.23,NUMERIC,CLEARED,
2026-09-03 15:36:16,P-102,PUMP_FAILURE,CRITICAL,STOPPED,STATE,CLEARED,
2026-09-03 15:36:54,TT-101,NORMAL,LOW,67.54,NUMERIC,CLEARED,
2026-09-03 15:39:57,LT-101,NORMAL,LOW,42.78,NUMERIC,CLEARED,
2026-09-03 15:40:47,PT-101,LOW_PRESSURE,MEDIUM,0.88,NUMERIC,ACKNOWLEDGED,
2026-09-03 15:41:52,LT-101,HIGH_LEVEL,CRITICAL,98.35,NUMERIC,CLEARED,
2026-09-03 15:44:30,FT-101,NORMAL,LOW,22.68,NUMERIC,CLEARED,
2026-09-03 16:27:28,TT-101,NORMAL,LOW,73.13,NUMERIC,CLEARED,
2026-09-03 16:29:34,FT-101,NORMAL,LOW,33.16,NUMERIC,CLEARED,
2026-09-03 16:34:20,V-101,NORMAL,LOW,77.08,NUMERIC,CLEARED,
2026-09-03 16:37:50,V-101,VALVE_FAILURE,HIGH,28.34,NUMERIC,CLEARED,
2026-09-03 16:42:10,V-101,NORMAL,LOW,28.3,NUMERIC,CLEARED,
2026-09-03 16:46:24,LT-101,NORMAL,LOW,76.65,NUMERIC,CLEARED,
2026-09-03 16:46:52,LT-101,NORMAL,LOW,62.99,NUMERIC,CLEARED,
2026-09-03 16:52:00,LT-101,NORMAL,LOW,65.27,NUMERIC,CLEARED,
2026-09-03 16:59:09,PT-101,LOW_PRESSURE,MEDIUM,0.69,NUMERIC,ACTIVE,
2026-09-03 17:08:17,FT-101,NORMAL,LOW,36.33,NUMERIC,CLEARED,
2026-09-03 17:08:31,FT-101,NORMAL,LOW,31.45,NUMERIC,CLEARED,
2026-09-03 17:21:41,TT-101,NORMAL,LOW,71.42,NUMERIC,CLEARED,
2026-09-03 17:22:41,M-101,NORMAL,LOW,2.08,NUMERIC,CLEARED,
2026-09-03 17:35:20,LT-101,NORMAL,LOW,58.97,NUMERIC,CLEARED,
2026-09-03 17:37:51,M-101,NORMAL,LOW,5.89,NUMERIC,CLEARED,
2026-09-03 17:38:50,LT-101,NORMAL,LOW,74.18,NUMERIC,CLEARED,
2026-09-03 17:44:36,PT-101,HIGH_PRESSURE,CRITICAL,9.03,NUMERIC,ACTIVE,
2026-09-03 17:45:34,V-101,NORMAL,LOW,61.48,NUMERIC,CLEARED,
2026-09-03 17:45:43,LT-101,NORMAL,LOW,61.59,NUMERIC,CLEARED,
2026-09-03 17:54:12,V-101,NORMAL,LOW,10.8,NUMERIC,CLEARED,
2026-09-03 18:03:58,TT-101,NORMAL,LOW,65.95,NUMERIC,CLEARED,
2026-09-03 18:04:32,FT-101,NORMAL,LOW,39.28,NUMERIC,CLEARED,
2026-09-03 18:16:12,TT-101,NORMAL,LOW,63.73,NUMERIC,CLEARED,
2026-09-03 18:16:27,M-101,NORMAL,LOW,25.19,NUMERIC,CLEARED,
2026-09-03 18:20:25,TT-101,NORMAL,LOW,50.14,NUMERIC,CLEARED,
2026-09-03 18:20:35,PT-101,NORMAL,LOW,5.34,NUMERIC,CLEARED,
2026-09-03 18:28:41,TT-101,NORMAL,LOW,65.48,NUMERIC,CLEARED,
2026-09-03 18:41:14,PT-101,NORMAL,LOW,6,NUMERIC,CLEARED,
2026-09-03 18:43:00,PT-101,NORMAL,LOW,4.97,NUMERIC,CLEARED,
2026-09-03 18:48:22,TT-101,NORMAL,LOW,55.36,NUMERIC,CLEARED,
2026-09-03 18:49:19,TT-101,NORMAL,LOW,71.26,NUMERIC,CLEARED,
2026-09-03 18:50:34,PT-101,NORMAL,LOW,6.85,NUMERIC,CLEARED,
2026-09-03 19:01:10,LT-101,NORMAL,LOW,41.5,NUMERIC,CLEARED,
2026-09-03 19:04:55,LT-101,NORMAL,LOW,45.74,NUMERIC,CLEARED,
2026-09-03 19:06:45,M-101,NORMAL,LOW,12.8,NUMERIC,CLEARED,
2026-09-03 19:08:27,LT-101,NORMAL,LOW,73.32,NUMERIC,CLEARED,
2026-09-03 19:17:33,PT-101,NORMAL,LOW,6.24,NUMERIC,CLEARED,
2026-09-03 19:22:21,TT-101,NORMAL,LOW,62.43,NUMERIC,CLEARED,
2026-09-03 19:24:56,TT-101,NORMAL,LOW,51.7,NUMERIC,CLEARED,
2026-09-03 19:26:30,PT-101,NORMAL,LOW,5.03,NUMERIC,CLEARED,
2026-09-03 19:29:04,PT-101,NORMAL,LOW,5.31,NUMERIC,CLEARED,
2026-09-03 19:29:15,LT-101,HIGH_LEVEL,CRITICAL,98.25,NUMERIC,ACTIVE,
2026-09-03 19:38:03,LT-101,NORMAL,LOW,55.75,NUMERIC,CLEARED,
2026-09-03 19:39:57,PT-101,NORMAL,LOW,5.48,NUMERIC,CLEARED,
2026-09-03 19:50:24,PT-101,NORMAL,LOW,6.32,NUMERIC,CLEARED,
2026-09-03 19:55:28,M-101,NORMAL,LOW,12.92,NUMERIC,CLEARED,
2026-09-03 19:58:47,LT-101,NORMAL,LOW,79.07,NUMERIC,CLEARED,
2026-09-03 20:03:12,V-101,NORMAL,LOW,28,NUMERIC,CLEARED,
2026-09-03 20:06:14,FT-101,NORMAL,LOW,21.06,NUMERIC,CLEARED,
2026-09-03 20:08:16,PT-101,NORMAL,LOW,4.65,NUMERIC,CLEARED,
2026-09-03 20:25:40,V-101,NORMAL,LOW,64.18,NUMERIC,CLEARED,
2026-09-03 20:29:52,PT-101,NORMAL,LOW,4,NUMERIC,CLEARED,
2026-09-03 20:38:55,M-101,HIGH_CURRENT,HIGH,54.13,NUMERIC,ACTIVE,
2026-09-03 20:54:37,LT-101,NORMAL,LOW,79.28,NUMERIC,CLEARED,
2026-09-03 20:55:33,V-101,VALVE_FAILURE,HIGH,4.73,NUMERIC,CLEARED,
2026-09-03 21:00:47,TT-101,NORMAL,LOW,69.16,NUMERIC,CLEARED,
2026-09-03 21:04:28,FT-101,NORMAL,LOW,24.43,NUMERIC,CLEARED,
2026-09-03 21:10:55,V-101,NORMAL,LOW,34.41,NUMERIC,CLEARED,
2026-09-03 21:16:18,TT-101,NORMAL,LOW,47.34,NUMERIC,CLEARED,
2026-09-03 21:24:15,LT-101,NORMAL,LOW,54.22,NUMERIC,CLEARED,
2026-09-03 21:25:12,LT-101,HIGH_LEVEL,CRITICAL,92.96,NUMERIC,ACTIVE,
2026-09-03 21:30:53,FT-101,NORMAL,LOW,26.47,NUMERIC,CLEARED,
2026-09-03 21:31:26,PT-101,NORMAL,LOW,4.79,NUMERIC,CLEARED,
2026-09-03 21:34:44,FT-101,NORMAL,LOW,39.3,NUMERIC,CLEARED,
2026-09-03 21:39:21,FT-101,NORMAL,LOW,29.62,NUMERIC,CLEARED,
2026-09-03 21:45:30,PT-101,NORMAL,LOW,6.16,NUMERIC,CLEARED,
2026-09-03 21:55:18,LT-101,NORMAL,LOW,75.99,NUMERIC,CLEARED,
2026-09-03 21:57:57,PT-101,NORMAL,LOW,5.02,NUMERIC,CLEARED,
2026-09-03 22:04:15,FT-101,LOW_FLOW,MEDIUM,6.27,NUMERIC,ACKNOWLEDGED,
2026-09-03 22:24:09,FT-101,NORMAL,LOW,35.43,NUMERIC,CLEARED,
2026-09-03 22:39:38,LT-101,NORMAL,LOW,71.17,NUMERIC,CLEARED,
2026-09-03 22:59:51,M-101,NORMAL,LOW,30.77,NUMERIC,CLEARED,
2026-09-03 23:03:04,PT-101,NORMAL,LOW,4.68,NUMERIC,CLEARED,
2026-09-03 23:10:25,V-101,NORMAL,LOW,47.83,NUMERIC,CLEARED,
2026-09-03 23:15:45,LT-101,NORMAL,LOW,63.95,NUMERIC,CLEARED,
2026-09-03 23:20:17,TT-101,NORMAL,LOW,64.14,NUMERIC,CLEARED,
2026-09-03 23:27:20,FT-101,NORMAL,LOW,34.44,NUMERIC,CLEARED,
2026-09-03 23:34:28,PT-101,NORMAL,LOW,4.87,NUMERIC,CLEARED,
2026-09-03 23:38:00,FT-101,HIGH_FLOW,HIGH,,NULL,ACTIVE,MISSING_VALUE
2026-09-03 23:45:21,FT-101,NORMAL,LOW,29.26,NUMERIC,CLEARED,
2026-09-03 23:57:15,PT-101,NORMAL,LOW,5.51,NUMERIC,CLEARED,
2026-09-04 00:04:42,PT-101,NORMAL,LOW,5.27,NUMERIC,CLEARED,
2026-09-04 00:05:17,TT-101,NORMAL,LOW,49.53,NUMERIC,CLEARED,
2026-09-04 00:09:43,FT-101,NORMAL,LOW,39.38,NUMERIC,CLEARED,
2026-09-04 00:21:16,LT-101,NORMAL,LOW,76.86,NUMERIC,CLEARED,
2026-09-04 00:24:37,PT-101,NORMAL,LOW,5.2,NUMERIC,CLEARED,
2026-09-04 00:37:04,TT-101,NORMAL,LOW,72.37,NUMERIC,CLEARED,
2026-09-04 01:05:28,TT-101,NORMAL,LOW,69.89,NUMERIC,CLEARED,
2026-09-04 01:08:50,FT-101,LOW_FLOW,MEDIUM,7.71,NUMERIC,ACTIVE,
2026-09-04 01:09:39,TT-101,NORMAL,LOW,66.15,NUMERIC,CLEARED,
2026-09-04 01:12:35,V-101,NORMAL,LOW,42.01,NUMERIC,CLEARED,
2026-09-04 01:16:10,PT-101,NORMAL,LOW,5.06,NUMERIC,CLEARED,
2026-09-04 01:19:03,PT-101,NORMAL,LOW,6.99,NUMERIC,CLEARED,
2026-09-04 01:24:44,M-101,NORMAL,LOW,1.54,NUMERIC,CLEARED,
2026-09-04 01:36:34,TT-101,NORMAL,LOW,57.49,NUMERIC,CLEARED,
2026-09-04 01:42:54,TT-101,NORMAL,LOW,52.48,NUMERIC,CLEARED,
2026-09-04 01:45:50,LT-101,NORMAL,LOW,40.85,NUMERIC,CLEARED,
2026-09-04 01:47:08,PT-101,NORMAL,LOW,5.07,NUMERIC,CLEARED,
2026-09-04 01:49:49,TT-101,NORMAL,LOW,53.31,NUMERIC,CLEARED,
2026-09-04 01:52:40,FT-101,NORMAL,LOW,32.46,NUMERIC,CLEARED,
2026-09-04 01:59:37,FT-101,LOW_FLOW,MEDIUM,9.85,NUMERIC,ACKNOWLEDGED,
2026-09-04 01:59:42,FT-101,NORMAL,LOW,26.32,NUMERIC,CLEARED,
2026-09-04 02:02:10,M-101,NORMAL,LOW,11.71,NUMERIC,CLEARED,
2026-09-04 02:29:09,M-101,HIGH_CURRENT,HIGH,58.74,NUMERIC,ACTIVE,
2026-09-04 02:36:57,TT-101,NORMAL,LOW,54.42,NUMERIC,CLEARED,
2026-09-04 02:40:05,FT-101,NORMAL,LOW,27.63,NUMERIC,CLEARED,
2026-09-04 02:41:11,PT-101,NORMAL,LOW,6.51,NUMERIC,CLEARED,
2026-09-04 02:50:03,PT-101,NORMAL,LOW,4.57,NUMERIC,CLEARED,
2026-09-04 03:08:52,LT-101,LOW_LEVEL,HIGH,5.87,NUMERIC,ACTIVE,
2026-09-04 03:09:19,FT-101,NORMAL,LOW,24.16,NUMERIC,CLEARED,
2026-09-04 03:26:32,PT-101,NORMAL,LOW,6.01,NUMERIC,CLEARED,
2026-09-04 03:28:54,FT-101,NORMAL,LOW,26.43,NUMERIC,CLEARED,
2026-09-04 03:32:38,LT-101,NORMAL,LOW,62.58,NUMERIC,CLEARED,
2026-09-04 03:42:16,PT-101,NORMAL,LOW,5.21,NUMERIC,CLEARED,
2026-09-04 03:47:16,FT-101,NORMAL,LOW,31.76,NUMERIC,CLEARED,
2026-09-04 03:52:31,LT-101,NORMAL,LOW,42.32,NUMERIC,CLEARED,
2026-09-04 03:54:51,PT-101,NORMAL,LOW,4.46,NUMERIC,CLEARED,
2026-09-04 03:55:30,PT-101,NORMAL,LOW,6.07,NUMERIC,CLEARED,
2026-09-04 04:05:06,M-101,NORMAL,LOW,13.91,NUMERIC,CLEARED,
2026-09-04 04:10:13,M-101,HIGH_CURRENT,HIGH,59.95,NUMERIC,CLEARED,
2026-09-04 04:15:51,TT-101,NORMAL,LOW,61.59,NUMERIC,CLEARED,
2026-09-04 04:16:14,P-102,PUMP_FAILURE,CRITICAL,STOPPED,STATE,CLEARED,
2026-09-04 04:18:47,FT-101,NORMAL,LOW,38.21,NUMERIC,CLEARED,
2026-09-04 04:24:37,TT-101,HIGH_TEMPERATURE,HIGH,89.46,NUMERIC,ACTIVE,
2026-09-04 04:25:04,FT-101,NORMAL,LOW,37.97,NUMERIC,CLEARED,
2026-09-04 04:26:05,PT-101,NORMAL,LOW,6.17,NUMERIC,CLEARED,
2026-09-04 04:27:42,P-102,PUMP_FAILURE,CRITICAL,STOPPED,STATE,CLEARED,
2026-09-04 04:30:46,PT-101,NORMAL,LOW,5.95,NUMERIC,CLEARED,
2026-09-04 04:30:52,FT-101,NORMAL,LOW,23.2,NUMERIC,CLEARED,
2026-09-04 04:32:51,LT-101,NORMAL,LOW,59.82,NUMERIC,CLEARED,
2026-09-04 04:34:33,P-101,COMMUNICATION_LOST,MEDIUM,,NULL,ACKNOWLEDGED,MISSING_VALUE
2026-09-04 04:38:01,M-101,NORMAL,LOW,0.4,NUMERIC,CLEARED,
2026-09-04 04:50:42,LT-101,NORMAL,LOW,78.18,NUMERIC,CLEARED,
2026-09-04 04:56:27,V-101,NORMAL,LOW,74.78,NUMERIC,CLEARED,
2026-09-04 05:01:46,FT-101,NORMAL,LOW,33.62,NUMERIC,CLEARED,
2026-09-04 05:01:49,PT-101,NORMAL,LOW,6.96,NUMERIC,CLEARED,
2026-09-04 05:03:09,PT-101,NORMAL,LOW,5.57,NUMERIC,CLEARED,
2026-09-04 05:14:03,LT-101,NORMAL,LOW,66.5,NUMERIC,CLEARED,
2026-09-04 05:17:12,PT-101,NORMAL,LOW,5.69,NUMERIC,CLEARED,
2026-09-04 05:21:18,LT-101,NORMAL,LOW,57.56,NUMERIC,CLEARED,
2026-09-04 05:25:59,LT-101,NORMAL,LOW,44.37,NUMERIC,CLEARED,
2026-09-04 05:28:42,LT-101,NORMAL,LOW,71.65,NUMERIC,CLEARED,
2026-09-04 05:31:39,M-101,HIGH_CURRENT,HIGH,48.43,NUMERIC,ACKNOWLEDGED,
2026-09-04 05:40:45,PT-101,NORMAL,LOW,4.75,NUMERIC,CLEARED,
2026-09-04 05:42:03,LT-101,NORMAL,LOW,44.53,NUMERIC,CLEARED,
2026-09-04 05:50:38,FT-101,NORMAL,LOW,33.68,NUMERIC,CLEARED,
2026-09-04 05:52:14,P-101,COMMUNICATION_LOST,MEDIUM,,NULL,CLEARED,MISSING_VALUE
2026-09-04 05:56:41,TT-101,NORMAL,LOW,68.2,NUMERIC,CLEARED,
2026-09-04 06:07:45,PT-101,NORMAL,LOW,5.37,NUMERIC,CLEARED,
2026-09-04 06:13:04,M-101,NORMAL,LOW,32.12,NUMERIC,CLEARED,
2026-09-04 06:22:37,PT-101,NORMAL,LOW,5.63,NUMERIC,CLEARED,
2026-09-04 06:23:58,M-101,NORMAL,LOW,8.42,NUMERIC,CLEARED,
2026-09-04 06:24:06,TT-101,NORMAL,LOW,50.23,NUMERIC,CLEARED,
2026-09-04 06:25:20,FT-101,NORMAL,LOW,37.89,NUMERIC,CLEARED,
2026-09-04 06:31:37,LT-101,NORMAL,LOW,42.35,NUMERIC,CLEARED,
2026-09-04 06:32:00,V-101,NORMAL,LOW,90.84,NUMERIC,CLEARED,
2026-09-04 06:53:57,TT-101,NORMAL,LOW,62.32,NUMERIC,CLEARED,
2026-09-04 06:56:53,TT-101,NORMAL,LOW,74.34,NUMERIC,CLEARED,
2026-09-04 06:57:02,FT-101,NORMAL,LOW,27.17,NUMERIC,CLEARED,
2026-09-04 06:59:31,PT-101,HIGH_PRESSURE,CRITICAL,8.53,NUMERIC,ACKNOWLEDGED,
2026-09-04 07:13:07,LT-101,NORMAL,LOW,74.45,NUMERIC,CLEARED,
2026-09-04 07:13:33,TT-101,NORMAL,LOW,63.14,NUMERIC,CLEARED,
2026-09-04 07:24:51,PT-101,NORMAL,LOW,4.89,NUMERIC,CLEARED,
2026-09-04 07:29:31,LT-101,NORMAL,LOW,42.11,NUMERIC,CLEARED,
2026-09-04 07:30:54,PT-101,NORMAL,LOW,5.99,NUMERIC,CLEARED,
2026-09-04 07:35:10,PT-101,NORMAL,LOW,4.79,NUMERIC,CLEARED,
2026-09-04 07:41:41,LT-101,NORMAL,LOW,72.31,NUMERIC,CLEARED,
2026-09-04 07:43:58,LT-101,NORMAL,LOW,63.28,NUMERIC,CLEARED,
2026-09-04 07:45:58,FT-101,NORMAL,LOW,23.76,NUMERIC,CLEARED,
2026-09-04 07:48:14,LT-101,NORMAL,LOW,53.53,NUMERIC,CLEARED,
2026-09-04 08:03:15,LT-101,NORMAL,LOW,52.1,NUMERIC,CLEARED,
2026-09-04 08:11:08,FT-101,NORMAL,LOW,20.69,NUMERIC,CLEARED,
2026-09-04 08:21:31,LT-101,NORMAL,LOW,69.46,NUMERIC,CLEARED,
2026-09-04 08:21:38,PT-101,NORMAL,LOW,4.42,NUMERIC,CLEARED,
2026-09-04 08:32:17,PT-101,NORMAL,LOW,6.67,NUMERIC,CLEARED,
2026-09-04 08:33:58,LT-101,NORMAL,LOW,62.32,NUMERIC,CLEARED,
2026-09-04 08:38:18,FT-101,NORMAL,LOW,34.64,NUMERIC,CLEARED,
2026-09-04 08:55:11,LT-101,NORMAL,LOW,64.31,NUMERIC,CLEARED,
2026-09-04 08:55:42,TT-101,HIGH_TEMPERATURE,HIGH,101.39,NUMERIC,CLEARED,
2026-09-04 08:59:41,FT-101,NORMAL,LOW,26.26,NUMERIC,CLEARED,
2026-09-04 09:13:33,TT-101,NORMAL,LOW,50.18,NUMERIC,CLEARED,
2026-09-04 09:16:03,TT-101,HIGH_TEMPERATURE,HIGH,88.83,NUMERIC,ACTIVE,
2026-09-04 09:20:04,FT-101,NORMAL,LOW,22.73,NUMERIC,CLEARED,
2026-09-04 09:21:40,V-101,NORMAL,LOW,67.87,NUMERIC,CLEARED,
2026-09-04 09:28:49,TT-101,NORMAL,LOW,61.02,NUMERIC,CLEARED,
2026-09-04 09:32:18,PT-101,NORMAL,LOW,6.61,NUMERIC,CLEARED,
2026-09-04 09:35:17,PT-101,NORMAL,LOW,5.04,NUMERIC,CLEARED,
2026-09-04 09:39:24,TT-101,NORMAL,LOW,46.35,NUMERIC,CLEARED,
2026-09-04 09:40:19,FT-101,LOW_FLOW,MEDIUM,4.88,NUMERIC,CLEARED,
2026-09-04 09:49:49,LT-101,NORMAL,LOW,61.13,NUMERIC,CLEARED,
2026-09-04 09:59:24,LT-101,NORMAL,LOW,75.64,NUMERIC,CLEARED,
2026-09-04 10:01:30,LT-101,NORMAL,LOW,58.17,NUMERIC,CLEARED,
2026-09-04 10:12:01,TT-101,NORMAL,LOW,50.35,NUMERIC,CLEARED,
2026-09-04 10:15:26,TT-101,NORMAL,LOW,53.91,NUMERIC,CLEARED,
2026-09-04 10:15:58,TT-101,NORMAL,LOW,72.8,NUMERIC,CLEARED,
2026-09-04 10:19:09,TT-101,HIGH_TEMPERATURE,HIGH,100.09,NUMERIC,ACTIVE,
2026-09-04 10:21:46,PT-101,NORMAL,LOW,5.24,NUMERIC,CLEARED,
2026-09-04 10:22:11,PT-101,NORMAL,LOW,5.9,NUMERIC,CLEARED,
2026-09-04 10:23:54,TT-101,NORMAL,LOW,51.4,NUMERIC,CLEARED,
2026-09-04 10:30:41,LT-101,NORMAL,LOW,54.88,NUMERIC,CLEARED,
2026-09-04 10:31:15,M-101,NORMAL,LOW,4.63,NUMERIC,CLEARED,
2026-09-04 10:37:09,LT-101,NORMAL,LOW,52.45,NUMERIC,CLEARED,
2026-09-04 10:37:33,FT-101,NORMAL,LOW,37.17,NUMERIC,CLEARED,
2026-09-04 10:56:14,PT-101,NORMAL,LOW,6.05,NUMERIC,CLEARED,
2026-09-04 10:57:17,M-101,NORMAL,LOW,24.05,NUMERIC,CLEARED,
2026-09-04 11:02:00,TT-101,NORMAL,LOW,56.05,NUMERIC,CLEARED,
2026-09-04 11:06:44,V-101,NORMAL,LOW,28.58,NUMERIC,CLEARED,
2026-09-04 11:11:23,PT-101,NORMAL,LOW,6.11,NUMERIC,CLEARED,
2026-09-04 11:33:45,FT-101,NORMAL,LOW,22.14,NUMERIC,CLEARED,
2026-09-04 11:40:18,LT-101,HIGH_LEVEL,CRITICAL,94.57,NUMERIC,ACKNOWLEDGED,
2026-09-04 12:00:17,FT-101,NORMAL,LOW,36.17,NUMERIC,CLEARED,
2026-09-04 12:20:08,TT-101,NORMAL,LOW,48.19,NUMERIC,CLEARED,
2026-09-04 12:31:07,TT-101,NORMAL,LOW,67.56,NUMERIC,CLEARED,
2026-09-04 12:45:27,FT-101,NORMAL,LOW,37.57,NUMERIC,CLEARED,
2026-09-04 12:54:47,LT-101,NORMAL,LOW,41.5,NUMERIC,CLEARED,
2026-09-04 13:02:29,FT-101,NORMAL,LOW,29.42,NUMERIC,CLEARED,
2026-09-04 13:06:52,LT-101,NORMAL,LOW,42.04,NUMERIC,CLEARED,
2026-09-04 13:13:31,FT-101,NORMAL,LOW,37.47,NUMERIC,CLEARED,
2026-09-04 13:16:46,TT-101,NORMAL,LOW,49.56,NUMERIC,CLEARED,
2026-09-04 13:18:48,TT-101,NORMAL,LOW,64.16,NUMERIC,CLEARED,
2026-09-04 13:19:26,M-101,NORMAL,LOW,0.57,NUMERIC,CLEARED,
2026-09-04 13:33:16,M-101,NORMAL,LOW,29.06,NUMERIC,CLEARED,
2026-09-04 13:47:38,M-101,NORMAL,LOW,6.13,NUMERIC,CLEARED,
2026-09-04 13:51:08,M-101,NORMAL,LOW,19.16,NUMERIC,CLEARED,
2026-09-04 14:01:32,TT-101,NORMAL,LOW,56.94,NUMERIC,CLEARED,
2026-09-04 14:03:19,PT-101,NORMAL,LOW,5.64,NUMERIC,CLEARED,
2026-09-04 14:04:59,V-101,NORMAL,LOW,38.24,NUMERIC,CLEARED,
2026-09-04 14:08:21,V-101,NORMAL,LOW,66.96,NUMERIC,CLEARED,
2026-09-04 14:10:01,LT-101,NORMAL,LOW,55.53,NUMERIC,CLEARED,
2026-09-04 14:11:29,FT-101,NORMAL,LOW,32.18,NUMERIC,CLEARED,
2026-09-04 14:14:53,LT-101,NORMAL,LOW,72.52,NUMERIC,CLEARED,
2026-09-04 14:16:36,V-101,NORMAL,LOW,12.26,NUMERIC,CLEARED,
2026-09-04 14:18:43,PT-101,NORMAL,LOW,5.2,NUMERIC,CLEARED,
2026-09-04 14:36:27,PT-101,NORMAL,LOW,4.65,NUMERIC,CLEARED,
2026-09-04 14:46:58,PT-101,NORMAL,LOW,5.1,NUMERIC,CLEARED,
2026-09-04 14:47:59,TT-101,NORMAL,LOW,49.97,NUMERIC,CLEARED,
2026-09-04 14:53:55,TT-101,HIGH_TEMPERATURE,HIGH,95.04,NUMERIC,ACTIVE,
2026-09-04 15:11:27,M-101,NORMAL,LOW,16.87,NUMERIC,CLEARED,
2026-09-04 15:19:18,V-101,NORMAL,LOW,2.7,NUMERIC,CLEARED,
2026-09-04 15:21:52,PT-101,NORMAL,LOW,5.54,NUMERIC,CLEARED,
2026-09-04 15:23:38,PT-101,NORMAL,LOW,6.38,NUMERIC,CLEARED,
2026-09-04 15:26:30,LT-101,NORMAL,LOW,69.58,NUMERIC,CLEARED,
2026-09-04 15:28:40,FT-101,NORMAL,LOW,38.17,NUMERIC,CLEARED,
2026-09-04 15:28:54,PT-101,NORMAL,LOW,6.88,NUMERIC,CLEARED,
2026-09-04 15:34:07,TT-101,HIGH_TEMPERATURE,HIGH,99.97,NUMERIC,ACKNOWLEDGED,
2026-09-04 15:40:46,FT-101,NORMAL,LOW,34.77,NUMERIC,CLEARED,
2026-09-04 15:42:41,M-101,NORMAL,LOW,19.28,NUMERIC,CLEARED,
2026-09-04 15:44:15,LT-101,NORMAL,LOW,56.66,NUMERIC,CLEARED,
2026-09-04 15:45:19,PT-101,NORMAL,LOW,5.49,NUMERIC,CLEARED,
2026-09-04 15:47:34,LT-101,NORMAL,LOW,64.1,NUMERIC,CLEARED,
2026-09-04 15:53:05,PT-101,NORMAL,LOW,4.66,NUMERIC,CLEARED,
2026-09-04 15:55:11,FT-101,NORMAL,LOW,35.1,NUMERIC,CLEARED,
2026-09-04 15:58:57,FT-101,NORMAL,LOW,31.34,NUMERIC,CLEARED,
2026-09-04 16:17:23,FT-101,NORMAL,LOW,22.48,NUMERIC,CLEARED,
2026-09-04 16:24:59,PT-101,NORMAL,LOW,4.7,NUMERIC,CLEARED,
2026-09-04 16:28:15,FT-101,NORMAL,LOW,32.37,NUMERIC,CLEARED,
2026-09-04 16:31:07,FT-101,NORMAL,LOW,33.55,NUMERIC,CLEARED,
2026-09-04 16:33:51,LT-101,NORMAL,LOW,52.77,NUMERIC,CLEARED,
2026-09-04 16:34:03,M-101,NORMAL,LOW,15.3,NUMERIC,CLEARED,
2026-09-04 16:34:32,PT-101,NORMAL,LOW,4.06,NUMERIC,CLEARED,
2026-09-04 16:34:38,FT-101,NORMAL,LOW,26.77,NUMERIC,CLEARED,
2026-09-04 16:34:47,LT-101,NORMAL,LOW,72.84,NUMERIC,CLEARED,
2026-09-04 16:40:10,TT-101,NORMAL,LOW,46.43,NUMERIC,CLEARED,
2026-09-04 16:53:32,M-101,NORMAL,LOW,5.03,NUMERIC,CLEARED,
2026-09-04 16:54:23,FT-101,NORMAL,LOW,35.39,NUMERIC,CLEARED,
2026-09-04 17:00:25,V-101,NORMAL,LOW,67.68,NUMERIC,CLEARED,
2026-09-04 17:04:42,V-101,NORMAL,LOW,48.04,NUMERIC,CLEARED,
2026-09-04 17:07:35,V-101,NORMAL,LOW,10.51,NUMERIC,CLEARED,
2026-09-04 17:10:00,FT-101,NORMAL,LOW,20.95,NUMERIC,CLEARED,
2026-09-04 17:14:59,FT-101,NORMAL,LOW,30.44,NUMERIC,CLEARED,
2026-09-04 17:28:58,LT-101,NORMAL,LOW,66.3,NUMERIC,CLEARED,
2026-09-04 17:32:50,V-101,NORMAL,LOW,40.56,NUMERIC,CLEARED,
2026-09-04 17:34:40,P-101,PUMP_FAILURE,CRITICAL,STOPPED,STATE,ACTIVE,
2026-09-04 17:34:54,TT-101,NORMAL,LOW,71.97,NUMERIC,CLEARED,
2026-09-04 17:41:05,PT-101,NORMAL,LOW,6.92,NUMERIC,CLEARED,
2026-09-04 17:45:08,TT-101,NORMAL,LOW,46.48,NUMERIC,CLEARED,
2026-09-04 17:45:31,V-101,NORMAL,LOW,54.04,NUMERIC,CLEARED,
2026-09-04 18:09:21,LT-101,NORMAL,LOW,47.23,NUMERIC,CLEARED,
2026-09-04 18:14:51,LT-101,NORMAL,LOW,68.15,NUMERIC,CLEARED,
2026-09-04 18:19:21,LT-101,LOW_LEVEL,HIGH,5.39,NUMERIC,ACKNOWLEDGED,
2026-09-04 18:19:30,FT-101,NORMAL,LOW,20.18,NUMERIC,CLEARED,
2026-09-04 18:22:06,PT-101,LOW_PRESSURE,MEDIUM,0.9,NUMERIC,ACKNOWLEDGED,
2026-09-04 18:23:36,TT-101,NORMAL,LOW,56.73,NUMERIC,CLEARED,
2026-09-04 18:25:46,M-101,NORMAL,LOW,27.95,NUMERIC,CLEARED,
2026-09-04 18:26:19,TT-101,NORMAL,LOW,52.45,NUMERIC,CLEARED,
2026-09-04 18:34:15,LT-101,NORMAL,LOW,60.83,NUMERIC,CLEARED,
2026-09-04 18:37:46,V-101,NORMAL,LOW,59.22,NUMERIC,CLEARED,
2026-09-04 18:44:42,TT-101,NORMAL,LOW,54.6,NUMERIC,CLEARED,
2026-09-04 18:47:33,LT-101,NORMAL,LOW,53.35,NUMERIC,CLEARED,
2026-09-04 18:53:45,TT-101,NORMAL,LOW,70.68,NUMERIC,CLEARED,
2026-09-04 18:58:19,FT-101,NORMAL,LOW,32.61,NUMERIC,CLEARED,
2026-09-04 18:59:52,V-101,NORMAL,LOW,23.93,NUMERIC,CLEARED,
2026-09-04 19:03:42,LT-101,NORMAL,LOW,60.51,NUMERIC,CLEARED,
2026-09-04 19:08:00,V-101,NORMAL,LOW,21.11,NUMERIC,CLEARED,
2026-09-04 19:08:59,M-101,NORMAL,LOW,16.27,NUMERIC,CLEARED,
2026-09-04 19:19:35,LT-101,LOW_LEVEL,HIGH,5.33,NUMERIC,ACTIVE,
2026-09-04 19:21:12,PT-101,NORMAL,LOW,5.86,NUMERIC,CLEARED,
2026-09-04 19:22:04,TT-101,NORMAL,LOW,73.52,NUMERIC,CLEARED,
2026-09-04 19:22:29,FT-101,NORMAL,LOW,34.79,NUMERIC,CLEARED,
2026-09-04 19:23:14,LT-101,LOW_LEVEL,HIGH,18.18,NUMERIC,CLEARED,
2026-09-04 19:23:42,FT-101,NORMAL,LOW,23,NUMERIC,CLEARED,
2026-09-04 19:28:14,FT-101,NORMAL,LOW,20.9,NUMERIC,CLEARED,
2026-09-04 19:29:58,TT-101,HIGH_TEMPERATURE,HIGH,93.43,NUMERIC,ACTIVE,
2026-09-04 19:34:09,TT-101,HIGH_TEMPERATURE,HIGH,103.16,NUMERIC,CLEARED,
2026-09-04 19:39:23,FT-101,NORMAL,LOW,26.61,NUMERIC,CLEARED,
2026-09-04 19:46:03,FT-101,NORMAL,LOW,27.64,NUMERIC,CLEARED,
2026-09-04 19:49:23,P-102,PUMP_FAILURE,CRITICAL,STOPPED,STATE,ACTIVE,
2026-09-04 19:51:46,LT-101,NORMAL,LOW,65.39,NUMERIC,CLEARED,
2026-09-04 19:53:07,PT-101,NORMAL,LOW,6.75,NUMERIC,CLEARED,
2026-09-04 20:02:01,V-101,NORMAL,LOW,36.52,NUMERIC,CLEARED,
2026-09-04 20:10:52,LT-101,HIGH_LEVEL,CRITICAL,96.93,NUMERIC,ACKNOWLEDGED,
2026-09-04 20:13:00,FT-101,NORMAL,LOW,34.85,NUMERIC,CLEARED,
2026-09-04 20:13:02,V-101,NORMAL,LOW,46.72,NUMERIC,CLEARED,
2026-09-04 20:13:37,TT-101,NORMAL,LOW,52.68,NUMERIC,CLEARED,
2026-09-04 20:14:13,FT-101,NORMAL,LOW,33.59,NUMERIC,CLEARED,
2026-09-04 20:15:18,FT-101,NORMAL,LOW,29.36,NUMERIC,CLEARED,
2026-09-04 20:25:58,V-101,NORMAL,LOW,18.65,NUMERIC,CLEARED,
2026-09-04 20:40:54,TT-101,NORMAL,LOW,61.6,NUMERIC,CLEARED,
2026-09-04 20:46:37,PT-101,NORMAL,LOW,4.12,NUMERIC,CLEARED,
2026-09-04 20:47:20,FT-101,NORMAL,LOW,28.94,NUMERIC,CLEARED,
2026-09-04 20:57:51,LT-101,NORMAL,LOW,70.92,NUMERIC,CLEARED,
2026-09-04 20:59:50,LT-101,NORMAL,LOW,,NULL,CLEARED,MISSING_VALUE
2026-09-04 21:09:02,TT-101,NORMAL,LOW,62.18,NUMERIC,CLEARED,
2026-09-04 21:13:02,LT-101,NORMAL,LOW,70.38,NUMERIC,CLEARED,
2026-09-04 21:14:25,PT-101,NORMAL,LOW,6.53,NUMERIC,CLEARED,
2026-09-04 21:25:07,FT-101,NORMAL,LOW,39.16,NUMERIC,CLEARED,
2026-09-04 21:30:40,TT-101,NORMAL,LOW,64.82,NUMERIC,CLEARED,
2026-09-04 21:31:53,PT-101,NORMAL,LOW,5.6,NUMERIC,CLEARED,
2026-09-04 21:47:28,FT-101,NORMAL,LOW,35.41,NUMERIC,CLEARED,
2026-09-04 21:53:53,LT-101,NORMAL,LOW,69.57,NUMERIC,CLEARED,
2026-09-04 22:03:19,V-101,NORMAL,LOW,8.25,NUMERIC,CLEARED,
2026-09-04 22:07:39,LT-101,NORMAL,LOW,57.74,NUMERIC,CLEARED,
2026-09-04 22:09:03,FT-101,NORMAL,LOW,34.92,NUMERIC,CLEARED,
2026-09-04 22:09:50,PT-101,NORMAL,LOW,5.81,NUMERIC,CLEARED,
2026-09-04 22:17:12,TT-101,NORMAL,LOW,60.87,NUMERIC,CLEARED,
2026-09-04 22:20:34,PT-101,NORMAL,LOW,6.55,NUMERIC,CLEARED,
2026-09-04 22:33:01,FT-101,LOW_FLOW,MEDIUM,4.97,NUMERIC,ACTIVE,
2026-09-04 22:33:11,LT-101,NORMAL,LOW,76.72,NUMERIC,CLEARED,
2026-09-04 22:37:53,V-101,NORMAL,LOW,86.38,NUMERIC,CLEARED,
2026-09-04 22:47:17,LT-101,NORMAL,LOW,54.38,NUMERIC,CLEARED,
2026-09-04 22:49:06,PT-101,NORMAL,LOW,4.22,NUMERIC,CLEARED,
2026-09-04 22:52:42,TT-101,HIGH_TEMPERATURE,HIGH,99.27,NUMERIC,ACTIVE,
2026-09-04 23:04:38,PT-101,NORMAL,LOW,5.16,NUMERIC,CLEARED,
2026-09-04 23:16:06,FT-101,NORMAL,LOW,25.1,NUMERIC,CLEARED,
2026-09-04 23:17:58,FT-101,NORMAL,LOW,26.78,NUMERIC,CLEARED,
2026-09-04 23:32:54,TT-101,NORMAL,LOW,72.68,NUMERIC,CLEARED,
2026-09-04 23:38:16,PT-101,NORMAL,LOW,5.07,NUMERIC,CLEARED,
2026-09-04 23:46:13,FT-101,NORMAL,LOW,26,NUMERIC,CLEARED,
2026-09-04 23:49:32,PT-101,NORMAL,LOW,6.17,NUMERIC,CLEARED,
2026-09-05 00:01:36,V-101,NORMAL,LOW,36.04,NUMERIC,CLEARED,
2026-09-05 00:11:50,TT-101,NORMAL,LOW,51.67,NUMERIC,CLEARED,
2026-09-05 00:16:59,PT-101,NORMAL,LOW,4.32,NUMERIC,CLEARED,
2026-09-05 00:20:39,LT-101,NORMAL,LOW,40.03,NUMERIC,CLEARED,
2026-09-05 00:44:46,M-101,NORMAL,LOW,24.86,NUMERIC,CLEARED,
2026-09-05 01:00:51,LT-101,NORMAL,LOW,51.13,NUMERIC,CLEARED,
2026-09-05 01:07:17,TT-101,NORMAL,LOW,59.71,NUMERIC,CLEARED,
2026-09-05 01:12:57,PT-101,NORMAL,LOW,4.3,NUMERIC,CLEARED,
2026-09-05 01:21:49,FT-101,NORMAL,LOW,30.78,NUMERIC,CLEARED,
2026-09-05 01:23:11,LT-101,NORMAL,LOW,41.45,NUMERIC,CLEARED,
2026-09-05 01:26:28,FT-101,NORMAL,LOW,26.65,NUMERIC,CLEARED,
2026-09-05 01:39:16,LT-101,NORMAL,LOW,49.3,NUMERIC,CLEARED,
2026-09-05 01:39:47,V-101,NORMAL,LOW,68.09,NUMERIC,CLEARED,
2026-09-05 01:53:59,FT-101,LOW_FLOW,MEDIUM,5.9,NUMERIC,ACTIVE,
2026-09-05 02:23:35,PT-101,NORMAL,LOW,4.9,NUMERIC,CLEARED,
2026-09-05 02:37:09,TT-101,NORMAL,LOW,48.15,NUMERIC,CLEARED,
2026-09-05 02:42:17,FT-101,NORMAL,LOW,22.58,NUMERIC,CLEARED,
2026-09-05 02:50:55,PT-101,NORMAL,LOW,4.2,NUMERIC,CLEARED,
2026-09-05 02:59:29,LT-101,NORMAL,LOW,53.54,NUMERIC,CLEARED,
2026-09-05 03:02:31,PT-101,NORMAL,LOW,5.95,NUMERIC,CLEARED,
2026-09-05 03:02:39,M-101,HIGH_CURRENT,HIGH,51.38,NUMERIC,CLEARED,
2026-09-05 03:03:29,V-101,NORMAL,LOW,26.86,NUMERIC,CLEARED,
2026-09-05 03:06:38,LT-101,HIGH_LEVEL,CRITICAL,90.8,NUMERIC,ACKNOWLEDGED,
2026-09-05 03:07:19,PT-101,NORMAL,LOW,6.83,NUMERIC,CLEARED,
2026-09-05 03:07:35,LT-101,NORMAL,LOW,50.35,NUMERIC,CLEARED,
2026-09-05 03:17:40,P-102,PUMP_FAILURE,CRITICAL,STOPPED,STATE,CLEARED,
2026-09-05 03:20:53,TT-101,NORMAL,LOW,57.39,NUMERIC,CLEARED,
2026-09-05 03:23:03,V-101,NORMAL,LOW,58.1,NUMERIC,CLEARED,
2026-09-05 03:28:02,LT-101,NORMAL,LOW,57.72,NUMERIC,CLEARED,
2026-09-05 03:28:47,TT-101,NORMAL,LOW,47.81,NUMERIC,CLEARED,
2026-09-05 03:29:17,LT-101,NORMAL,LOW,65.13,NUMERIC,CLEARED,
2026-09-05 03:30:25,PT-101,NORMAL,LOW,5.9,NUMERIC,CLEARED,
2026-09-05 03:54:15,V-101,NORMAL,LOW,82.13,NUMERIC,CLEARED,
2026-09-05 04:01:41,PT-101,NORMAL,LOW,6.76,NUMERIC,CLEARED,
2026-09-05 04:18:29,FT-101,NORMAL,LOW,29.33,NUMERIC,CLEARED,
2026-09-05 04:23:58,PT-101,NORMAL,LOW,6.94,NUMERIC,CLEARED,
2026-09-05 04:33:40,LT-101,NORMAL,LOW,46.62,NUMERIC,CLEARED,
2026-09-05 04:40:31,LT-101,NORMAL,LOW,43.96,NUMERIC,CLEARED,
2026-09-05 04:41:01,PT-101,NORMAL,LOW,4.27,NUMERIC,CLEARED,
2026-09-05 04:43:24,PT-101,NORMAL,LOW,5.77,NUMERIC,CLEARED,
2026-09-05 04:55:26,LT-101,LOW_LEVEL,HIGH,15.44,NUMERIC,CLEARED,
2026-09-05 04:59:12,M-101,NORMAL,LOW,11.34,NUMERIC,CLEARED,
2026-09-05 05:04:09,FT-101,NORMAL,LOW,38.65,NUMERIC,CLEARED,
2026-09-05 05:10:52,TT-101,NORMAL,LOW,69.18,NUMERIC,CLEARED,
2026-09-05 05:13:06,TT-101,NORMAL,LOW,57.92,NUMERIC,CLEARED,
2026-09-05 05:17:08,M-101,NORMAL,LOW,26.03,NUMERIC,CLEARED,
2026-09-05 05:20:33,M-101,NORMAL,LOW,12.2,NUMERIC,CLEARED,
2026-09-05 05:22:12,M-101,NORMAL,LOW,18.93,NUMERIC,CLEARED,
2026-09-05 05:28:09,FT-101,NORMAL,LOW,28.08,NUMERIC,CLEARED,
2026-09-05 05:31:19,FT-101,NORMAL,LOW,39.01,NUMERIC,CLEARED,
2026-09-05 05:32:17,TT-101,NORMAL,LOW,72.16,NUMERIC,CLEARED,
2026-09-05 05:33:27,V-101,NORMAL,LOW,96.89,NUMERIC,CLEARED,
2026-09-05 05:34:59,LT-101,NORMAL,LOW,76.88,NUMERIC,CLEARED,
2026-09-05 05:35:22,M-101,NORMAL,LOW,0.76,NUMERIC,CLEARED,
2026-09-05 05:48:37,M-101,NORMAL,LOW,22.06,NUMERIC,CLEARED,
2026-09-05 05:50:08,LT-101,NORMAL,LOW,65.2,NUMERIC,CLEARED,
2026-09-05 05:58:06,V-101,NORMAL,LOW,66.61,NUMERIC,CLEARED,
2026-09-05 06:08:33,LT-101,NORMAL,LOW,65.16,NUMERIC,CLEARED,
2026-09-05 06:12:10,PT-101,NORMAL,LOW,5.44,NUMERIC,CLEARED,
2026-09-05 06:17:51,FT-101,NORMAL,LOW,33.7,NUMERIC,CLEARED,
2026-09-05 06:27:33,LT-101,HIGH_LEVEL,CRITICAL,92.81,NUMERIC,ACTIVE,
2026-09-05 06:33:07,LT-101,NORMAL,LOW,60,NUMERIC,CLEARED,
2026-09-05 06:37:59,TT-101,NORMAL,LOW,48.47,NUMERIC,CLEARED,
2026-09-05 06:43:21,M-101,NORMAL,LOW,23.8,NUMERIC,CLEARED,
2026-09-05 06:46:19,TT-101,NORMAL,LOW,65.18,NUMERIC,CLEARED,
2026-09-05 06:48:22,LT-101,NORMAL,LOW,42.69,NUMERIC,CLEARED,
2026-09-05 06:50:03,PT-101,NORMAL,LOW,6.95,NUMERIC,CLEARED,
2026-09-05 06:51:00,V-101,NORMAL,LOW,22,NUMERIC,CLEARED,
2026-09-05 06:58:11,TT-101,NORMAL,LOW,71.54,NUMERIC,CLEARED,
2026-09-05 07:20:43,M-101,NORMAL,LOW,29.66,NUMERIC,CLEARED,
2026-09-05 07:21:17,TT-101,NORMAL,LOW,54.92,NUMERIC,CLEARED,
2026-09-05 07:22:23,TT-101,HIGH_TEMPERATURE,HIGH,88.44,NUMERIC,CLEARED,
2026-09-05 07:34:07,FT-101,NORMAL,LOW,24.25,NUMERIC,CLEARED,
2026-09-05 07:39:54,M-101,HIGH_CURRENT,HIGH,52.98,NUMERIC,ACKNOWLEDGED,
2026-09-05 07:41:17,PT-101,NORMAL,LOW,6.68,NUMERIC,CLEARED,
2026-09-05 07:43:25,FT-101,NORMAL,LOW,38.47,NUMERIC,CLEARED,
2026-09-05 07:54:36,M-101,NORMAL,LOW,15.89,NUMERIC,CLEARED,
2026-09-05 07:59:38,PT-101,NORMAL,LOW,5.48,NUMERIC,CLEARED,
2026-09-05 08:01:46,LT-101,NORMAL,LOW,64.74,NUMERIC,CLEARED,
2026-09-05 08:04:20,LT-101,NORMAL,LOW,55,NUMERIC,CLEARED,
2026-09-05 08:04:47,FT-101,NORMAL,LOW,39.38,NUMERIC,CLEARED,
2026-09-05 08:11:40,LT-101,NORMAL,LOW,75.07,NUMERIC,CLEARED,
2026-09-05 08:13:45,TT-101,NORMAL,LOW,46.77,NUMERIC,CLEARED,
2026-09-05 08:14:39,FT-101,NORMAL,LOW,23.1,NUMERIC,CLEARED,
2026-09-05 08:15:05,PT-101,NORMAL,LOW,5.11,NUMERIC,CLEARED,
2026-09-05 08:24:48,FT-101,NORMAL,LOW,22.07,NUMERIC,CLEARED,
2026-09-05 08:26:50,PT-101,NORMAL,LOW,5.4,NUMERIC,CLEARED,
2026-09-05 08:35:41,LT-101,NORMAL,LOW,41.13,NUMERIC,CLEARED,
2026-09-05 08:38:30,LT-101,NORMAL,LOW,42.63,NUMERIC,CLEARED,
2026-09-05 08:50:06,LT-101,NORMAL,LOW,70.54,NUMERIC,CLEARED,
2026-09-05 08:53:04,V-101,NORMAL,LOW,80.14,NUMERIC,CLEARED,
2026-09-05 08:54:47,FT-101,NORMAL,LOW,37.32,NUMERIC,CLEARED,
2026-09-05 08:58:36,PT-101,NORMAL,LOW,5.42,NUMERIC,CLEARED,
2026-09-05 09:03:03,FT-101,NORMAL,LOW,21.37,NUMERIC,CLEARED,
2026-09-05 09:06:59,PT-101,NORMAL,LOW,5.8,NUMERIC,CLEARED,
2026-09-05 09:12:08,PT-101,NORMAL,LOW,6.68,NUMERIC,CLEARED,
2026-09-05 09:12:52,V-101,NORMAL,LOW,36.34,NUMERIC,CLEARED,
2026-09-05 09:14:23,M-101,NORMAL,LOW,31.27,NUMERIC,CLEARED,
2026-09-05 09:18:51,PT-101,NORMAL,LOW,6.68,NUMERIC,CLEARED,
2026-09-05 09:22:16,V-101,NORMAL,LOW,64.61,NUMERIC,CLEARED,
2026-09-05 09:33:41,P-102,COMMUNICATION_LOST,MEDIUM,,NULL,ACKNOWLEDGED,MISSING_VALUE
2026-09-05 09:34:32,LT-101,NORMAL,LOW,42.19,NUMERIC,CLEARED,
2026-09-05 09:35:02,FT-101,NORMAL,LOW,26.12,NUMERIC,CLEARED,
2026-09-05 09:38:04,TT-101,NORMAL,LOW,74.91,NUMERIC,CLEARED,
2026-09-05 09:44:41,LT-101,NORMAL,LOW,75.71,NUMERIC,CLEARED,
2026-09-05 09:46:44,M-101,NORMAL,LOW,7.36,NUMERIC,CLEARED,
2026-09-05 09:54:03,PT-101,NORMAL,LOW,4,NUMERIC,CLEARED,
2026-09-05 09:56:50,V-101,NORMAL,LOW,61.65,NUMERIC,CLEARED,
2026-09-05 10:02:42,PT-101,NORMAL,LOW,5.75,NUMERIC,CLEARED,
2026-09-05 10:04:08,FT-101,NORMAL,LOW,21.07,NUMERIC,CLEARED,
2026-09-05 10:18:18,M-101,NORMAL,LOW,28.5,NUMERIC,CLEARED,
2026-09-05 10:21:36,LT-101,NORMAL,LOW,58.88,NUMERIC,CLEARED,
2026-09-05 10:25:23,PT-101,NORMAL,LOW,6.02,NUMERIC,CLEARED,
2026-09-05 10:31:55,TT-101,HIGH_TEMPERATURE,HIGH,100.04,NUMERIC,CLEARED,
2026-09-05 10:45:18,PT-101,NORMAL,LOW,4.68,NUMERIC,CLEARED,
2026-09-05 11:06:17,PT-101,NORMAL,LOW,6.89,NUMERIC,CLEARED,
2026-09-05 11:14:40,PT-101,HIGH_PRESSURE,CRITICAL,8.64,NUMERIC,ACTIVE,
2026-09-05 11:18:12,LT-101,NORMAL,LOW,43.37,NUMERIC,CLEARED,
2026-09-05 11:30:02,TT-101,NORMAL,LOW,49.84,NUMERIC,CLEARED,
2026-09-05 11:35:24,LT-101,NORMAL,LOW,74.23,NUMERIC,CLEARED,
2026-09-05 11:37:41,LT-101,NORMAL,LOW,61.96,NUMERIC,CLEARED,
2026-09-05 11:39:47,PT-101,NORMAL,LOW,6.14,NUMERIC,CLEARED,
2026-09-05 11:40:04,TT-101,HIGH_TEMPERATURE,HIGH,90.26,NUMERIC,ACTIVE,
2026-09-05 11:45:26,FT-101,NORMAL,LOW,29.06,NUMERIC,CLEARED,
2026-09-05 11:47:48,LT-101,NORMAL,LOW,54.42,NUMERIC,CLEARED,
2026-09-05 11:53:29,LT-101,NORMAL,LOW,71.11,NUMERIC,CLEARED,
2026-09-05 11:58:18,PT-101,NORMAL,LOW,5.12,NUMERIC,CLEARED,
2026-09-05 11:58:54,PT-101,NORMAL,LOW,4.79,NUMERIC,CLEARED,
2026-09-05 12:08:58,M-101,NORMAL,LOW,0.83,NUMERIC,CLEARED,
2026-09-05 12:09:07,M-101,NORMAL,LOW,12.95,NUMERIC,CLEARED,
2026-09-05 12:23:16,V-101,NORMAL,LOW,3.42,NUMERIC,CLEARED,
2026-09-05 12:26:30,LT-101,NORMAL,LOW,47.39,NUMERIC,CLEARED,
2026-09-05 12:27:47,TT-101,NORMAL,LOW,58.56,NUMERIC,CLEARED,
2026-09-05 12:29:47,V-101,NORMAL,LOW,56.46,NUMERIC,CLEARED,
2026-09-05 12:31:04,TT-101,NORMAL,LOW,68.22,NUMERIC,CLEARED,
2026-09-05 12:31:54,FT-101,NORMAL,LOW,25.18,NUMERIC,CLEARED,
2026-09-05 12:41:30,LT-101,NORMAL,LOW,75.41,NUMERIC,CLEARED,
2026-09-05 12:54:55,PT-101,HIGH_PRESSURE,CRITICAL,9.84,NUMERIC,CLEARED,
2026-09-05 13:04:16,TT-101,NORMAL,LOW,74.09,NUMERIC,CLEARED,
2026-09-05 13:05:27,FT-101,NORMAL,LOW,24.8,NUMERIC,CLEARED,
2026-09-05 13:08:17,FT-101,NORMAL,LOW,24.74,NUMERIC,CLEARED,
2026-09-05 13:09:53,LT-101,NORMAL,LOW,58.93,NUMERIC,CLEARED,
2026-09-05 13:14:52,PT-101,NORMAL,LOW,4.61,NUMERIC,CLEARED,
2026-09-05 13:20:26,PT-101,LOW_PRESSURE,MEDIUM,1.81,NUMERIC,ACTIVE,
2026-09-05 13:33:01,FT-101,NORMAL,LOW,29.03,NUMERIC,CLEARED,
2026-09-05 13:35:06,FT-101,NORMAL,LOW,38.9,NUMERIC,CLEARED,
2026-09-05 13:37:10,TT-101,NORMAL,LOW,45.3,NUMERIC,CLEARED,
2026-09-05 13:45:06,LT-101,NORMAL,LOW,62.99,NUMERIC,CLEARED,
2026-09-05 13:45:59,PT-101,NORMAL,LOW,6.88,NUMERIC,CLEARED,
2026-09-05 13:51:08,FT-101,NORMAL,LOW,31.43,NUMERIC,CLEARED,
2026-09-05 13:53:51,TT-101,NORMAL,LOW,57.21,NUMERIC,CLEARED,
2026-09-05 14:07:23,LT-101,NORMAL,LOW,53.22,NUMERIC,CLEARED,
2026-09-05 14:11:15,TT-101,NORMAL,LOW,48.07,NUMERIC,CLEARED,
2026-09-05 14:15:24,M-101,NORMAL,LOW,4.72,NUMERIC,CLEARED,
2026-09-05 14:20:05,LT-101,NORMAL,LOW,46.38,NUMERIC,CLEARED,
2026-09-05 14:24:45,V-101,NORMAL,LOW,42.3,NUMERIC,CLEARED,
2026-09-05 14:26:31,TT-101,NORMAL,LOW,71.03,NUMERIC,CLEARED,
2026-09-05 14:30:26,V-101,NORMAL,LOW,42.6,NUMERIC,CLEARED,
2026-09-05 14:38:57,PT-101,NORMAL,LOW,4.66,NUMERIC,CLEARED,
2026-09-05 14:48:11,LT-101,NORMAL,LOW,66.19,NUMERIC,CLEARED,
2026-09-05 14:49:21,LT-101,NORMAL,LOW,42.78,NUMERIC,CLEARED,
2026-09-05 14:56:43,TT-101,NORMAL,LOW,74.56,NUMERIC,CLEARED,
2026-09-05 14:57:54,TT-101,HIGH_TEMPERATURE,HIGH,102.48,NUMERIC,ACKNOWLEDGED,
2026-09-05 15:11:28,PT-101,NORMAL,LOW,4.24,NUMERIC,CLEARED,
2026-09-05 15:12:40,M-101,NORMAL,LOW,10.53,NUMERIC,CLEARED,
2026-09-05 15:30:42,LT-101,NORMAL,LOW,57.23,NUMERIC,CLEARED,
2026-09-05 15:39:24,TT-101,NORMAL,LOW,54.57,NUMERIC,CLEARED,
2026-09-05 15:42:50,M-101,NORMAL,LOW,30.52,NUMERIC,CLEARED,
2026-09-05 15:43:20,V-101,NORMAL,LOW,64.68,NUMERIC,CLEARED,
2026-09-05 15:47:39,PT-101,NORMAL,LOW,6.71,NUMERIC,CLEARED,
2026-09-05 15:56:54,TT-101,NORMAL,LOW,46.16,NUMERIC,CLEARED,
2026-09-05 16:02:39,PT-101,NORMAL,LOW,5.7,NUMERIC,CLEARED,
2026-09-05 16:08:48,TT-101,NORMAL,LOW,54.66,NUMERIC,CLEARED,
2026-09-05 16:11:59,TT-101,NORMAL,LOW,70.17,NUMERIC,CLEARED,
2026-09-05 16:26:05,TT-101,NORMAL,LOW,65.03,NUMERIC,CLEARED,
2026-09-05 16:28:17,M-101,NORMAL,LOW,24.17,NUMERIC,CLEARED,
2026-09-05 16:29:24,PT-101,NORMAL,LOW,5.54,NUMERIC,CLEARED,
2026-09-05 16:31:56,PT-101,NORMAL,LOW,5.63,NUMERIC,CLEARED,
2026-09-05 16:48:04,TT-101,NORMAL,LOW,50.12,NUMERIC,CLEARED,
2026-09-05 16:49:44,LT-101,NORMAL,LOW,79.5,NUMERIC,CLEARED,
2026-09-05 16:51:15,LT-101,NORMAL,LOW,44.84,NUMERIC,CLEARED,
2026-09-05 16:51:16,FT-101,NORMAL,LOW,26.88,NUMERIC,CLEARED,
2026-09-05 16:51:45,LT-101,NORMAL,LOW,,NULL,CLEARED,MISSING_VALUE
2026-09-05 16:53:42,LT-101,NORMAL,LOW,51.17,NUMERIC,CLEARED,
2026-09-05 17:07:50,FT-101,NORMAL,LOW,24.11,NUMERIC,CLEARED,
2026-09-05 17:10:23,LT-101,NORMAL,LOW,62.47,NUMERIC,CLEARED,
2026-09-05 17:11:06,PT-101,NORMAL,LOW,5.9,NUMERIC,CLEARED,
2026-09-05 17:14:09,FT-101,HIGH_FLOW,HIGH,62.42,NUMERIC,ACTIVE,
2026-09-05 17:27:59,PT-101,NORMAL,LOW,4.03,NUMERIC,CLEARED,
2026-09-05 17:30:44,PT-101,NORMAL,LOW,4.04,NUMERIC,CLEARED,
2026-09-05 17:46:30,LT-101,NORMAL,LOW,53.02,NUMERIC,CLEARED,
2026-09-05 17:48:48,LT-101,HIGH_LEVEL,CRITICAL,90.33,NUMERIC,ACTIVE,
2026-09-05 17:51:11,TT-101,NORMAL,LOW,72.84,NUMERIC,CLEARED,
2026-09-05 17:53:59,LT-101,NORMAL,LOW,71.31,NUMERIC,CLEARED,
2026-09-05 18:01:01,M-101,NORMAL,LOW,34.86,NUMERIC,CLEARED,
2026-09-05 18:09:50,FT-101,NORMAL,LOW,27.23,NUMERIC,CLEARED,
2026-09-05 18:10:38,PT-101,NORMAL,LOW,5.18,NUMERIC,CLEARED,
2026-09-05 18:16:42,M-101,NORMAL,LOW,24.05,NUMERIC,CLEARED,
2026-09-05 18:17:14,PT-101,NORMAL,LOW,6.33,NUMERIC,CLEARED,
2026-09-05 18:31:04,FT-101,NORMAL,LOW,36.95,NUMERIC,CLEARED,
2026-09-05 19:01:46,FT-101,NORMAL,LOW,21.69,NUMERIC,CLEARED,
2026-09-05 19:02:14,PT-101,NORMAL,LOW,4.56,NUMERIC,CLEARED,
2026-09-05 19:05:14,V-101,NORMAL,LOW,83.91,NUMERIC,CLEARED,
2026-09-05 19:13:42,TT-101,NORMAL,LOW,59.89,NUMERIC,CLEARED,
2026-09-05 19:21:14,FT-101,LOW_FLOW,MEDIUM,5.79,NUMERIC,ACTIVE,
2026-09-05 19:23:53,TT-101,NORMAL,LOW,59.36,NUMERIC,CLEARED,
2026-09-05 19:36:55,TT-101,NORMAL,LOW,63.29,NUMERIC,CLEARED,
2026-09-05 19:48:59,LT-101,NORMAL,LOW,46.26,NUMERIC,CLEARED,
2026-09-05 20:00:55,TT-101,NORMAL,LOW,56.46,NUMERIC,CLEARED,
2026-09-05 20:10:21,LT-101,LOW_LEVEL,HIGH,6.5,NUMERIC,CLEARED,
2026-09-05 20:17:03,FT-101,NORMAL,LOW,23.73,NUMERIC,CLEARED,
2026-09-05 20:17:06,PT-101,NORMAL,LOW,6.02,NUMERIC,CLEARED,
2026-09-05 20:29:03,FT-101,NORMAL,LOW,33.73,NUMERIC,CLEARED,
2026-09-05 20:40:09,M-101,NORMAL,LOW,13.11,NUMERIC,CLEARED,
2026-09-05 20:44:15,PT-101,NORMAL,LOW,6.11,NUMERIC,CLEARED,
2026-09-05 20:49:11,TT-101,NORMAL,LOW,64.3,NUMERIC,CLEARED,
2026-09-05 20:50:49,LT-101,NORMAL,LOW,78.88,NUMERIC,CLEARED,
2026-09-05 20:52:31,LT-101,NORMAL,LOW,70.81,NUMERIC,CLEARED,
2026-09-05 20:58:09,PT-101,NORMAL,LOW,6.15,NUMERIC,CLEARED,
2026-09-05 21:02:59,TT-101,NORMAL,LOW,63.59,NUMERIC,CLEARED,
2026-09-05 21:03:01,FT-101,NORMAL,LOW,24.34,NUMERIC,CLEARED,
2026-09-05 21:05:44,M-101,NORMAL,LOW,14.3,NUMERIC,CLEARED,
2026-09-05 21:08:17,V-101,NORMAL,LOW,64.53,NUMERIC,CLEARED,
2026-09-05 21:39:44,M-101,NORMAL,LOW,3.7,NUMERIC,CLEARED,
2026-09-05 21:50:15,LT-101,NORMAL,LOW,73.78,NUMERIC,CLEARED,
2026-09-05 21:59:09,PT-101,LOW_PRESSURE,MEDIUM,1.04,NUMERIC,ACKNOWLEDGED,
2026-09-05 21:59:50,PT-101,NORMAL,LOW,5.86,NUMERIC,CLEARED,
2026-09-05 22:00:06,PT-101,LOW_PRESSURE,MEDIUM,0.98,NUMERIC,ACTIVE,
2026-09-05 22:00:19,M-101,NORMAL,LOW,5.09,NUMERIC,CLEARED,
2026-09-05 22:00:43,LT-101,NORMAL,LOW,60.47,NUMERIC,CLEARED,
2026-09-05 22:09:12,FT-101,NORMAL,LOW,33.47,NUMERIC,CLEARED,
2026-09-05 22:09:49,TT-101,NORMAL,LOW,55,NUMERIC,CLEARED,
2026-09-05 22:16:05,TT-101,NORMAL,LOW,47.02,NUMERIC,CLEARED,
2026-09-05 22:17:15,PT-101,NORMAL,LOW,5.54,NUMERIC,CLEARED,
2026-09-05 22:19:20,LT-101,HIGH_LEVEL,CRITICAL,91.7,NUMERIC,ACTIVE,
2026-09-05 22:23:26,TT-101,NORMAL,LOW,52.5,NUMERIC,CLEARED,
2026-09-05 22:27:28,LT-101,NORMAL,LOW,71.07,NUMERIC,CLEARED,
2026-09-05 22:50:00,LT-101,NORMAL,LOW,63.19,NUMERIC,CLEARED,
2026-09-05 22:57:44,LT-101,NORMAL,LOW,65.9,NUMERIC,CLEARED,
2026-09-05 22:59:58,FT-101,NORMAL,LOW,39.36,NUMERIC,CLEARED,
2026-09-05 23:10:31,FT-101,NORMAL,LOW,36.52,NUMERIC,CLEARED,
2026-09-05 23:13:09,LT-101,NORMAL,LOW,75.8,NUMERIC,CLEARED,
2026-09-05 23:13:56,V-101,NORMAL,LOW,82.73,NUMERIC,CLEARED,
2026-09-05 23:14:09,LT-101,NORMAL,LOW,45.5,NUMERIC,CLEARED,
2026-09-05 23:16:32,TT-101,NORMAL,LOW,62.44,NUMERIC,CLEARED,
2026-09-05 23:19:31,PT-101,NORMAL,LOW,6.73,NUMERIC,CLEARED,
2026-09-05 23:26:43,LT-101,NORMAL,LOW,77.61,NUMERIC,CLEARED,
2026-09-05 23:27:11,M-101,NORMAL,LOW,16.54,NUMERIC,CLEARED,
2026-09-05 23:31:16,FT-101,NORMAL,LOW,33.77,NUMERIC,CLEARED,
2026-09-05 23:32:46,TT-101,NORMAL,LOW,60.36,NUMERIC,CLEARED,
2026-09-05 23:34:17,TT-101,HIGH_TEMPERATURE,HIGH,99.34,NUMERIC,CLEARED,
2026-09-05 23:35:20,LT-101,NORMAL,LOW,74.51,NUMERIC,CLEARED,
2026-09-05 23:36:20,TT-101,NORMAL,LOW,73.97,NUMERIC,CLEARED,
2026-09-05 23:39:46,LT-101,HIGH_LEVEL,CRITICAL,91.62,NUMERIC,ACKNOWLEDGED,
2026-09-05 23:46:43,PT-101,NORMAL,LOW,4.78,NUMERIC,CLEARED,
2026-09-05 23:58:27,FT-101,NORMAL,LOW,21.28,NUMERIC,CLEARED,
2026-09-06 00:04:45,PT-101,NORMAL,LOW,6.35,NUMERIC,CLEARED,
2026-09-06 00:09:09,LT-101,NORMAL,LOW,55.5,NUMERIC,CLEARED,
2026-09-06 00:10:03,FT-101,NORMAL,LOW,31.87,NUMERIC,CLEARED,
2026-09-06 00:10:37,LT-101,NORMAL,LOW,74.79,NUMERIC,CLEARED,
2026-09-06 00:11:38,LT-101,NORMAL,LOW,46.76,NUMERIC,CLEARED,
2026-09-06 00:15:30,LT-101,NORMAL,LOW,71.44,NUMERIC,CLEARED,
2026-09-06 00:16:40,PT-101,NORMAL,LOW,6.79,NUMERIC,CLEARED,
2026-09-06 00:26:34,TT-101,NORMAL,LOW,65.18,NUMERIC,CLEARED,
2026-09-06 00:28:02,TT-101,NORMAL,LOW,61.67,NUMERIC,CLEARED,
2026-09-06 00:34:01,PT-101,NORMAL,LOW,4.79,NUMERIC,CLEARED,
2026-09-06 00:44:13,V-101,NORMAL,LOW,77.66,NUMERIC,CLEARED,
2026-09-06 00:46:37,LT-101,NORMAL,LOW,53.79,NUMERIC,CLEARED,
2026-09-06 00:51:13,LT-101,NORMAL,LOW,61.78,NUMERIC,CLEARED,
2026-09-06 00:53:44,FT-101,NORMAL,LOW,29.13,NUMERIC,CLEARED,
2026-09-06 00:58:43,TT-101,NORMAL,LOW,46.07,NUMERIC,CLEARED,
2026-09-06 01:02:14,PT-101,NORMAL,LOW,6.25,NUMERIC,CLEARED,
2026-09-06 01:07:42,PT-101,NORMAL,LOW,6,NUMERIC,CLEARED,
2026-09-06 01:14:24,PT-101,NORMAL,LOW,6.17,NUMERIC,CLEARED,
2026-09-06 01:15:13,PT-101,NORMAL,LOW,6.59,NUMERIC,CLEARED,
2026-09-06 01:15:42,PT-101,NORMAL,LOW,6.3,NUMERIC,CLEARED,
2026-09-06 01:19:59,FT-101,NORMAL,LOW,35.97,NUMERIC,CLEARED,
2026-09-06 01:35:19,M-101,NORMAL,LOW,1.98,NUMERIC,CLEARED,
2026-09-06 01:38:47,M-101,NORMAL,LOW,23.72,NUMERIC,CLEARED,
2026-09-06 01:44:21,PT-101,NORMAL,LOW,6.53,NUMERIC,CLEARED,
2026-09-06 01:47:58,TT-101,NORMAL,LOW,59.75,NUMERIC,CLEARED,
2026-09-06 01:52:27,FT-101,NORMAL,LOW,26.53,NUMERIC,CLEARED,
2026-09-06 01:52:58,PT-101,NORMAL,LOW,4.1,NUMERIC,CLEARED,
2026-09-06 01:54:28,FT-101,NORMAL,LOW,32.09,NUMERIC,CLEARED,
2026-09-06 01:55:49,FT-101,NORMAL,LOW,20.02,NUMERIC,CLEARED,
2026-09-06 02:17:23,PT-101,NORMAL,LOW,5.24,NUMERIC,CLEARED,
2026-09-06 02:22:43,FT-101,NORMAL,LOW,20.72,NUMERIC,CLEARED,
2026-09-06 02:27:44,LT-101,NORMAL,LOW,79.19,NUMERIC,CLEARED,
2026-09-06 02:32:02,PT-101,NORMAL,LOW,6.02,NUMERIC,CLEARED,
2026-09-06 02:40:51,TT-101,NORMAL,LOW,45.24,NUMERIC,CLEARED,
2026-09-06 02:47:54,M-101,NORMAL,LOW,11.23,NUMERIC,CLEARED,
2026-09-06 02:51:52,PT-101,NORMAL,LOW,6.54,NUMERIC,CLEARED,
2026-09-06 02:55:04,LT-101,NORMAL,LOW,48.65,NUMERIC,CLEARED,
2026-09-06 03:12:39,LT-101,NORMAL,LOW,56.25,NUMERIC,CLEARED,
2026-09-06 03:13:42,TT-101,NORMAL,LOW,50.51,NUMERIC,CLEARED,
2026-09-06 03:18:14,FT-101,NORMAL,LOW,35.65,NUMERIC,CLEARED,
2026-09-06 03:18:14,M-101,HIGH_CURRENT,HIGH,52.66,NUMERIC,ACTIVE,
2026-09-06 03:48:43,LT-101,NORMAL,LOW,68.11,NUMERIC,CLEARED,
2026-09-06 03:50:28,V-101,NORMAL,LOW,90.46,NUMERIC,CLEARED,
2026-09-06 03:50:57,PT-101,NORMAL,LOW,4.39,NUMERIC,CLEARED,
2026-09-06 04:02:49,V-101,NORMAL,LOW,43.94,NUMERIC,CLEARED,
2026-09-06 04:02:49,M-101,NORMAL,LOW,12.09,NUMERIC,CLEARED,
2026-09-06 04:10:59,LT-101,NORMAL,LOW,70.8,NUMERIC,CLEARED,
2026-09-06 04:12:26,PT-101,NORMAL,LOW,6.91,NUMERIC,CLEARED,
2026-09-06 04:15:25,PT-101,NORMAL,LOW,4.14,NUMERIC,CLEARED,
2026-09-06 04:18:07,TT-101,NORMAL,LOW,49.68,NUMERIC,CLEARED,
2026-09-06 04:18:27,LT-101,NORMAL,LOW,51.64,NUMERIC,CLEARED,
2026-09-06 04:24:20,PT-101,NORMAL,LOW,5.82,NUMERIC,CLEARED,
2026-09-06 04:28:18,V-101,NORMAL,LOW,18.98,NUMERIC,CLEARED,
2026-09-06 04:29:37,PT-101,NORMAL,LOW,4.19,NUMERIC,CLEARED,
2026-09-06 04:32:01,LT-101,NORMAL,LOW,67.44,NUMERIC,CLEARED,
2026-09-06 04:38:21,PT-101,NORMAL,LOW,4.74,NUMERIC,CLEARED,
2026-09-06 04:42:21,LT-101,NORMAL,LOW,50.58,NUMERIC,CLEARED,
2026-09-06 04:43:25,V-101,NORMAL,LOW,33.4,NUMERIC,CLEARED,
2026-09-06 04:44:37,LT-101,NORMAL,LOW,53.4,NUMERIC,CLEARED,
2026-09-06 04:51:57,FT-101,NORMAL,LOW,29.22,NUMERIC,CLEARED,
2026-09-06 04:52:37,FT-101,NORMAL,LOW,34.02,NUMERIC,CLEARED,
2026-09-06 05:06:53,LT-101,NORMAL,LOW,48.8,NUMERIC,CLEARED,
2026-09-06 05:12:06,M-101,NORMAL,LOW,2.46,NUMERIC,CLEARED,
2026-09-06 05:14:45,PT-101,NORMAL,LOW,6.08,NUMERIC,CLEARED,
2026-09-06 05:34:59,FT-101,HIGH_FLOW,HIGH,55.78,NUMERIC,ACTIVE,
2026-09-06 05:55:16,M-101,NORMAL,LOW,17.13,NUMERIC,CLEARED,
2026-09-06 05:57:40,FT-101,NORMAL,LOW,20.96,NUMERIC,CLEARED,
2026-09-06 06:04:06,V-101,NORMAL,LOW,8.26,NUMERIC,CLEARED,
2026-09-06 06:05:00,PT-101,NORMAL,LOW,5.45,NUMERIC,CLEARED,
2026-09-06 06:08:17,LT-101,NORMAL,LOW,62.29,NUMERIC,CLEARED,
2026-09-06 06:08:49,V-101,NORMAL,LOW,18.83,NUMERIC,CLEARED,
2026-09-06 06:11:01,P-101,PUMP_FAILURE,CRITICAL,STOPPED,STATE,CLEARED,
2026-09-06 06:14:37,FT-101,LOW_FLOW,MEDIUM,6.14,NUMERIC,CLEARED,
2026-09-06 06:35:53,PT-101,NORMAL,LOW,5.66,NUMERIC,CLEARED,
2026-09-06 06:43:52,PT-101,NORMAL,LOW,5.78,NUMERIC,CLEARED,
2026-09-06 06:49:35,V-101,NORMAL,LOW,57.5,NUMERIC,CLEARED,
2026-09-06 06:51:35,PT-101,NORMAL,LOW,4.57,NUMERIC,CLEARED,
2026-09-06 06:59:51,TT-101,NORMAL,LOW,67.33,NUMERIC,CLEARED,
2026-09-06 07:01:43,FT-101,NORMAL,LOW,20.78,NUMERIC,CLEARED,
2026-09-06 07:03:25,PT-101,NORMAL,LOW,5.54,NUMERIC,CLEARED,
2026-09-06 07:13:18,V-101,NORMAL,LOW,62.68,NUMERIC,CLEARED,
2026-09-06 07:26:21,LT-101,NORMAL,LOW,59.5,NUMERIC,CLEARED,
2026-09-06 07:44:32,TT-101,NORMAL,LOW,65.66,NUMERIC,CLEARED,
2026-09-06 07:56:23,PT-101,NORMAL,LOW,6.23,NUMERIC,CLEARED,
2026-09-06 07:57:16,TT-101,HIGH_TEMPERATURE,HIGH,95.24,NUMERIC,CLEARED,
2026-09-06 08:00:56,TT-101,NORMAL,LOW,70.07,NUMERIC,CLEARED,
2026-09-06 08:01:24,PT-101,NORMAL,LOW,6.52,NUMERIC,CLEARED,
2026-09-06 08:05:33,LT-101,HIGH_LEVEL,CRITICAL,95.78,NUMERIC,CLEARED,
2026-09-06 08:14:48,M-101,HIGH_CURRENT,HIGH,52.37,NUMERIC,CLEARED,
2026-09-06 08:18:50,TT-101,NORMAL,LOW,54.77,NUMERIC,CLEARED,
2026-09-06 08:21:47,PT-101,NORMAL,LOW,6.41,NUMERIC,CLEARED,
2026-09-06 08:24:29,PT-101,NORMAL,LOW,4.4,NUMERIC,CLEARED,
2026-09-06 08:26:34,TT-101,NORMAL,LOW,69.19,NUMERIC,CLEARED,
2026-09-06 08:27:32,PT-101,NORMAL,LOW,4.55,NUMERIC,CLEARED,
2026-09-06 08:31:37,TT-101,NORMAL,LOW,61.08,NUMERIC,CLEARED,
2026-09-06 08:31:45,FT-101,NORMAL,LOW,27.24,NUMERIC,CLEARED,
2026-09-06 08:36:02,V-101,NORMAL,LOW,49.03,NUMERIC,CLEARED,
2026-09-06 08:41:00,PT-101,NORMAL,LOW,4,NUMERIC,CLEARED,
2026-09-06 08:46:15,PT-101,NORMAL,LOW,5.89,NUMERIC,CLEARED,
2026-09-06 08:51:15,LT-101,NORMAL,LOW,64.97,NUMERIC,CLEARED,
2026-09-06 09:01:37,LT-101,NORMAL,LOW,71.82,NUMERIC,CLEARED,
2026-09-06 09:02:58,LT-101,NORMAL,LOW,61.19,NUMERIC,CLEARED,
2026-09-06 09:03:41,LT-101,NORMAL,LOW,48.41,NUMERIC,CLEARED,
2026-09-06 09:07:21,LT-101,NORMAL,LOW,78.51,NUMERIC,CLEARED,
2026-09-06 09:10:41,PT-101,NORMAL,LOW,6.09,NUMERIC,CLEARED,
2026-09-06 09:14:37,PT-101,NORMAL,LOW,6.52,NUMERIC,CLEARED,
2026-09-06 09:15:05,FT-101,NORMAL,LOW,24.41,NUMERIC,CLEARED,
2026-09-06 09:17:17,LT-101,NORMAL,LOW,55.16,NUMERIC,CLEARED,
2026-09-06 09:20:07,PT-101,NORMAL,LOW,6,NUMERIC,CLEARED,
2026-09-06 09:21:36,TT-101,NORMAL,LOW,72.71,NUMERIC,CLEARED,
2026-09-06 09:25:28,LT-101,NORMAL,LOW,43.21,NUMERIC,CLEARED,
2026-09-06 09:31:08,TT-101,NORMAL,LOW,67.33,NUMERIC,CLEARED,
2026-09-06 09:34:48,LT-101,NORMAL,LOW,66.13,NUMERIC,CLEARED,
2026-09-06 09:36:28,LT-101,NORMAL,LOW,46.46,NUMERIC,CLEARED,
2026-09-06 09:47:53,FT-101,NORMAL,LOW,29.58,NUMERIC,CLEARED,
2026-09-06 09:57:52,FT-101,NORMAL,LOW,25.14,NUMERIC,CLEARED,
2026-09-06 09:58:03,FT-101,NORMAL,LOW,32.82,NUMERIC,CLEARED,
2026-09-06 10:06:10,M-101,NORMAL,LOW,13.51,NUMERIC,CLEARED,
2026-09-06 10:08:35,PT-101,NORMAL,LOW,5.32,NUMERIC,CLEARED,
2026-09-06 10:09:56,LT-101,NORMAL,LOW,67.63,NUMERIC,CLEARED,
2026-09-06 10:20:36,V-101,NORMAL,LOW,74.35,NUMERIC,CLEARED,
2026-09-06 10:24:53,FT-101,NORMAL,LOW,36.2,NUMERIC,CLEARED,
2026-09-06 10:34:31,LT-101,NORMAL,LOW,46.07,NUMERIC,CLEARED,
2026-09-06 10:35:44,LT-101,NORMAL,LOW,73.72,NUMERIC,CLEARED,
2026-09-06 10:38:10,PT-101,NORMAL,LOW,5.01,NUMERIC,CLEARED,
2026-09-06 10:52:39,PT-101,NORMAL,LOW,6.81,NUMERIC,CLEARED,
2026-09-06 11:03:49,V-101,NORMAL,LOW,58.1,NUMERIC,CLEARED,
2026-09-06 11:05:14,FT-101,NORMAL,LOW,38.21,NUMERIC,CLEARED,
2026-09-06 11:17:50,PT-101,HIGH_PRESSURE,CRITICAL,,NULL,ACTIVE,MISSING_VALUE
2026-09-06 11:19:29,LT-101,NORMAL,LOW,64.2,NUMERIC,CLEARED,
2026-09-06 11:20:22,TT-101,NORMAL,LOW,49.53,NUMERIC,CLEARED,
2026-09-06 11:34:20,TT-101,NORMAL,LOW,59.64,NUMERIC,CLEARED,
2026-09-06 11:46:16,FT-101,NORMAL,LOW,23.47,NUMERIC,CLEARED,
2026-09-06 11:55:35,PT-101,NORMAL,LOW,5.12,NUMERIC,CLEARED,
2026-09-06 11:59:14,FT-101,NORMAL,LOW,26.36,NUMERIC,CLEARED,
2026-09-06 12:00:56,TT-101,NORMAL,LOW,53.6,NUMERIC,CLEARED,
2026-09-06 12:05:11,P-102,PUMP_FAILURE,CRITICAL,STOPPED,STATE,CLEARED,
2026-09-06 12:06:25,V-101,NORMAL,LOW,4.45,NUMERIC,CLEARED,
2026-09-06 12:16:37,FT-101,NORMAL,LOW,27.53,NUMERIC,CLEARED,
2026-09-06 12:21:41,PT-101,NORMAL,LOW,6.59,NUMERIC,CLEARED,
2026-09-06 12:24:39,TT-101,NORMAL,LOW,57.63,NUMERIC,CLEARED,
2026-09-06 12:36:25,PT-101,NORMAL,LOW,6.26,NUMERIC,CLEARED,
2026-09-06 12:42:01,PT-101,NORMAL,LOW,5.99,NUMERIC,CLEARED,
2026-09-06 12:46:14,FT-101,NORMAL,LOW,28.87,NUMERIC,CLEARED,
2026-09-06 12:49:36,PT-101,NORMAL,LOW,5.08,NUMERIC,CLEARED,
2026-09-06 12:52:18,PT-101,NORMAL,LOW,5.52,NUMERIC,CLEARED,
2026-09-06 12:59:42,V-101,NORMAL,LOW,66.97,NUMERIC,CLEARED,
2026-09-06 13:18:41,LT-101,NORMAL,LOW,75.69,NUMERIC,CLEARED,
2026-09-06 13:26:25,TT-101,NORMAL,LOW,63.18,NUMERIC,CLEARED,
2026-09-06 13:27:44,M-101,NORMAL,LOW,0.4,NUMERIC,CLEARED,
2026-09-06 13:29:45,FT-101,NORMAL,LOW,35.33,NUMERIC,CLEARED,
2026-09-06 13:31:52,TT-101,NORMAL,LOW,45.04,NUMERIC,CLEARED,
2026-09-06 13:39:38,FT-101,NORMAL,LOW,32.99,NUMERIC,CLEARED,
2026-09-06 13:49:10,LT-101,NORMAL,LOW,61.6,NUMERIC,CLEARED,
2026-09-06 13:50:57,FT-101,NORMAL,LOW,27.79,NUMERIC,CLEARED,
2026-09-06 13:53:26,PT-101,NORMAL,LOW,6.09,NUMERIC,CLEARED,
2026-09-06 14:10:56,M-101,HIGH_CURRENT,HIGH,45.97,NUMERIC,CLEARED,
2026-09-06 14:19:55,TT-101,NORMAL,LOW,52.83,NUMERIC,CLEARED,
2026-09-06 14:20:17,TT-101,NORMAL,LOW,61.76,NUMERIC,CLEARED,
2026-09-06 14:22:24,LT-101,NORMAL,LOW,75.77,NUMERIC,CLEARED,
2026-09-06 14:24:08,TT-101,NORMAL,LOW,63.16,NUMERIC,CLEARED,
2026-09-06 14:31:19,TT-101,NORMAL,LOW,48.05,NUMERIC,CLEARED,
2026-09-06 14:41:27,TT-101,NORMAL,LOW,54.89,NUMERIC,CLEARED,
2026-09-06 14:50:21,LT-101,NORMAL,LOW,75.32,NUMERIC,CLEARED,
2026-09-06 14:57:31,LT-101,NORMAL,LOW,,NULL,CLEARED,MISSING_VALUE
2026-09-06 15:01:01,LT-101,NORMAL,LOW,47.44,NUMERIC,CLEARED,
2026-09-06 15:07:12,PT-101,NORMAL,LOW,5.52,NUMERIC,CLEARED,
2026-09-06 15:08:02,PT-101,LOW_PRESSURE,MEDIUM,0.76,NUMERIC,CLEARED,
2026-09-06 15:08:32,M-101,NORMAL,LOW,20.19,NUMERIC,CLEARED,
2026-09-06 15:10:05,M-101,NORMAL,LOW,4.05,NUMERIC,CLEARED,
2026-09-06 15:15:14,TT-101,NORMAL,LOW,66.02,NUMERIC,CLEARED,
2026-09-06 15:16:24,LT-101,NORMAL,LOW,77.49,NUMERIC,CLEARED,
2026-09-06 15:19:14,P-101,NORMAL,LOW,,NULL,CLEARED,MISSING_VALUE
2026-09-06 15:33:21,LT-101,NORMAL,LOW,74.28,NUMERIC,CLEARED,
2026-09-06 15:48:37,V-101,NORMAL,LOW,69.56,NUMERIC,CLEARED,
2026-09-06 15:49:11,FT-101,NORMAL,LOW,36.38,NUMERIC,CLEARED,
2026-09-06 15:54:18,PT-101,NORMAL,LOW,4.04,NUMERIC,CLEARED,
2026-09-06 16:07:08,V-101,NORMAL,LOW,90.25,NUMERIC,CLEARED,
2026-09-06 16:17:00,TT-101,NORMAL,LOW,46.34,NUMERIC,CLEARED,
2026-09-06 16:18:53,FT-101,NORMAL,LOW,33.67,NUMERIC,CLEARED,
2026-09-06 16:20:21,TT-101,HIGH_TEMPERATURE,HIGH,85.38,NUMERIC,CLEARED,
2026-09-06 16:23:51,TT-101,NORMAL,LOW,62.39,NUMERIC,CLEARED,
2026-09-06 16:34:15,M-101,NORMAL,LOW,19.28,NUMERIC,CLEARED,
2026-09-06 16:37:18,FT-101,NORMAL,LOW,37.78,NUMERIC,CLEARED,
2026-09-06 16:39:44,LT-101,NORMAL,LOW,48.53,NUMERIC,CLEARED,
2026-09-06 16:40:07,FT-101,NORMAL,LOW,32.14,NUMERIC,CLEARED,
2026-09-06 16:40:59,V-101,NORMAL,LOW,19,NUMERIC,CLEARED,
2026-09-06 16:41:16,LT-101,NORMAL,LOW,51.98,NUMERIC,CLEARED,
2026-09-06 16:47:57,V-101,NORMAL,LOW,76.98,NUMERIC,CLEARED,
2026-09-06 16:51:46,PT-101,NORMAL,LOW,4.05,NUMERIC,CLEARED,
2026-09-06 16:51:53,FT-101,NORMAL,LOW,25.68,NUMERIC,CLEARED,
2026-09-06 16:56:51,TT-101,NORMAL,LOW,54.39,NUMERIC,CLEARED,
2026-09-06 17:04:59,PT-101,NORMAL,LOW,4.62,NUMERIC,CLEARED,
2026-09-06 17:11:19,TT-101,NORMAL,LOW,49.5,NUMERIC,CLEARED,
2026-09-06 17:20:17,FT-101,NORMAL,LOW,22.44,NUMERIC,CLEARED,
2026-09-06 17:32:51,LT-101,NORMAL,LOW,74.53,NUMERIC,CLEARED,
2026-09-06 17:34:21,PT-101,NORMAL,LOW,5.83,NUMERIC,CLEARED,
2026-09-06 17:47:39,TT-101,NORMAL,LOW,45.39,NUMERIC,CLEARED,
2026-09-06 17:47:40,TT-101,NORMAL,LOW,62.48,NUMERIC,CLEARED,
2026-09-06 17:50:10,PT-101,NORMAL,LOW,5.17,NUMERIC,CLEARED,
2026-09-06 17:50:49,PT-101,NORMAL,LOW,4.06,NUMERIC,CLEARED,
2026-09-06 17:51:52,TT-101,NORMAL,LOW,66.52,NUMERIC,CLEARED,
2026-09-06 17:55:52,TT-101,NORMAL,LOW,73.46,NUMERIC,CLEARED,
2026-09-06 17:59:43,TT-101,NORMAL,LOW,63.23,NUMERIC,CLEARED,
2026-09-06 18:03:09,LT-101,NORMAL,LOW,40.68,NUMERIC,CLEARED,
2026-09-06 18:06:53,LT-101,NORMAL,LOW,58.68,NUMERIC,CLEARED,
2026-09-06 18:10:31,M-101,NORMAL,LOW,10.66,NUMERIC,CLEARED,
2026-09-06 18:14:15,LT-101,NORMAL,LOW,78.76,NUMERIC,CLEARED,
2026-09-06 18:27:03,LT-101,NORMAL,LOW,40.04,NUMERIC,CLEARED,
2026-09-06 18:31:42,TT-101,NORMAL,LOW,65.87,NUMERIC,CLEARED,
2026-09-06 18:40:08,PT-101,HIGH_PRESSURE,CRITICAL,9.75,NUMERIC,CLEARED,
2026-09-06 18:46:27,P-101,COMMUNICATION_LOST,MEDIUM,,NULL,ACTIVE,MISSING_VALUE
2026-09-06 18:54:29,LT-101,NORMAL,LOW,79.17,NUMERIC,CLEARED,
2026-09-06 19:06:42,TT-101,NORMAL,LOW,52.84,NUMERIC,CLEARED,
2026-09-06 19:19:30,TT-101,NORMAL,LOW,74.23,NUMERIC,CLEARED,
2026-09-06 19:20:02,TT-101,NORMAL,LOW,53.35,NUMERIC,CLEARED,
2026-09-06 19:35:44,FT-101,NORMAL,LOW,23.89,NUMERIC,CLEARED,
2026-09-06 20:01:36,TT-101,NORMAL,LOW,72.71,NUMERIC,CLEARED,
2026-09-06 20:05:34,LT-101,NORMAL,LOW,68.03,NUMERIC,CLEARED,
2026-09-06 20:14:20,PT-101,NORMAL,LOW,4.52,NUMERIC,CLEARED,
2026-09-06 20:23:03,LT-101,NORMAL,LOW,49.07,NUMERIC,CLEARED,
2026-09-06 20:36:18,LT-101,NORMAL,LOW,49.87,NUMERIC,CLEARED,
2026-09-06 20:40:06,LT-101,NORMAL,LOW,52.56,NUMERIC,CLEARED,
2026-09-06 20:42:13,FT-101,NORMAL,LOW,21.11,NUMERIC,CLEARED,
2026-09-06 20:44:20,LT-101,NORMAL,LOW,44.78,NUMERIC,CLEARED,
2026-09-06 20:49:10,M-101,NORMAL,LOW,14.3,NUMERIC,CLEARED,
2026-09-06 20:53:04,TT-101,NORMAL,LOW,61.16,NUMERIC,CLEARED,
2026-09-06 21:17:50,PT-101,NORMAL,LOW,5.07,NUMERIC,CLEARED,
2026-09-06 21:27:22,M-101,NORMAL,LOW,22.44,NUMERIC,CLEARED,
2026-09-06 21:28:17,V-101,NORMAL,LOW,69.83,NUMERIC,CLEARED,
2026-09-06 21:31:54,PT-101,NORMAL,LOW,4.49,NUMERIC,CLEARED,
2026-09-06 21:40:00,LT-101,NORMAL,LOW,50.18,NUMERIC,CLEARED,
2026-09-06 21:57:44,FT-101,NORMAL,LOW,28.58,NUMERIC,CLEARED,
2026-09-06 22:07:09,LT-101,NORMAL,LOW,57.65,NUMERIC,CLEARED,
2026-09-06 22:07:47,V-101,NORMAL,LOW,68.13,NUMERIC,CLEARED,
2026-09-06 22:20:25,TT-101,NORMAL,LOW,59.36,NUMERIC,CLEARED,
2026-09-06 22:21:01,FT-101,NORMAL,LOW,37.67,NUMERIC,CLEARED,
2026-09-06 22:37:06,LT-101,NORMAL,LOW,41.88,NUMERIC,CLEARED,
2026-09-06 22:42:06,FT-101,NORMAL,LOW,29.58,NUMERIC,CLEARED,
2026-09-06 22:43:35,PT-101,NORMAL,LOW,5.5,NUMERIC,CLEARED,
2026-09-06 22:51:39,FT-101,NORMAL,LOW,28.71,NUMERIC,CLEARED,
2026-09-06 23:08:14,PT-101,NORMAL,LOW,6.2,NUMERIC,CLEARED,
2026-09-06 23:11:35,TT-101,NORMAL,LOW,72.7,NUMERIC,CLEARED,
2026-09-06 23:20:08,PT-101,NORMAL,LOW,4.56,NUMERIC,CLEARED,
2026-09-06 23:25:36,TT-101,NORMAL,LOW,65.52,NUMERIC,CLEARED,
2026-09-06 23:32:03,FT-101,NORMAL,LOW,33.16,NUMERIC,CLEARED,
2026-09-06 23:33:38,LT-101,NORMAL,LOW,66.89,NUMERIC,CLEARED,
2026-09-06 23:47:22,V-101,NORMAL,LOW,44.52,NUMERIC,CLEARED,
2026-09-06 23:47:32,LT-101,NORMAL,LOW,78.71,NUMERIC,CLEARED,
2026-09-06 23:53:07,LT-101,NORMAL,LOW,72,NUMERIC,CLEARED,
2026-09-06 23:53:31,LT-101,LOW_LEVEL,HIGH,19.18,NUMERIC,CLEARED,
2026-09-06 23:56:22,V-101,NORMAL,LOW,71.84,NUMERIC,CLEARED,
2026-09-06 23:58:50,LT-101,NORMAL,LOW,69.02,NUMERIC,CLEARED,
2026-09-07 00:04:03,PT-101,NORMAL,LOW,6.6,NUMERIC,CLEARED,
2026-09-07 00:09:08,M-101,NORMAL,LOW,11.14,NUMERIC,CLEARED,
2026-09-07 00:12:45,PT-101,NORMAL,LOW,6.64,NUMERIC,CLEARED,
2026-09-07 00:20:32,FT-101,NORMAL,LOW,29.6,NUMERIC,CLEARED,
2026-09-07 00:23:34,FT-101,NORMAL,LOW,38.74,NUMERIC,CLEARED,
2026-09-07 00:32:09,M-101,NORMAL,LOW,21.57,NUMERIC,CLEARED,
2026-09-07 00:32:12,V-101,NORMAL,LOW,44,NUMERIC,CLEARED,
2026-09-07 00:34:28,FT-101,NORMAL,LOW,35.8,NUMERIC,CLEARED,
2026-09-07 00:36:10,PT-101,NORMAL,LOW,5.01,NUMERIC,CLEARED,
2026-09-07 00:50:45,TT-101,NORMAL,LOW,49.48,NUMERIC,CLEARED,
2026-09-07 00:53:05,TT-101,NORMAL,LOW,60.41,NUMERIC,CLEARED,
2026-09-07 00:54:27,PT-101,HIGH_PRESSURE,CRITICAL,9.56,NUMERIC,ACTIVE,
2026-09-07 00:54:36,PT-101,NORMAL,LOW,5.07,NUMERIC,CLEARED,
2026-09-07 00:56:23,TT-101,NORMAL,LOW,46.31,NUMERIC,CLEARED,
2026-09-07 00:59:23,LT-101,NORMAL,LOW,52.04,NUMERIC,CLEARED,
2026-09-07 01:11:56,M-101,HIGH_CURRENT,HIGH,52.5,NUMERIC,CLEARED,
2026-09-07 01:13:34,TT-101,NORMAL,LOW,70.68,NUMERIC,CLEARED,
2026-09-07 01:17:32,FT-101,NORMAL,LOW,21.11,NUMERIC,CLEARED,
2026-09-07 01:20:38,TT-101,NORMAL,LOW,48.71,NUMERIC,CLEARED,
2026-09-07 01:23:49,FT-101,NORMAL,LOW,39.4,NUMERIC,CLEARED,
2026-09-07 01:42:26,LT-101,NORMAL,LOW,76.95,NUMERIC,CLEARED,
2026-09-07 01:50:02,TT-101,NORMAL,LOW,61.53,NUMERIC,CLEARED,
2026-09-07 01:56:40,V-101,NORMAL,LOW,47.87,NUMERIC,CLEARED,
2026-09-07 01:57:47,PT-101,NORMAL,LOW,5.71,NUMERIC,CLEARED,
2026-09-07 02:03:57,TT-101,NORMAL,LOW,65.27,NUMERIC,CLEARED,
2026-09-07 02:04:07,PT-101,NORMAL,LOW,6.46,NUMERIC,CLEARED,
2026-09-07 02:04:17,PT-101,NORMAL,LOW,6.64,NUMERIC,CLEARED,
2026-09-07 02:04:43,FT-101,LOW_FLOW,MEDIUM,7.16,NUMERIC,ACTIVE,
2026-09-07 02:14:01,LT-101,NORMAL,LOW,55.99,NUMERIC,CLEARED,
2026-09-07 02:18:04,FT-101,NORMAL,LOW,35.26,NUMERIC,CLEARED,
2026-09-07 02:28:38,FT-101,NORMAL,LOW,22.07,NUMERIC,CLEARED,
2026-09-07 02:51:51,TT-101,NORMAL,LOW,47.54,NUMERIC,CLEARED,
2026-09-07 02:55:10,V-101,NORMAL,LOW,13.94,NUMERIC,CLEARED,
2026-09-07 03:06:08,PT-101,LOW_PRESSURE,MEDIUM,0.85,NUMERIC,ACTIVE,
2026-09-07 03:07:34,LT-101,NORMAL,LOW,51.69,NUMERIC,CLEARED,
2026-09-07 03:08:41,LT-101,NORMAL,LOW,73.45,NUMERIC,CLEARED,
2026-09-07 03:11:00,PT-101,NORMAL,LOW,5.73,NUMERIC,CLEARED,
2026-09-07 03:11:07,FT-101,NORMAL,LOW,21.99,NUMERIC,CLEARED,
2026-09-07 03:21:47,V-101,NORMAL,LOW,22.82,NUMERIC,CLEARED,
2026-09-07 03:27:27,M-101,NORMAL,LOW,7.72,NUMERIC,CLEARED,
2026-09-07 03:34:16,LT-101,NORMAL,LOW,58.81,NUMERIC,CLEARED,
2026-09-07 03:47:26,PT-101,NORMAL,LOW,5.4,NUMERIC,CLEARED,
2026-09-07 03:49:06,LT-101,NORMAL,LOW,79.26,NUMERIC,CLEARED,
2026-09-07 03:49:58,LT-101,NORMAL,LOW,58.97,NUMERIC,CLEARED,
2026-09-07 03:50:08,M-101,NORMAL,LOW,0.09,NUMERIC,CLEARED,
2026-09-07 03:53:00,LT-101,NORMAL,LOW,61.13,NUMERIC,CLEARED,
2026-09-07 04:04:38,M-101,NORMAL,LOW,3.7,NUMERIC,CLEARED,
2026-09-07 04:10:02,PT-101,LOW_PRESSURE,MEDIUM,0.55,NUMERIC,ACTIVE,
2026-09-07 04:28:41,FT-101,NORMAL,LOW,30.76,NUMERIC,CLEARED,
2026-09-07 04:36:14,FT-101,NORMAL,LOW,32.74,NUMERIC,CLEARED,
2026-09-07 04:40:20,LT-101,NORMAL,LOW,50.69,NUMERIC,CLEARED,
2026-09-07 04:41:41,FT-101,NORMAL,LOW,24.81,NUMERIC,CLEARED,
2026-09-07 04:59:38,PT-101,NORMAL,LOW,6.9,NUMERIC,CLEARED,
2026-09-07 05:08:15,V-101,NORMAL,LOW,84.9,NUMERIC,CLEARED,
2026-09-07 05:11:32,PT-101,NORMAL,LOW,5.14,NUMERIC,CLEARED,
2026-09-07 05:11:53,TT-101,NORMAL,LOW,65.91,NUMERIC,CLEARED,
2026-09-07 05:17:10,FT-101,NORMAL,LOW,27.47,NUMERIC,CLEARED,
2026-09-07 05:18:14,TT-101,NORMAL,LOW,49.02,NUMERIC,CLEARED,
2026-09-07 05:21:59,TT-101,NORMAL,LOW,54.07,NUMERIC,CLEARED,
2026-09-07 05:24:40,LT-101,NORMAL,LOW,59.58,NUMERIC,CLEARED,
2026-09-07 05:37:21,PT-101,NORMAL,LOW,4.72,NUMERIC,CLEARED,
2026-09-07 05:40:28,FT-101,NORMAL,LOW,30.05,NUMERIC,CLEARED,
2026-09-07 05:42:14,FT-101,NORMAL,LOW,27.18,NUMERIC,CLEARED,
2026-09-07 05:46:30,PT-101,NORMAL,LOW,6.23,NUMERIC,CLEARED,
2026-09-07 05:54:42,FT-101,NORMAL,LOW,28.21,NUMERIC,CLEARED,
2026-09-07 05:54:44,LT-101,NORMAL,LOW,61.38,NUMERIC,CLEARED,
2026-09-07 05:56:08,TT-101,NORMAL,LOW,48.15,NUMERIC,CLEARED,
2026-09-07 06:02:49,PT-101,HIGH_PRESSURE,CRITICAL,9.28,NUMERIC,ACTIVE,
2026-09-07 06:10:15,PT-101,NORMAL,LOW,6.2,NUMERIC,CLEARED,
2026-09-07 06:10:57,LT-101,NORMAL,LOW,43.29,NUMERIC,CLEARED,
2026-09-07 06:15:22,TT-101,NORMAL,LOW,48.35,NUMERIC,CLEARED,
2026-09-07 06:22:19,PT-101,NORMAL,LOW,4.58,NUMERIC,CLEARED,
2026-09-07 06:26:36,M-101,NORMAL,LOW,0.97,NUMERIC,CLEARED,
2026-09-07 06:34:58,PT-101,NORMAL,LOW,6.58,NUMERIC,CLEARED,
2026-09-07 06:41:38,FT-101,NORMAL,LOW,37.25,NUMERIC,CLEARED,
2026-09-07 06:43:11,M-101,NORMAL,LOW,3.66,NUMERIC,CLEARED,
2026-09-07 06:44:42,V-101,NORMAL,LOW,63.57,NUMERIC,CLEARED,
2026-09-07 06:47:15,V-101,NORMAL,LOW,52.54,NUMERIC,CLEARED,
2026-09-07 06:48:39,FT-101,NORMAL,LOW,27.71,NUMERIC,CLEARED,
2026-09-07 06:51:50,PT-101,NORMAL,LOW,4.46,NUMERIC,CLEARED,
2026-09-07 07:02:55,LT-101,NORMAL,LOW,54.74,NUMERIC,CLEARED,
2026-09-07 07:07:16,V-101,NORMAL,LOW,64.78,NUMERIC,CLEARED,
2026-09-07 07:07:20,TT-101,NORMAL,LOW,54.2,NUMERIC,CLEARED,
2026-09-07 07:11:22,PT-101,NORMAL,LOW,5.24,NUMERIC,CLEARED,
2026-09-07 07:17:49,V-101,NORMAL,LOW,62.08,NUMERIC,CLEARED,
2026-09-07 07:29:11,M-101,NORMAL,LOW,33.34,NUMERIC,CLEARED,
2026-09-07 07:31:20,FT-101,NORMAL,LOW,32.93,NUMERIC,CLEARED,
2026-09-07 07:34:09,FT-101,NORMAL,LOW,24.99,NUMERIC,CLEARED,
2026-09-07 07:43:34,FT-101,HIGH_FLOW,HIGH,50.26,NUMERIC,ACTIVE,
2026-09-07 07:44:17,PT-101,NORMAL,LOW,6.25,NUMERIC,CLEARED,
2026-09-07 08:03:20,LT-101,NORMAL,LOW,56.79,NUMERIC,CLEARED,
2026-09-07 08:05:58,LT-101,NORMAL,LOW,69.69,NUMERIC,CLEARED,
2026-09-07 08:13:29,FT-101,NORMAL,LOW,30.53,NUMERIC,CLEARED,
2026-09-07 08:17:49,PT-101,NORMAL,LOW,4.36,NUMERIC,CLEARED,
2026-09-07 08:23:29,TT-101,NORMAL,LOW,51.25,NUMERIC,CLEARED,
2026-09-07 08:24:00,PT-101,NORMAL,LOW,6.63,NUMERIC,CLEARED,
2026-09-07 08:24:57,PT-101,NORMAL,LOW,4.01,NUMERIC,CLEARED,
2026-09-07 08:25:56,LT-101,HIGH_LEVEL,CRITICAL,90.63,NUMERIC,CLEARED,
2026-09-07 08:26:16,LT-101,HIGH_LEVEL,CRITICAL,96.66,NUMERIC,ACTIVE,
2026-09-07 08:40:22,FT-101,NORMAL,LOW,37.79,NUMERIC,CLEARED,
2026-09-07 08:51:34,M-101,NORMAL,LOW,7.67,NUMERIC,CLEARED,
2026-09-07 08:54:46,LT-101,NORMAL,LOW,73.74,NUMERIC,CLEARED,
2026-09-07 08:55:31,M-101,HIGH_CURRENT,HIGH,47.07,NUMERIC,CLEARED,
2026-09-07 08:56:56,TT-101,NORMAL,LOW,63.79,NUMERIC,CLEARED,
2026-09-07 09:07:09,V-101,NORMAL,LOW,23.74,NUMERIC,CLEARED,
2026-09-07 09:12:35,TT-101,NORMAL,LOW,51.94,NUMERIC,CLEARED,
2026-09-07 09:12:52,FT-101,NORMAL,LOW,28.24,NUMERIC,CLEARED,
2026-09-07 09:14:22,V-101,NORMAL,LOW,96.89,NUMERIC,CLEARED,
2026-09-07 09:16:16,PT-101,NORMAL,LOW,6.01,NUMERIC,CLEARED,
2026-09-07 09:19:36,V-101,NORMAL,LOW,26.96,NUMERIC,CLEARED,
2026-09-07 09:29:37,LT-101,NORMAL,LOW,52.06,NUMERIC,CLEARED,
2026-09-07 09:38:09,LT-101,NORMAL,LOW,68.91,NUMERIC,CLEARED,
2026-09-07 09:43:34,V-101,NORMAL,LOW,5.56,NUMERIC,CLEARED,
2026-09-07 09:49:38,M-101,HIGH_CURRENT,HIGH,50.68,NUMERIC,ACTIVE,
2026-09-07 09:50:44,LT-101,NORMAL,LOW,47.5,NUMERIC,CLEARED,
2026-09-07 09:58:02,TT-101,NORMAL,LOW,66.62,NUMERIC,CLEARED,
2026-09-07 09:58:49,LT-101,NORMAL,LOW,73.2,NUMERIC,CLEARED,
2026-09-07 10:01:31,M-101,NORMAL,LOW,6.13,NUMERIC,CLEARED,
2026-09-07 10:06:31,PT-101,NORMAL,LOW,5.99,NUMERIC,CLEARED,
2026-09-07 10:09:25,V-101,VALVE_FAILURE,HIGH,23.88,NUMERIC,ACKNOWLEDGED,
2026-09-07 10:29:25,FT-101,NORMAL,LOW,34.87,NUMERIC,CLEARED,
2026-09-07 10:29:41,M-101,NORMAL,LOW,6.31,NUMERIC,CLEARED,
2026-09-07 10:37:36,V-101,NORMAL,LOW,93.8,NUMERIC,CLEARED,
2026-09-07 10:40:30,PT-101,NORMAL,LOW,6.52,NUMERIC,CLEARED,
2026-09-07 10:42:26,FT-101,NORMAL,LOW,25.26,NUMERIC,CLEARED,
2026-09-07 10:56:22,FT-101,NORMAL,LOW,29.66,NUMERIC,CLEARED,
2026-09-07 10:59:37,LT-101,NORMAL,LOW,54.15,NUMERIC,CLEARED,
2026-09-07 11:01:29,M-101,NORMAL,LOW,8.07,NUMERIC,CLEARED,
2026-09-07 11:02:14,TT-101,HIGH_TEMPERATURE,HIGH,102.36,NUMERIC,ACKNOWLEDGED,
2026-09-07 11:03:05,TT-101,NORMAL,LOW,50.63,NUMERIC,CLEARED,
2026-09-07 11:04:53,TT-101,NORMAL,LOW,57.34,NUMERIC,CLEARED,
2026-09-07 11:05:23,PT-101,NORMAL,LOW,6,NUMERIC,CLEARED,
2026-09-07 11:07:35,LT-101,NORMAL,LOW,70.13,NUMERIC,CLEARED,
2026-09-07 11:08:29,PT-101,NORMAL,LOW,6.09,NUMERIC,CLEARED,
2026-09-07 11:24:01,PT-101,NORMAL,LOW,4.8,NUMERIC,CLEARED,
2026-09-07 11:31:23,TT-101,NORMAL,LOW,58.14,NUMERIC,CLEARED,
2026-09-07 11:33:33,LT-101,NORMAL,LOW,46.11,NUMERIC,CLEARED,
2026-09-07 11:36:53,LT-101,NORMAL,LOW,52.22,NUMERIC,CLEARED,
2026-09-07 11:37:08,M-101,NORMAL,LOW,7.73,NUMERIC,CLEARED,
2026-09-07 11:43:48,M-101,NORMAL,LOW,33.67,NUMERIC,CLEARED,
2026-09-07 11:47:57,V-101,NORMAL,LOW,30.82,NUMERIC,CLEARED,
2026-09-07 11:52:33,FT-101,NORMAL,LOW,37.76,NUMERIC,CLEARED,
2026-09-07 11:58:43,PT-101,NORMAL,LOW,6.99,NUMERIC,CLEARED,
2026-09-07 11:59:48,V-101,NORMAL,LOW,21.23,NUMERIC,CLEARED,
2026-09-07 12:14:10,TT-101,NORMAL,LOW,70.6,NUMERIC,CLEARED,
2026-09-07 12:21:15,M-101,NORMAL,LOW,17.29,NUMERIC,CLEARED,
2026-09-07 12:44:50,TT-101,NORMAL,LOW,57.94,NUMERIC,CLEARED,
2026-09-07 12:49:45,PT-101,LOW_PRESSURE,MEDIUM,0.4,NUMERIC,CLEARED,
2026-09-07 12:51:36,FT-101,HIGH_FLOW,HIGH,58.69,NUMERIC,ACTIVE,
2026-09-07 12:51:44,PT-101,NORMAL,LOW,6.87,NUMERIC,CLEARED,
2026-09-07 12:51:48,TT-101,HIGH_TEMPERATURE,HIGH,96.61,NUMERIC,CLEARED,
2026-09-07 12:54:01,TT-101,HIGH_TEMPERATURE,HIGH,99.23,NUMERIC,CLEARED,
2026-09-07 12:55:29,PT-101,NORMAL,LOW,4.51,NUMERIC,CLEARED,
2026-09-07 12:59:52,LT-101,NORMAL,LOW,60.43,NUMERIC,CLEARED,
2026-09-07 13:00:56,FT-101,HIGH_FLOW,HIGH,50.83,NUMERIC,ACTIVE,
2026-09-07 13:10:53,V-101,NORMAL,LOW,27.32,NUMERIC,CLEARED,
2026-09-07 13:19:46,TT-101,NORMAL,LOW,69.8,NUMERIC,CLEARED,
2026-09-07 13:25:11,PT-101,NORMAL,LOW,6.65,NUMERIC,CLEARED,
2026-09-07 13:27:20,PT-101,NORMAL,LOW,4.46,NUMERIC,CLEARED,
2026-09-07 13:28:39,TT-101,NORMAL,LOW,66.71,NUMERIC,CLEARED,
2026-09-07 13:31:50,V-101,NORMAL,LOW,68.75,NUMERIC,CLEARED,
2026-09-07 13:34:02,FT-101,NORMAL,LOW,34.24,NUMERIC,CLEARED,
2026-09-07 13:34:50,TT-101,NORMAL,LOW,60.71,NUMERIC,CLEARED,
2026-09-07 13:40:53,PT-101,NORMAL,LOW,4.99,NUMERIC,CLEARED,
2026-09-07 13:42:15,TT-101,NORMAL,LOW,45.49,NUMERIC,CLEARED,
2026-09-07 13:51:24,PT-101,NORMAL,LOW,5.37,NUMERIC,CLEARED,
2026-09-07 13:51:57,V-101,NORMAL,LOW,73.62,NUMERIC,CLEARED,
2026-09-07 14:03:36,PT-101,NORMAL,LOW,6.66,NUMERIC,CLEARED,
2026-09-07 14:04:02,M-101,NORMAL,LOW,22.42,NUMERIC,CLEARED,
2026-09-07 14:08:20,TT-101,NORMAL,LOW,72.98,NUMERIC,CLEARED,
2026-09-07 14:09:08,M-101,NORMAL,LOW,16.87,NUMERIC,CLEARED,
2026-09-07 14:10:03,P-101,PUMP_FAILURE,CRITICAL,STOPPED,STATE,CLEARED,
2026-09-07 14:11:24,V-101,NORMAL,LOW,97.5,NUMERIC,CLEARED,
2026-09-07 14:13:47,FT-101,NORMAL,LOW,39.77,NUMERIC,CLEARED,
2026-09-07 14:13:59,V-101,NORMAL,LOW,72.46,NUMERIC,CLEARED,
2026-09-07 14:20:57,M-101,NORMAL,LOW,3.86,NUMERIC,CLEARED,
2026-09-07 14:23:00,M-101,NORMAL,LOW,34.87,NUMERIC,CLEARED,
2026-09-07 14:26:01,PT-101,NORMAL,LOW,5.38,NUMERIC,CLEARED,
2026-09-07 14:27:57,M-101,NORMAL,LOW,7.39,NUMERIC,CLEARED,
2026-09-07 14:33:04,LT-101,NORMAL,LOW,64.09,NUMERIC,CLEARED,
2026-09-07 14:33:32,FT-101,NORMAL,LOW,28.87,NUMERIC,CLEARED,
2026-09-07 14:39:40,FT-101,NORMAL,LOW,26.64,NUMERIC,CLEARED,
2026-09-07 14:40:26,LT-101,NORMAL,LOW,43.73,NUMERIC,CLEARED,
2026-09-07 14:45:33,TT-101,NORMAL,LOW,67.5,NUMERIC,CLEARED,
2026-09-07 14:47:30,M-101,NORMAL,LOW,8.18,NUMERIC,CLEARED,
2026-09-07 14:50:13,LT-101,NORMAL,LOW,71.82,NUMERIC,CLEARED,
2026-09-07 14:55:22,V-101,NORMAL,LOW,38.73,NUMERIC,CLEARED,
2026-09-07 14:58:34,TT-101,HIGH_TEMPERATURE,HIGH,88.53,NUMERIC,CLEARED,
2026-09-07 15:02:17,LT-101,NORMAL,LOW,51.91,NUMERIC,CLEARED,
2026-09-07 15:04:50,TT-101,NORMAL,LOW,54.17,NUMERIC,CLEARED,
2026-09-07 15:21:33,TT-101,NORMAL,LOW,52.52,NUMERIC,CLEARED,
2026-09-07 15:27:08,M-101,NORMAL,LOW,29.46,NUMERIC,CLEARED,
2026-09-07 15:31:53,FT-101,NORMAL,LOW,35.1,NUMERIC,CLEARED,
2026-09-07 15:32:49,PT-101,NORMAL,LOW,5.7,NUMERIC,CLEARED,
2026-09-07 15:55:13,TT-101,NORMAL,LOW,56.79,NUMERIC,CLEARED,
2026-09-07 16:08:04,TT-101,NORMAL,LOW,53.64,NUMERIC,CLEARED,
2026-09-07 16:09:38,PT-101,NORMAL,LOW,4.3,NUMERIC,CLEARED,
2026-09-07 16:13:51,PT-101,NORMAL,LOW,6.72,NUMERIC,CLEARED,
2026-09-07 16:21:41,PT-101,NORMAL,LOW,5.71,NUMERIC,CLEARED,
2026-09-07 16:24:01,PT-101,NORMAL,LOW,4.56,NUMERIC,CLEARED,
2026-09-07 16:24:02,LT-101,NORMAL,LOW,78,NUMERIC,CLEARED,
2026-09-07 16:26:26,PT-101,NORMAL,LOW,4.16,NUMERIC,CLEARED,
2026-09-07 16:31:56,TT-101,NORMAL,LOW,74.72,NUMERIC,CLEARED,
2026-09-07 16:43:16,LT-101,NORMAL,LOW,42.34,NUMERIC,CLEARED,
2026-09-07 16:44:47,PT-101,NORMAL,LOW,6.01,NUMERIC,CLEARED,
2026-09-07 16:51:41,PT-101,HIGH_PRESSURE,CRITICAL,9.66,NUMERIC,ACTIVE,
2026-09-07 16:56:41,TT-101,NORMAL,LOW,65.22,NUMERIC,CLEARED,
2026-09-07 17:09:09,LT-101,NORMAL,LOW,50.07,NUMERIC,CLEARED,
2026-09-07 17:10:05,FT-101,NORMAL,LOW,39.95,NUMERIC,CLEARED,
2026-09-07 17:15:10,PT-101,NORMAL,LOW,4.36,NUMERIC,CLEARED,
2026-09-07 17:16:19,LT-101,NORMAL,LOW,56.22,NUMERIC,CLEARED,
2026-09-07 17:21:26,PT-101,NORMAL,LOW,4.18,NUMERIC,CLEARED,
2026-09-07 17:23:24,PT-101,NORMAL,LOW,5.82,NUMERIC,CLEARED,
2026-09-07 17:25:09,LT-101,NORMAL,LOW,76.05,NUMERIC,CLEARED,
2026-09-07 17:26:23,PT-101,NORMAL,LOW,4.09,NUMERIC,CLEARED,
2026-09-07 17:29:31,PT-101,NORMAL,LOW,5.31,NUMERIC,CLEARED,
2026-09-07 17:45:37,FT-101,NORMAL,LOW,27.61,NUMERIC,CLEARED,
2026-09-07 17:50:59,FT-101,NORMAL,LOW,24.35,NUMERIC,CLEARED,
2026-09-07 17:54:59,LT-101,NORMAL,LOW,73.26,NUMERIC,CLEARED,
2026-09-07 18:06:13,FT-101,NORMAL,LOW,20.64,NUMERIC,CLEARED,
2026-09-07 18:21:13,V-101,NORMAL,LOW,34.93,NUMERIC,CLEARED,
2026-09-07 18:39:55,M-101,NORMAL,LOW,20.89,NUMERIC,CLEARED,
2026-09-07 18:46:36,LT-101,NORMAL,LOW,73.52,NUMERIC,CLEARED,
2026-09-07 18:46:42,V-101,NORMAL,LOW,46.56,NUMERIC,CLEARED,
2026-09-07 18:52:14,FT-101,NORMAL,LOW,22.04,NUMERIC,CLEARED,
2026-09-07 19:09:27,PT-101,NORMAL,LOW,5.02,NUMERIC,CLEARED,
2026-09-07 19:16:16,M-101,NORMAL,LOW,21.56,NUMERIC,CLEARED,
2026-09-07 19:19:27,LT-101,NORMAL,LOW,61.45,NUMERIC,CLEARED,
2026-09-07 19:25:45,TT-101,NORMAL,LOW,58.68,NUMERIC,CLEARED,
2026-09-07 19:26:41,LT-101,NORMAL,LOW,78.98,NUMERIC,CLEARED,
2026-09-07 19:27:54,FT-101,NORMAL,LOW,35.1,NUMERIC,CLEARED,
2026-09-07 19:28:39,M-101,NORMAL,LOW,17.61,NUMERIC,CLEARED,
2026-09-07 19:30:32,V-101,NORMAL,LOW,4.2,NUMERIC,CLEARED,
2026-09-07 19:37:58,PT-101,NORMAL,LOW,6.63,NUMERIC,CLEARED,
2026-09-07 19:44:06,PT-101,NORMAL,LOW,4.25,NUMERIC,CLEARED,
2026-09-07 19:48:21,PT-101,NORMAL,LOW,6.39,NUMERIC,CLEARED,
2026-09-07 19:56:15,LT-101,NORMAL,LOW,42.37,NUMERIC,CLEARED,
2026-09-07 19:58:34,LT-101,NORMAL,LOW,61.78,NUMERIC,CLEARED,
2026-09-07 19:59:42,PT-101,NORMAL,LOW,6.78,NUMERIC,CLEARED,
2026-09-07 20:07:00,TT-101,NORMAL,LOW,65.44,NUMERIC,CLEARED,
2026-09-07 20:07:16,TT-101,NORMAL,LOW,61.02,NUMERIC,CLEARED,
2026-09-07 20:15:27,TT-101,NORMAL,LOW,59.89,NUMERIC,CLEARED,
2026-09-07 20:21:04,PT-101,NORMAL,LOW,6.56,NUMERIC,CLEARED,
2026-09-07 20:24:05,FT-101,NORMAL,LOW,31.49,NUMERIC,CLEARED,
2026-09-07 20:27:15,TT-101,NORMAL,LOW,67.14,NUMERIC,CLEARED,
2026-09-07 20:33:10,FT-101,NORMAL,LOW,22.41,NUMERIC,CLEARED,
2026-09-07 20:34:06,TT-101,NORMAL,LOW,46.03,NUMERIC,CLEARED,
2026-09-07 20:36:35,PT-101,NORMAL,LOW,4.49,NUMERIC,CLEARED,
2026-09-07 20:42:42,FT-101,NORMAL,LOW,38.27,NUMERIC,CLEARED,
2026-09-07 20:47:01,FT-101,NORMAL,LOW,36.46,NUMERIC,CLEARED,
2026-09-07 20:48:50,LT-101,NORMAL,LOW,71.71,NUMERIC,CLEARED,
2026-09-07 20:52:47,FT-101,NORMAL,LOW,33,NUMERIC,CLEARED,
2026-09-07 20:55:06,LT-101,NORMAL,LOW,62.07,NUMERIC,CLEARED,
2026-09-07 20:56:04,PT-101,NORMAL,LOW,5.54,NUMERIC,CLEARED,
2026-09-07 21:00:56,FT-101,NORMAL,LOW,22.98,NUMERIC,CLEARED,
2026-09-07 21:03:24,PT-101,NORMAL,LOW,4.13,NUMERIC,CLEARED,
2026-09-07 21:06:21,LT-101,NORMAL,LOW,75.34,NUMERIC,CLEARED,
2026-09-07 21:16:50,PT-101,NORMAL,LOW,5.1,NUMERIC,CLEARED,
2026-09-07 21:20:42,FT-101,NORMAL,LOW,35.45,NUMERIC,CLEARED,
2026-09-07 21:21:04,LT-101,NORMAL,LOW,78.58,NUMERIC,CLEARED,
2026-09-07 21:29:08,M-101,HIGH_CURRENT,HIGH,53.97,NUMERIC,CLEARED,
2026-09-07 21:31:31,LT-101,NORMAL,LOW,63.92,NUMERIC,CLEARED,
2026-09-07 21:36:17,TT-101,NORMAL,LOW,68.74,NUMERIC,CLEARED,
2026-09-07 21:51:51,TT-101,NORMAL,LOW,59.9,NUMERIC,CLEARED,
2026-09-07 21:55:51,V-101,NORMAL,LOW,44.46,NUMERIC,CLEARED,
2026-09-07 21:57:40,LT-101,NORMAL,LOW,41.31,NUMERIC,CLEARED,
2026-09-07 22:08:45,LT-101,NORMAL,LOW,69.86,NUMERIC,CLEARED,
2026-09-07 22:08:50,PT-101,NORMAL,LOW,4.93,NUMERIC,CLEARED,
2026-09-07 22:12:23,PT-101,NORMAL,LOW,4.76,NUMERIC,CLEARED,
2026-09-07 22:13:51,PT-101,NORMAL,LOW,6.14,NUMERIC,CLEARED,
2026-09-07 22:16:48,FT-101,NORMAL,LOW,32.55,NUMERIC,CLEARED,
2026-09-07 22:24:52,PT-101,NORMAL,LOW,6.94,NUMERIC,CLEARED,
2026-09-07 22:27:26,PT-101,NORMAL,LOW,5.93,NUMERIC,CLEARED,
2026-09-07 22:30:09,PT-101,NORMAL,LOW,6.12,NUMERIC,CLEARED,
2026-09-07 22:47:46,FT-101,LOW_FLOW,MEDIUM,7.59,NUMERIC,ACKNOWLEDGED,
2026-09-07 22:48:29,TT-101,NORMAL,LOW,73.89,NUMERIC,CLEARED,
2026-09-07 22:53:15,LT-101,NORMAL,LOW,51.19,NUMERIC,CLEARED,
2026-09-07 22:53:28,LT-101,NORMAL,LOW,57.01,NUMERIC,CLEARED,
2026-09-07 23:09:33,PT-101,NORMAL,LOW,5.85,NUMERIC,CLEARED,
2026-09-07 23:09:48,M-101,NORMAL,LOW,13.95,NUMERIC,CLEARED,
2026-09-07 23:20:25,LT-101,NORMAL,LOW,55.04,NUMERIC,CLEARED,
2026-09-07 23:21:06,PT-101,NORMAL,LOW,5.79,NUMERIC,CLEARED,
2026-09-07 23:21:55,TT-101,NORMAL,LOW,64.85,NUMERIC,CLEARED,
2026-09-07 23:26:46,FT-101,NORMAL,LOW,25.92,NUMERIC,CLEARED,
2026-09-07 23:31:00,PT-101,NORMAL,LOW,6.28,NUMERIC,CLEARED,
2026-09-07 23:37:25,PT-101,HIGH_PRESSURE,CRITICAL,8.78,NUMERIC,ACKNOWLEDGED,
2026-09-07 23:38:50,LT-101,NORMAL,LOW,47.91,NUMERIC,CLEARED,
2026-09-07 23:39:15,M-101,NORMAL,LOW,34.94,NUMERIC,CLEARED,
2026-09-07 23:45:11,PT-101,NORMAL,LOW,6.4,NUMERIC,CLEARED,
2026-09-07 23:47:36,LT-101,NORMAL,LOW,62.22,NUMERIC,CLEARED,
2026-09-07 23:48:05,LT-101,HIGH_LEVEL,CRITICAL,97.72,NUMERIC,ACTIVE,
2026-09-07 23:50:18,PT-101,NORMAL,LOW,4.81,NUMERIC,CLEARED,
2026-09-07 23:56:48,PT-101,NORMAL,LOW,5.93,NUMERIC,CLEARED,
2026-09-07 23:58:04,PT-101,NORMAL,LOW,5.59,NUMERIC,CLEARED,
2026-09-08 00:08:21,TT-101,NORMAL,LOW,69.76,NUMERIC,CLEARED,
2026-09-08 00:10:09,PT-101,NORMAL,LOW,4.1,NUMERIC,CLEARED,
2026-09-08 00:12:52,PT-101,HIGH_PRESSURE,CRITICAL,9.15,NUMERIC,CLEARED,
2026-09-08 00:13:09,LT-101,NORMAL,LOW,48.25,NUMERIC,CLEARED,
2026-09-08 00:24:37,TT-101,NORMAL,LOW,45.84,NUMERIC,CLEARED,
2026-09-08 00:27:07,FT-101,NORMAL,LOW,38.44,NUMERIC,CLEARED,
2026-09-08 00:28:17,TT-101,HIGH_TEMPERATURE,HIGH,95.4,NUMERIC,CLEARED,
2026-09-08 00:28:47,TT-101,HIGH_TEMPERATURE,HIGH,96.09,NUMERIC,ACKNOWLEDGED,
2026-09-08 00:33:00,LT-101,NORMAL,LOW,69.07,NUMERIC,CLEARED,
2026-09-08 00:35:39,FT-101,NORMAL,LOW,34.17,NUMERIC,CLEARED,
2026-09-08 00:40:59,PT-101,NORMAL,LOW,6.71,NUMERIC,CLEARED,
2026-09-08 01:02:44,LT-101,NORMAL,LOW,48.03,NUMERIC,CLEARED,
2026-09-08 01:07:00,TT-101,NORMAL,LOW,59.43,NUMERIC,CLEARED,
2026-09-08 01:14:22,LT-101,NORMAL,LOW,74.25,NUMERIC,CLEARED,
2026-09-08 01:18:54,FT-101,NORMAL,LOW,22.57,NUMERIC,CLEARED,
2026-09-08 01:21:11,TT-101,NORMAL,LOW,52.3,NUMERIC,CLEARED,
2026-09-08 01:23:35,TT-101,NORMAL,LOW,65.86,NUMERIC,CLEARED,
2026-09-08 01:29:03,LT-101,NORMAL,LOW,52.93,NUMERIC,CLEARED,
2026-09-08 01:41:06,PT-101,NORMAL,LOW,5.02,NUMERIC,CLEARED,
2026-09-08 01:44:52,FT-101,NORMAL,LOW,31.02,NUMERIC,CLEARED,
2026-09-08 01:53:27,PT-101,NORMAL,LOW,6.41,NUMERIC,CLEARED,
2026-09-08 01:55:55,PT-101,NORMAL,LOW,5.3,NUMERIC,CLEARED,
2026-09-08 02:00:13,FT-101,NORMAL,LOW,33.26,NUMERIC,CLEARED,
2026-09-08 02:00:44,PT-101,NORMAL,LOW,,NULL,CLEARED,MISSING_VALUE
2026-09-08 02:12:00,LT-101,NORMAL,LOW,70.02,NUMERIC,CLEARED,
2026-09-08 02:35:16,M-101,NORMAL,LOW,27.36,NUMERIC,CLEARED,
2026-09-08 02:39:25,M-101,NORMAL,LOW,33.41,NUMERIC,CLEARED,
2026-09-08 02:44:10,M-101,NORMAL,LOW,14.18,NUMERIC,CLEARED,
2026-09-08 02:49:00,TT-101,NORMAL,LOW,69.78,NUMERIC,CLEARED,
2026-09-08 02:50:43,TT-101,NORMAL,LOW,60.45,NUMERIC,CLEARED,
2026-09-08 02:56:50,V-101,NORMAL,LOW,0.02,NUMERIC,CLEARED,
2026-09-08 02:56:58,FT-101,NORMAL,LOW,25.89,NUMERIC,CLEARED,
2026-09-08 02:57:57,LT-101,NORMAL,LOW,70.39,NUMERIC,CLEARED,
2026-09-08 03:18:30,PT-101,NORMAL,LOW,4.31,NUMERIC,CLEARED,
2026-09-08 03:21:52,TT-101,HIGH_TEMPERATURE,HIGH,104.62,NUMERIC,ACKNOWLEDGED,
2026-09-08 03:27:24,LT-101,NORMAL,LOW,61.08,NUMERIC,CLEARED,
2026-09-08 03:31:46,TT-101,NORMAL,LOW,50.28,NUMERIC,CLEARED,
2026-09-08 03:32:59,PT-101,NORMAL,LOW,6.55,NUMERIC,CLEARED,
2026-09-08 03:37:09,PT-101,LOW_PRESSURE,MEDIUM,1.82,NUMERIC,ACTIVE,
2026-09-08 03:37:22,M-101,NORMAL,LOW,0.67,NUMERIC,CLEARED,
2026-09-08 03:47:20,V-101,NORMAL,LOW,67.75,NUMERIC,CLEARED,
2026-09-08 03:50:22,PT-101,NORMAL,LOW,4,NUMERIC,CLEARED,
2026-09-08 03:57:08,PT-101,NORMAL,LOW,6.23,NUMERIC,CLEARED,
2026-09-08 03:58:22,LT-101,NORMAL,LOW,63.03,NUMERIC,CLEARED,
2026-09-08 04:02:45,M-101,NORMAL,LOW,13.39,NUMERIC,CLEARED,
2026-09-08 04:04:16,PT-101,NORMAL,LOW,6.46,NUMERIC,CLEARED,
2026-09-08 04:09:08,LT-101,HIGH_LEVEL,CRITICAL,92.42,NUMERIC,ACTIVE,
2026-09-08 04:22:10,FT-101,HIGH_FLOW,HIGH,55.53,NUMERIC,CLEARED,
2026-09-08 04:22:44,M-101,NORMAL,LOW,9.66,NUMERIC,CLEARED,
2026-09-08 04:23:05,TT-101,NORMAL,LOW,49.43,NUMERIC,CLEARED,
2026-09-08 04:35:41,TT-101,NORMAL,LOW,53.76,NUMERIC,CLEARED,
2026-09-08 04:52:49,M-101,NORMAL,LOW,25.44,NUMERIC,CLEARED,
2026-09-08 04:55:08,PT-101,NORMAL,LOW,5.58,NUMERIC,CLEARED,
2026-09-08 05:01:31,FT-101,NORMAL,LOW,36.9,NUMERIC,CLEARED,
2026-09-08 05:02:18,FT-101,NORMAL,LOW,37.56,NUMERIC,CLEARED,
2026-09-08 05:07:14,TT-101,NORMAL,LOW,47.24,NUMERIC,CLEARED,
2026-09-08 05:10:05,V-101,NORMAL,LOW,44.6,NUMERIC,CLEARED,
2026-09-08 05:11:19,TT-101,NORMAL,LOW,69.62,NUMERIC,CLEARED,
2026-09-08 05:21:36,TT-101,NORMAL,LOW,63.93,NUMERIC,CLEARED,
2026-09-08 05:28:40,PT-101,NORMAL,LOW,4.9,NUMERIC,CLEARED,
2026-09-08 05:28:41,V-101,NORMAL,LOW,9.63,NUMERIC,CLEARED,
2026-09-08 05:33:44,PT-101,NORMAL,LOW,6.78,NUMERIC,CLEARED,
2026-09-08 05:34:22,PT-101,NORMAL,LOW,6.35,NUMERIC,CLEARED,
2026-09-08 05:42:24,LT-101,NORMAL,LOW,79.69,NUMERIC,CLEARED,
2026-09-08 05:53:18,PT-101,NORMAL,LOW,5.14,NUMERIC,CLEARED,
2026-09-08 05:56:15,FT-101,NORMAL,LOW,39.36,NUMERIC,CLEARED,
2026-09-08 05:58:16,TT-101,NORMAL,LOW,48.53,NUMERIC,CLEARED,
2026-09-08 06:02:41,LT-101,NORMAL,LOW,52.67,NUMERIC,CLEARED,
2026-09-08 06:13:49,P-101,COMMUNICATION_LOST,MEDIUM,,NULL,CLEARED,MISSING_VALUE
2026-09-08 06:14:10,PT-101,NORMAL,LOW,6.88,NUMERIC,CLEARED,
2026-09-08 06:21:32,TT-101,NORMAL,LOW,70.71,NUMERIC,CLEARED,
2026-09-08 06:23:50,TT-101,NORMAL,LOW,63.62,NUMERIC,CLEARED,
2026-09-08 06:34:16,LT-101,HIGH_LEVEL,CRITICAL,91.45,NUMERIC,ACKNOWLEDGED,
2026-09-08 06:39:11,TT-101,NORMAL,LOW,57.6,NUMERIC,CLEARED,
2026-09-08 06:58:00,V-101,NORMAL,LOW,50.22,NUMERIC,CLEARED,
2026-09-08 06:58:24,LT-101,NORMAL,LOW,42.19,NUMERIC,CLEARED,
2026-09-08 07:12:22,V-101,NORMAL,LOW,38.27,NUMERIC,CLEARED,
2026-09-08 07:24:03,LT-101,NORMAL,LOW,57.3,NUMERIC,CLEARED,
2026-09-08 07:32:04,LT-101,NORMAL,LOW,46.34,NUMERIC,CLEARED,
2026-09-08 07:32:57,LT-101,NORMAL,LOW,79.63,NUMERIC,CLEARED,
2026-09-08 07:38:01,LT-101,NORMAL,LOW,47.2,NUMERIC,CLEARED,
2026-09-08 07:40:10,PT-101,NORMAL,LOW,4.16,NUMERIC,CLEARED,
2026-09-08 07:48:00,TT-101,NORMAL,LOW,46.01,NUMERIC,CLEARED,
2026-09-08 07:52:18,LT-101,NORMAL,LOW,70.37,NUMERIC,CLEARED,
2026-09-08 08:02:48,V-101,VALVE_FAILURE,HIGH,28.44,NUMERIC,ACTIVE,
2026-09-08 08:12:55,LT-101,NORMAL,LOW,67.62,NUMERIC,CLEARED,
2026-09-08 08:21:49,PT-101,NORMAL,LOW,5.88,NUMERIC,CLEARED,
2026-09-08 08:22:30,FT-101,NORMAL,LOW,24.84,NUMERIC,CLEARED,
2026-09-08 08:23:04,LT-101,NORMAL,LOW,68.35,NUMERIC,CLEARED,
2026-09-08 08:26:52,PT-101,NORMAL,LOW,4.17,NUMERIC,CLEARED,
2026-09-08 08:29:22,LT-101,NORMAL,LOW,64.4,NUMERIC,CLEARED,
2026-09-08 08:34:00,LT-101,NORMAL,LOW,45.53,NUMERIC,CLEARED,
2026-09-08 08:44:38,PT-101,NORMAL,LOW,6.37,NUMERIC,CLEARED,
2026-09-08 08:48:47,FT-101,HIGH_FLOW,HIGH,53.77,NUMERIC,CLEARED,
2026-09-08 08:49:34,TT-101,NORMAL,LOW,60.77,NUMERIC,CLEARED,
2026-09-08 08:50:42,LT-101,NORMAL,LOW,46.04,NUMERIC,CLEARED,
2026-09-08 08:54:23,LT-101,NORMAL,LOW,43.35,NUMERIC,CLEARED,
2026-09-08 08:57:43,PT-101,NORMAL,LOW,6.8,NUMERIC,CLEARED,
2026-09-08 08:57:56,FT-101,NORMAL,LOW,36.04,NUMERIC,CLEARED,
2026-09-08 09:01:43,LT-101,NORMAL,LOW,77,NUMERIC,CLEARED,
2026-09-08 09:02:57,LT-101,HIGH_LEVEL,CRITICAL,95.29,NUMERIC,ACKNOWLEDGED,
2026-09-08 09:09:08,FT-101,NORMAL,LOW,24.53,NUMERIC,CLEARED,
2026-09-08 09:19:55,PT-101,NORMAL,LOW,6.98,NUMERIC,CLEARED,
2026-09-08 09:22:06,LT-101,NORMAL,LOW,68.71,NUMERIC,CLEARED,
2026-09-08 09:29:45,LT-101,NORMAL,LOW,60.47,NUMERIC,CLEARED,
2026-09-08 09:36:02,FT-101,NORMAL,LOW,38.89,NUMERIC,CLEARED,
2026-09-08 09:38:09,V-101,NORMAL,LOW,47.38,NUMERIC,CLEARED,
2026-09-08 09:42:24,TT-101,NORMAL,LOW,70.35,NUMERIC,CLEARED,
2026-09-08 09:45:26,PT-101,NORMAL,LOW,4.39,NUMERIC,CLEARED,
2026-09-08 09:50:14,TT-101,NORMAL,LOW,52.65,NUMERIC,CLEARED,
2026-09-08 10:05:26,V-101,NORMAL,LOW,27.27,NUMERIC,CLEARED,
2026-09-08 10:16:33,V-101,NORMAL,LOW,12.42,NUMERIC,CLEARED,
2026-09-08 10:18:30,LT-101,NORMAL,LOW,71.03,NUMERIC,CLEARED,
2026-09-08 10:25:27,LT-101,NORMAL,LOW,63.81,NUMERIC,CLEARED,
2026-09-08 10:26:10,V-101,NORMAL,LOW,60.67,NUMERIC,CLEARED,
2026-09-08 10:37:46,PT-101,NORMAL,LOW,5.34,NUMERIC,CLEARED,
2026-09-08 10:45:48,PT-101,NORMAL,LOW,5.98,NUMERIC,CLEARED,
2026-09-08 10:49:21,M-101,NORMAL,LOW,24.25,NUMERIC,CLEARED,
2026-09-08 10:52:27,V-101,NORMAL,LOW,97.78,NUMERIC,CLEARED,
2026-09-08 10:54:36,TT-101,NORMAL,LOW,66.41,NUMERIC,CLEARED,
2026-09-08 10:54:53,PT-101,NORMAL,LOW,5.88,NUMERIC,CLEARED,
2026-09-08 10:56:00,LT-101,NORMAL,LOW,73.59,NUMERIC,CLEARED,
2026-09-08 11:01:10,V-101,NORMAL,LOW,37.25,NUMERIC,CLEARED,
2026-09-08 11:02:28,PT-101,NORMAL,LOW,,NULL,CLEARED,MISSING_VALUE
2026-09-08 11:04:17,V-101,NORMAL,LOW,42.26,NUMERIC,CLEARED,
2026-09-08 11:08:57,M-101,NORMAL,LOW,22.93,NUMERIC,CLEARED,
2026-09-08 11:12:53,TT-101,NORMAL,LOW,57.16,NUMERIC,CLEARED,
2026-09-08 11:17:11,V-101,NORMAL,LOW,93.66,NUMERIC,CLEARED,
2026-09-08 11:20:25,TT-101,NORMAL,LOW,49.06,NUMERIC,CLEARED,
2026-09-08 11:22:52,M-101,NORMAL,LOW,2.35,NUMERIC,CLEARED,
2026-09-08 11:23:21,V-101,NORMAL,LOW,11.75,NUMERIC,CLEARED,
2026-09-08 11:27:06,FT-101,NORMAL,LOW,24.33,NUMERIC,CLEARED,
2026-09-08 11:34:16,TT-101,NORMAL,LOW,63.11,NUMERIC,CLEARED,
2026-09-08 11:35:53,PT-101,NORMAL,LOW,4.44,NUMERIC,CLEARED,
2026-09-08 11:41:31,TT-101,NORMAL,LOW,47.59,NUMERIC,CLEARED,
2026-09-08 11:42:59,PT-101,LOW_PRESSURE,MEDIUM,1.21,NUMERIC,CLEARED,
2026-09-08 11:44:44,LT-101,NORMAL,LOW,68.47,NUMERIC,CLEARED,
2026-09-08 11:46:17,V-101,COMMUNICATION_LOST,MEDIUM,,NULL,CLEARED,MISSING_VALUE
2026-09-08 12:01:56,PT-101,HIGH_PRESSURE,CRITICAL,9.31,NUMERIC,ACKNOWLEDGED,
2026-09-08 12:12:00,PT-101,NORMAL,LOW,6.39,NUMERIC,CLEARED,
2026-09-08 12:12:17,TT-101,NORMAL,LOW,71.16,NUMERIC,CLEARED,
2026-09-08 12:16:55,FT-101,NORMAL,LOW,36.97,NUMERIC,CLEARED,
2026-09-08 12:21:00,TT-101,NORMAL,LOW,,NULL,CLEARED,MISSING_VALUE
2026-09-08 12:23:48,LT-101,NORMAL,LOW,65.98,NUMERIC,CLEARED,
2026-09-08 12:36:54,LT-101,NORMAL,LOW,47,NUMERIC,CLEARED,
2026-09-08 12:43:46,PT-101,NORMAL,LOW,5.38,NUMERIC,CLEARED,
2026-09-08 13:08:00,TT-101,NORMAL,LOW,52.79,NUMERIC,CLEARED,
2026-09-08 13:13:04,FT-101,NORMAL,LOW,36.57,NUMERIC,CLEARED,
2026-09-08 13:13:51,PT-101,NORMAL,LOW,4.19,NUMERIC,CLEARED,
2026-09-08 13:18:36,LT-101,NORMAL,LOW,49.14,NUMERIC,CLEARED,
2026-09-08 13:19:21,LT-101,NORMAL,LOW,59.5,NUMERIC,CLEARED,
2026-09-08 13:24:18,M-101,NORMAL,LOW,22.54,NUMERIC,CLEARED,
2026-09-08 13:36:59,TT-101,NORMAL,LOW,67.79,NUMERIC,CLEARED,
2026-09-08 13:40:33,V-101,NORMAL,LOW,86.76,NUMERIC,CLEARED,
2026-09-08 13:42:13,LT-101,NORMAL,LOW,75.14,NUMERIC,CLEARED,
2026-09-08 13:44:34,V-101,NORMAL,LOW,68.54,NUMERIC,CLEARED,
2026-09-08 13:46:05,TT-101,NORMAL,LOW,57.93,NUMERIC,CLEARED,
2026-09-08 13:48:27,TT-101,NORMAL,LOW,69.98,NUMERIC,CLEARED,
2026-09-08 13:49:01,LT-101,NORMAL,LOW,75.83,NUMERIC,CLEARED,
2026-09-08 13:50:29,LT-101,NORMAL,LOW,63.96,NUMERIC,CLEARED,
2026-09-08 14:00:21,TT-101,HIGH_TEMPERATURE,HIGH,96.59,NUMERIC,CLEARED,
2026-09-08 14:04:01,PT-101,NORMAL,LOW,5.78,NUMERIC,CLEARED,
2026-09-08 14:07:08,LT-101,NORMAL,LOW,46.93,NUMERIC,CLEARED,
2026-09-08 14:11:51,LT-101,NORMAL,LOW,69.08,NUMERIC,CLEARED,
2026-09-08 14:12:29,PT-101,NORMAL,LOW,6.92,NUMERIC,CLEARED,
2026-09-08 14:14:59,PT-101,NORMAL,LOW,6.95,NUMERIC,CLEARED,
2026-09-08 14:16:51,PT-101,NORMAL,LOW,5.41,NUMERIC,CLEARED,
2026-09-08 14:22:59,LT-101,HIGH_LEVEL,CRITICAL,95.22,NUMERIC,ACTIVE,
2026-09-08 14:25:12,PT-101,NORMAL,LOW,6.11,NUMERIC,CLEARED,
2026-09-08 14:32:49,LT-101,NORMAL,LOW,51.02,NUMERIC,CLEARED,
2026-09-08 14:38:28,PT-101,NORMAL,LOW,6.4,NUMERIC,CLEARED,
2026-09-08 14:42:57,PT-101,NORMAL,LOW,5.88,NUMERIC,CLEARED,
2026-09-08 14:53:17,PT-101,NORMAL,LOW,4.89,NUMERIC,CLEARED,
2026-09-08 14:59:05,TT-101,NORMAL,LOW,64.81,NUMERIC,CLEARED,
2026-09-08 15:03:13,FT-101,NORMAL,LOW,27.84,NUMERIC,CLEARED,
2026-09-08 15:07:21,LT-101,NORMAL,LOW,58.34,NUMERIC,CLEARED,
2026-09-08 15:15:54,PT-101,NORMAL,LOW,5.91,NUMERIC,CLEARED,
2026-09-08 15:17:00,TT-101,NORMAL,LOW,48.92,NUMERIC,CLEARED,
2026-09-08 15:22:51,V-101,COMMUNICATION_LOST,MEDIUM,,NULL,CLEARED,MISSING_VALUE
2026-09-08 15:23:44,FT-101,NORMAL,LOW,21.05,NUMERIC,CLEARED,
2026-09-08 15:33:38,FT-101,NORMAL,LOW,34.81,NUMERIC,CLEARED,
2026-09-08 15:52:56,PT-101,NORMAL,LOW,6.53,NUMERIC,CLEARED,
2026-09-08 15:53:11,LT-101,NORMAL,LOW,43.36,NUMERIC,CLEARED,
2026-09-08 15:55:25,TT-101,NORMAL,LOW,47.04,NUMERIC,CLEARED,
2026-09-08 16:00:50,LT-101,NORMAL,LOW,54.1,NUMERIC,CLEARED,
2026-09-08 16:16:34,V-101,NORMAL,LOW,86.59,NUMERIC,CLEARED,
2026-09-08 16:28:40,LT-101,NORMAL,LOW,57.95,NUMERIC,CLEARED,
2026-09-08 16:29:51,PT-101,NORMAL,LOW,5.32,NUMERIC,CLEARED,
2026-09-08 16:33:31,PT-101,NORMAL,LOW,4.08,NUMERIC,CLEARED,
2026-09-08 16:37:15,FT-101,LOW_FLOW,MEDIUM,4.89,NUMERIC,CLEARED,
2026-09-08 16:42:43,PT-101,NORMAL,LOW,4.43,NUMERIC,CLEARED,
2026-09-08 16:46:50,FT-101,LOW_FLOW,MEDIUM,3.84,NUMERIC,CLEARED,
2026-09-08 16:57:13,LT-101,HIGH_LEVEL,CRITICAL,92.28,NUMERIC,CLEARED,
2026-09-08 16:59:29,M-101,NORMAL,LOW,6.77,NUMERIC,CLEARED,
2026-09-08 17:08:23,LT-101,NORMAL,LOW,64.29,NUMERIC,CLEARED,
2026-09-08 17:17:22,P-101,PUMP_FAILURE,CRITICAL,STOPPED,STATE,ACTIVE,
2026-09-08 17:19:39,V-101,NORMAL,LOW,29.07,NUMERIC,CLEARED,
2026-09-08 17:23:23,PT-101,NORMAL,LOW,6.58,NUMERIC,CLEARED,
2026-09-08 17:28:24,TT-101,NORMAL,LOW,72.37,NUMERIC,CLEARED,
2026-09-08 17:35:14,V-101,NORMAL,LOW,78.11,NUMERIC,CLEARED,
2026-09-08 17:37:24,PT-101,NORMAL,LOW,5.81,NUMERIC,CLEARED,
2026-09-08 17:38:22,LT-101,HIGH_LEVEL,CRITICAL,94.74,NUMERIC,ACKNOWLEDGED,
2026-09-08 17:38:50,M-101,NORMAL,LOW,6.64,NUMERIC,CLEARED,
2026-09-08 17:40:48,M-101,NORMAL,LOW,27.52,NUMERIC,CLEARED,
2026-09-08 17:58:34,FT-101,NORMAL,LOW,39.99,NUMERIC,CLEARED,
2026-09-08 18:00:59,TT-101,NORMAL,LOW,67.76,NUMERIC,CLEARED,
2026-09-08 18:01:02,FT-101,HIGH_FLOW,HIGH,58.93,NUMERIC,CLEARED,
2026-09-08 18:03:48,PT-101,NORMAL,LOW,4.74,NUMERIC,CLEARED,
2026-09-08 18:13:20,TT-101,NORMAL,LOW,63.3,NUMERIC,CLEARED,
2026-09-08 18:17:47,P-101,COMMUNICATION_LOST,MEDIUM,,NULL,ACKNOWLEDGED,MISSING_VALUE
2026-09-08 18:23:33,LT-101,NORMAL,LOW,44.39,NUMERIC,CLEARED,
2026-09-08 18:26:04,V-101,NORMAL,LOW,79.48,NUMERIC,CLEARED,
2026-09-08 18:28:22,FT-101,NORMAL,LOW,34.78,NUMERIC,CLEARED,
2026-09-08 18:29:21,PT-101,NORMAL,LOW,5.51,NUMERIC,CLEARED,
2026-09-08 18:36:23,PT-101,NORMAL,LOW,4.21,NUMERIC,CLEARED,
2026-09-08 18:37:15,LT-101,NORMAL,LOW,48.58,NUMERIC,CLEARED,
2026-09-08 18:40:41,M-101,NORMAL,LOW,10.41,NUMERIC,CLEARED,
2026-09-08 18:42:28,M-101,NORMAL,LOW,25.77,NUMERIC,CLEARED,
2026-09-08 18:47:05,LT-101,NORMAL,LOW,55.3,NUMERIC,CLEARED,
2026-09-08 18:50:30,PT-101,NORMAL,LOW,6.19,NUMERIC,CLEARED,
2026-09-08 19:02:09,P-101,COMMUNICATION_LOST,MEDIUM,,NULL,ACKNOWLEDGED,MISSING_VALUE
2026-09-08 19:14:04,LT-101,NORMAL,LOW,66.87,NUMERIC,CLEARED,
2026-09-08 19:22:28,PT-101,NORMAL,LOW,4.31,NUMERIC,CLEARED,
2026-09-08 19:23:30,FT-101,NORMAL,LOW,32.32,NUMERIC,CLEARED,
2026-09-08 19:29:44,LT-101,NORMAL,LOW,50.57,NUMERIC,CLEARED,
2026-09-08 19:30:11,LT-101,NORMAL,LOW,50.68,NUMERIC,CLEARED,
2026-09-08 19:41:57,PT-101,NORMAL,LOW,6.72,NUMERIC,CLEARED,
2026-09-08 19:42:10,PT-101,NORMAL,LOW,4.61,NUMERIC,CLEARED,
2026-09-08 19:58:19,LT-101,NORMAL,LOW,71.71,NUMERIC,CLEARED,
2026-09-08 20:01:41,M-101,HIGH_CURRENT,HIGH,59.65,NUMERIC,ACTIVE,
2026-09-08 20:13:05,PT-101,NORMAL,LOW,5.12,NUMERIC,CLEARED,
2026-09-08 20:13:08,LT-101,NORMAL,LOW,75.96,NUMERIC,CLEARED,
2026-09-08 20:13:59,LT-101,NORMAL,LOW,40.53,NUMERIC,CLEARED,
2026-09-08 20:17:44,TT-101,NORMAL,LOW,72.87,NUMERIC,CLEARED,
2026-09-08 20:30:17,FT-101,NORMAL,LOW,28.93,NUMERIC,CLEARED,
2026-09-08 20:37:34,TT-101,NORMAL,LOW,65.51,NUMERIC,CLEARED,
2026-09-08 20:50:52,PT-101,NORMAL,LOW,4.6,NUMERIC,CLEARED,
2026-09-08 20:52:12,P-101,COMMUNICATION_LOST,MEDIUM,,NULL,ACTIVE,MISSING_VALUE
2026-09-08 20:58:27,FT-101,LOW_FLOW,MEDIUM,8.62,NUMERIC,CLEARED,
2026-09-08 21:19:10,PT-101,NORMAL,LOW,4.34,NUMERIC,CLEARED,
2026-09-08 21:22:59,FT-101,NORMAL,LOW,30.38,NUMERIC,CLEARED,
2026-09-08 21:27:02,FT-101,NORMAL,LOW,31.16,NUMERIC,CLEARED,
2026-09-08 21:31:12,PT-101,NORMAL,LOW,5.25,NUMERIC,CLEARED,
2026-09-08 21:36:44,V-101,NORMAL,LOW,35.8,NUMERIC,CLEARED,
2026-09-08 21:36:46,FT-101,NORMAL,LOW,29.03,NUMERIC,CLEARED,
2026-09-08 21:43:25,V-101,NORMAL,LOW,37.84,NUMERIC,CLEARED,
2026-09-08 21:53:46,TT-101,NORMAL,LOW,57.12,NUMERIC,CLEARED,
2026-09-08 22:04:37,PT-101,NORMAL,LOW,5.33,NUMERIC,CLEARED,
2026-09-08 22:09:41,PT-101,LOW_PRESSURE,MEDIUM,2.29,NUMERIC,ACTIVE,
2026-09-08 22:16:51,PT-101,NORMAL,LOW,4.78,NUMERIC,CLEARED,
2026-09-08 22:18:55,PT-101,NORMAL,LOW,6.96,NUMERIC,CLEARED,
2026-09-08 22:20:55,LT-101,NORMAL,LOW,65.9,NUMERIC,CLEARED,
2026-09-08 22:21:12,V-101,NORMAL,LOW,10.23,NUMERIC,CLEARED,
2026-09-08 22:21:53,M-101,NORMAL,LOW,34.69,NUMERIC,CLEARED,
2026-09-08 22:27:32,LT-101,NORMAL,LOW,62.61,NUMERIC,CLEARED,
2026-09-08 22:30:52,FT-101,NORMAL,LOW,38.36,NUMERIC,CLEARED,
2026-09-08 22:31:46,M-101,NORMAL,LOW,34.56,NUMERIC,CLEARED,
2026-09-08 22:35:20,M-101,NORMAL,LOW,28.04,NUMERIC,CLEARED,
2026-09-08 22:50:12,LT-101,NORMAL,LOW,40.11,NUMERIC,CLEARED,
2026-09-08 23:01:07,LT-101,NORMAL,LOW,64.27,NUMERIC,CLEARED,
2026-09-08 23:02:43,PT-101,NORMAL,LOW,5.16,NUMERIC,CLEARED,
2026-09-08 23:06:16,LT-101,NORMAL,LOW,79.46,NUMERIC,CLEARED,
2026-09-08 23:07:26,FT-101,NORMAL,LOW,30.23,NUMERIC,CLEARED,
2026-09-08 23:14:30,FT-101,NORMAL,LOW,37.69,NUMERIC,CLEARED,
2026-09-08 23:16:10,TT-101,NORMAL,LOW,52.72,NUMERIC,CLEARED,
2026-09-08 23:33:53,V-101,NORMAL,LOW,34.02,NUMERIC,CLEARED,
2026-09-08 23:38:05,PT-101,NORMAL,LOW,4.75,NUMERIC,CLEARED,
2026-09-08 23:41:02,LT-101,NORMAL,LOW,40.83,NUMERIC,CLEARED,
2026-09-08 23:41:58,V-101,NORMAL,LOW,53.67,NUMERIC,CLEARED,
2026-09-08 23:59:02,PT-101,NORMAL,LOW,6.79,NUMERIC,CLEARED,
2026-09-09 00:07:59,TT-101,NORMAL,LOW,62.53,NUMERIC,CLEARED,
2026-09-09 00:23:27,V-101,NORMAL,LOW,36.38,NUMERIC,CLEARED,
2026-09-09 00:24:18,LT-101,NORMAL,LOW,76.44,NUMERIC,CLEARED,
2026-09-09 00:26:02,FT-101,NORMAL,LOW,32.66,NUMERIC,CLEARED,
2026-09-09 00:29:06,TT-101,NORMAL,LOW,54.2,NUMERIC,CLEARED,
2026-09-09 00:38:10,V-101,NORMAL,LOW,30.79,NUMERIC,CLEARED,
2026-09-09 00:38:45,PT-101,NORMAL,LOW,4.81,NUMERIC,CLEARED,
2026-09-09 00:43:24,TT-101,NORMAL,LOW,62.03,NUMERIC,CLEARED,
2026-09-09 00:54:25,PT-101,NORMAL,LOW,6.1,NUMERIC,CLEARED,
2026-09-09 01:03:19,LT-101,NORMAL,LOW,57.99,NUMERIC,CLEARED,
2026-09-09 01:06:19,FT-101,NORMAL,LOW,35.74,NUMERIC,CLEARED,
2026-09-09 01:20:23,M-101,NORMAL,LOW,,NULL,CLEARED,MISSING_VALUE
2026-09-09 01:31:18,M-101,NORMAL,LOW,19.11,NUMERIC,CLEARED,
2026-09-09 01:33:00,TT-101,NORMAL,LOW,67.55,NUMERIC,CLEARED,
2026-09-09 01:37:22,FT-101,NORMAL,LOW,24.05,NUMERIC,CLEARED,
2026-09-09 01:45:24,V-101,NORMAL,LOW,73.79,NUMERIC,CLEARED,
2026-09-09 01:47:08,M-101,NORMAL,LOW,15.99,NUMERIC,CLEARED,
2026-09-09 01:50:25,TT-101,HIGH_TEMPERATURE,HIGH,97.71,NUMERIC,CLEARED,
2026-09-09 01:53:02,LT-101,HIGH_LEVEL,CRITICAL,99,NUMERIC,ACKNOWLEDGED,
2026-09-09 01:55:57,FT-101,NORMAL,LOW,33.68,NUMERIC,CLEARED,
2026-09-09 01:56:18,LT-101,NORMAL,LOW,78.44,NUMERIC,CLEARED,
2026-09-09 02:19:11,PT-101,NORMAL,LOW,6.61,NUMERIC,CLEARED,
2026-09-09 02:29:45,M-101,NORMAL,LOW,16.64,NUMERIC,CLEARED,
2026-09-09 02:31:33,FT-101,NORMAL,LOW,34.42,NUMERIC,CLEARED,
2026-09-09 02:35:17,V-101,NORMAL,LOW,13.54,NUMERIC,CLEARED,
2026-09-09 02:37:26,LT-101,NORMAL,LOW,66.56,NUMERIC,CLEARED,
2026-09-09 02:49:34,PT-101,NORMAL,LOW,5.03,NUMERIC,CLEARED,
2026-09-09 02:51:51,PT-101,NORMAL,LOW,5.33,NUMERIC,CLEARED,
2026-09-09 02:55:26,M-101,NORMAL,LOW,18.38,NUMERIC,CLEARED,
2026-09-09 03:05:51,FT-101,NORMAL,LOW,31.21,NUMERIC,CLEARED,
2026-09-09 03:14:22,TT-101,NORMAL,LOW,49.35,NUMERIC,CLEARED,
2026-09-09 03:15:22,PT-101,NORMAL,LOW,4.9,NUMERIC,CLEARED,
2026-09-09 03:26:12,PT-101,NORMAL,LOW,6.05,NUMERIC,CLEARED,
2026-09-09 03:29:11,M-101,HIGH_CURRENT,HIGH,55.54,NUMERIC,ACTIVE,
2026-09-09 03:32:08,LT-101,NORMAL,LOW,40.68,NUMERIC,CLEARED,
2026-09-09 03:38:49,LT-101,NORMAL,LOW,76.04,NUMERIC,CLEARED,
2026-09-09 03:50:14,M-101,NORMAL,LOW,14.22,NUMERIC,CLEARED,
2026-09-09 03:57:00,PT-101,HIGH_PRESSURE,CRITICAL,10,NUMERIC,ACTIVE,
2026-09-09 03:58:00,LT-101,NORMAL,LOW,73.24,NUMERIC,CLEARED,
2026-09-09 03:59:18,TT-101,NORMAL,LOW,68.06,NUMERIC,CLEARED,
2026-09-09 04:10:23,LT-101,NORMAL,LOW,52.86,NUMERIC,CLEARED,
2026-09-09 04:12:07,PT-101,NORMAL,LOW,6.21,NUMERIC,CLEARED,
2026-09-09 04:12:11,FT-101,NORMAL,LOW,37,NUMERIC,CLEARED,
2026-09-09 04:19:50,TT-101,NORMAL,LOW,65.62,NUMERIC,CLEARED,
2026-09-09 04:32:32,FT-101,NORMAL,LOW,31.85,NUMERIC,CLEARED,
2026-09-09 04:37:34,TT-101,NORMAL,LOW,69.55,NUMERIC,CLEARED,
2026-09-09 04:39:20,FT-101,LOW_FLOW,MEDIUM,8.55,NUMERIC,ACTIVE,
2026-09-09 04:39:41,FT-101,NORMAL,LOW,21.36,NUMERIC,CLEARED,
2026-09-09 04:43:38,LT-101,NORMAL,LOW,73.55,NUMERIC,CLEARED,
2026-09-09 04:54:31,LT-101,NORMAL,LOW,72.68,NUMERIC,CLEARED,
2026-09-09 04:56:12,LT-101,NORMAL,LOW,55.34,NUMERIC,CLEARED,
2026-09-09 05:07:00,LT-101,NORMAL,LOW,56.29,NUMERIC,CLEARED,
2026-09-09 05:16:22,LT-101,NORMAL,LOW,57.56,NUMERIC,CLEARED,
2026-09-09 05:23:17,FT-101,NORMAL,LOW,37.74,NUMERIC,CLEARED,
2026-09-09 05:26:30,PT-101,NORMAL,LOW,5.84,NUMERIC,CLEARED,
2026-09-09 05:34:32,P-102,PUMP_FAILURE,CRITICAL,STOPPED,STATE,CLEARED,
2026-09-09 05:37:05,PT-101,NORMAL,LOW,5.17,NUMERIC,CLEARED,
2026-09-09 05:43:07,PT-101,HIGH_PRESSURE,CRITICAL,8.92,NUMERIC,ACKNOWLEDGED,
2026-09-09 05:56:40,TT-101,NORMAL,LOW,51.77,NUMERIC,CLEARED,
2026-09-09 05:57:56,LT-101,NORMAL,LOW,40.7,NUMERIC,CLEARED,
2026-09-09 06:12:27,FT-101,NORMAL,LOW,39.16,NUMERIC,CLEARED,
2026-09-09 06:14:44,TT-101,NORMAL,LOW,52.03,NUMERIC,CLEARED,
2026-09-09 06:32:31,P-101,COMMUNICATION_LOST,MEDIUM,,NULL,ACTIVE,MISSING_VALUE
2026-09-09 06:35:52,LT-101,NORMAL,LOW,55.17,NUMERIC,CLEARED,
2026-09-09 06:39:40,V-101,NORMAL,LOW,13.84,NUMERIC,CLEARED,
2026-09-09 06:43:42,TT-101,NORMAL,LOW,70.2,NUMERIC,CLEARED,
2026-09-09 06:48:32,LT-101,NORMAL,LOW,75.55,NUMERIC,CLEARED,
2026-09-09 07:00:32,TT-101,HIGH_TEMPERATURE,HIGH,96.59,NUMERIC,ACTIVE,
2026-09-09 07:01:53,TT-101,NORMAL,LOW,61.05,NUMERIC,CLEARED,
2026-09-09 07:07:50,PT-101,NORMAL,LOW,5.48,NUMERIC,CLEARED,
2026-09-09 07:11:36,TT-101,NORMAL,LOW,61.62,NUMERIC,CLEARED,
2026-09-09 07:31:08,M-101,NORMAL,LOW,25.02,NUMERIC,CLEARED,
2026-09-09 07:32:37,FT-101,NORMAL,LOW,32.31,NUMERIC,CLEARED,
2026-09-09 07:33:35,FT-101,NORMAL,LOW,24.46,NUMERIC,CLEARED,
2026-09-09 07:40:34,PT-101,NORMAL,LOW,5.91,NUMERIC,CLEARED,
2026-09-09 07:43:22,TT-101,HIGH_TEMPERATURE,HIGH,97.82,NUMERIC,ACTIVE,
2026-09-09 07:50:41,FT-101,NORMAL,LOW,30.81,NUMERIC,CLEARED,
2026-09-09 07:55:55,LT-101,NORMAL,LOW,78.65,NUMERIC,CLEARED,
2026-09-09 08:07:35,P-101,COMMUNICATION_LOST,MEDIUM,,NULL,ACTIVE,MISSING_VALUE
2026-09-09 08:32:21,LT-101,NORMAL,LOW,66.12,NUMERIC,CLEARED,
2026-09-09 08:41:08,V-101,NORMAL,LOW,34.53,NUMERIC,CLEARED,
2026-09-09 08:42:35,FT-101,NORMAL,LOW,29.28,NUMERIC,CLEARED,
2026-09-09 08:57:10,PT-101,NORMAL,LOW,4.79,NUMERIC,CLEARED,
2026-09-09 08:57:51,PT-101,LOW_PRESSURE,MEDIUM,1.82,NUMERIC,CLEARED,
2026-09-09 09:01:41,FT-101,HIGH_FLOW,HIGH,63.9,NUMERIC,ACTIVE,
2026-09-09 09:04:20,V-101,NORMAL,LOW,34.06,NUMERIC,CLEARED,
2026-09-09 09:18:11,LT-101,NORMAL,LOW,66.47,NUMERIC,CLEARED,
2026-09-09 09:18:18,P-101,COMMUNICATION_LOST,MEDIUM,,NULL,ACKNOWLEDGED,MISSING_VALUE
2026-09-09 09:18:49,LT-101,NORMAL,LOW,78.61,NUMERIC,CLEARED,
2026-09-09 09:20:05,PT-101,NORMAL,LOW,6.05,NUMERIC,CLEARED,
2026-09-09 09:33:07,PT-101,NORMAL,LOW,6.24,NUMERIC,CLEARED,
2026-09-09 09:37:01,TT-101,NORMAL,LOW,74.46,NUMERIC,CLEARED,
2026-09-09 09:48:21,LT-101,NORMAL,LOW,73.65,NUMERIC,CLEARED,
2026-09-09 09:52:11,P-101,NORMAL,LOW,,NULL,CLEARED,MISSING_VALUE
2026-09-09 10:10:12,FT-101,NORMAL,LOW,28.23,NUMERIC,CLEARED,
2026-09-09 10:14:08,LT-101,NORMAL,LOW,64.17,NUMERIC,CLEARED,
2026-09-09 10:15:30,LT-101,NORMAL,LOW,58.83,NUMERIC,CLEARED,
2026-09-09 10:17:53,FT-101,NORMAL,LOW,30.74,NUMERIC,CLEARED,
2026-09-09 10:17:56,FT-101,NORMAL,LOW,32.42,NUMERIC,CLEARED,
2026-09-09 10:34:10,PT-101,NORMAL,LOW,6.96,NUMERIC,CLEARED,
2026-09-09 10:36:13,TT-101,NORMAL,LOW,52.22,NUMERIC,CLEARED,
2026-09-09 10:48:10,PT-101,NORMAL,LOW,4.09,NUMERIC,CLEARED,
2026-09-09 10:48:15,FT-101,NORMAL,LOW,30.94,NUMERIC,CLEARED,
2026-09-09 10:50:16,TT-101,NORMAL,LOW,69.53,NUMERIC,CLEARED,
2026-09-09 10:50:23,PT-101,NORMAL,LOW,6.52,NUMERIC,CLEARED,
2026-09-09 10:50:48,V-101,NORMAL,LOW,27.86,NUMERIC,CLEARED,
2026-09-09 10:51:05,TT-101,NORMAL,LOW,72.03,NUMERIC,CLEARED,
2026-09-09 10:51:16,TT-101,NORMAL,LOW,54.91,NUMERIC,CLEARED,
2026-09-09 10:56:02,M-101,NORMAL,LOW,23.33,NUMERIC,CLEARED,
2026-09-09 10:57:08,PT-101,LOW_PRESSURE,MEDIUM,1.51,NUMERIC,ACTIVE,
2026-09-09 10:57:28,FT-101,NORMAL,LOW,22.46,NUMERIC,CLEARED,
2026-09-09 11:03:22,TT-101,NORMAL,LOW,52.86,NUMERIC,CLEARED,
2026-09-09 11:05:06,TT-101,NORMAL,LOW,50.77,NUMERIC,CLEARED,
2026-09-09 11:18:12,V-101,NORMAL,LOW,51.3,NUMERIC,CLEARED,
2026-09-09 11:19:21,PT-101,NORMAL,LOW,5.91,NUMERIC,CLEARED,
2026-09-09 11:21:51,TT-101,NORMAL,LOW,52.18,NUMERIC,CLEARED,
2026-09-09 11:24:40,TT-101,NORMAL,LOW,49.23,NUMERIC,CLEARED,
2026-09-09 11:33:26,FT-101,LOW_FLOW,MEDIUM,3.32,NUMERIC,CLEARED,
2026-09-09 11:41:47,M-101,NORMAL,LOW,24.3,NUMERIC,CLEARED,
2026-09-09 11:51:06,FT-101,NORMAL,LOW,31.94,NUMERIC,CLEARED,
2026-09-09 12:06:28,PT-101,NORMAL,LOW,6.28,NUMERIC,CLEARED,
2026-09-09 12:09:28,LT-101,NORMAL,LOW,70.3,NUMERIC,CLEARED,
2026-09-09 12:12:04,PT-101,NORMAL,LOW,5.1,NUMERIC,CLEARED,
2026-09-09 12:12:20,FT-101,NORMAL,LOW,31.95,NUMERIC,CLEARED,
2026-09-09 12:19:15,PT-101,LOW_PRESSURE,MEDIUM,2.43,NUMERIC,ACTIVE,
2026-09-09 12:28:32,V-101,NORMAL,LOW,10.2,NUMERIC,CLEARED,
2026-09-09 12:35:32,V-101,NORMAL,LOW,76.12,NUMERIC,CLEARED,
2026-09-09 12:37:05,M-101,NORMAL,LOW,23.89,NUMERIC,CLEARED,
2026-09-09 12:38:32,FT-101,NORMAL,LOW,34.83,NUMERIC,CLEARED,
2026-09-09 12:42:23,M-101,NORMAL,LOW,27.8,NUMERIC,CLEARED,
2026-09-09 12:43:11,TT-101,NORMAL,LOW,65.74,NUMERIC,CLEARED,
2026-09-09 12:47:59,LT-101,NORMAL,LOW,75.16,NUMERIC,CLEARED,
2026-09-09 12:59:22,P-102,PUMP_FAILURE,CRITICAL,STOPPED,STATE,CLEARED,
2026-09-09 13:04:00,PT-101,NORMAL,LOW,6.33,NUMERIC,CLEARED,
2026-09-09 13:05:48,FT-101,NORMAL,LOW,38.42,NUMERIC,CLEARED,
2026-09-09 13:16:53,PT-101,NORMAL,LOW,5.27,NUMERIC,CLEARED,
2026-09-09 13:21:31,LT-101,NORMAL,LOW,78.41,NUMERIC,CLEARED,
2026-09-09 13:41:21,LT-101,NORMAL,LOW,51.55,NUMERIC,CLEARED,
2026-09-09 13:47:26,LT-101,NORMAL,LOW,72.27,NUMERIC,CLEARED,
2026-09-09 13:47:34,V-101,NORMAL,LOW,84.78,NUMERIC,CLEARED,
2026-09-09 13:49:12,LT-101,NORMAL,LOW,41.25,NUMERIC,CLEARED,
2026-09-09 13:54:58,TT-101,NORMAL,LOW,53.11,NUMERIC,CLEARED,
2026-09-09 13:57:45,TT-101,NORMAL,LOW,64.74,NUMERIC,CLEARED,
2026-09-09 14:15:14,LT-101,NORMAL,LOW,65.69,NUMERIC,CLEARED,
2026-09-09 14:16:29,PT-101,NORMAL,LOW,4.68,NUMERIC,CLEARED,
2026-09-09 14:19:03,PT-101,NORMAL,LOW,5.04,NUMERIC,CLEARED,
2026-09-09 14:27:20,PT-101,NORMAL,LOW,6.76,NUMERIC,CLEARED,
2026-09-09 14:38:14,V-101,NORMAL,LOW,84.74,NUMERIC,CLEARED,
2026-09-09 14:44:18,TT-101,NORMAL,LOW,73.86,NUMERIC,CLEARED,
2026-09-09 14:44:19,FT-101,NORMAL,LOW,31.07,NUMERIC,CLEARED,
2026-09-09 14:47:35,FT-101,NORMAL,LOW,34.13,NUMERIC,CLEARED,
2026-09-09 15:02:26,P-101,PUMP_FAILURE,CRITICAL,STOPPED,STATE,ACTIVE,
2026-09-09 15:18:10,M-101,NORMAL,LOW,28.45,NUMERIC,CLEARED,
2026-09-09 15:18:55,LT-101,NORMAL,LOW,57.63,NUMERIC,CLEARED,
2026-09-09 15:21:48,FT-101,NORMAL,LOW,22.56,NUMERIC,CLEARED,
2026-09-09 15:23:27,M-101,NORMAL,LOW,23.44,NUMERIC,CLEARED,
2026-09-09 15:23:41,M-101,NORMAL,LOW,15.7,NUMERIC,CLEARED,
2026-09-09 15:30:07,PT-101,NORMAL,LOW,5.57,NUMERIC,CLEARED,
2026-09-09 15:52:26,FT-101,LOW_FLOW,MEDIUM,8.82,NUMERIC,ACTIVE,
2026-09-09 15:54:52,PT-101,NORMAL,LOW,5.5,NUMERIC,CLEARED,
2026-09-09 15:56:31,LT-101,NORMAL,LOW,66.01,NUMERIC,CLEARED,
2026-09-09 16:10:26,TT-101,NORMAL,LOW,50.9,NUMERIC,CLEARED,
2026-09-09 16:16:13,TT-101,NORMAL,LOW,52.03,NUMERIC,CLEARED,
2026-09-09 16:17:56,FT-101,NORMAL,LOW,25.29,NUMERIC,CLEARED,
2026-09-09 16:19:51,V-101,NORMAL,LOW,39.07,NUMERIC,CLEARED,
2026-09-09 16:21:39,PT-101,NORMAL,LOW,4.04,NUMERIC,CLEARED,
2026-09-09 16:22:44,LT-101,LOW_LEVEL,HIGH,6.83,NUMERIC,ACKNOWLEDGED,
2026-09-09 16:36:52,FT-101,NORMAL,LOW,35.52,NUMERIC,CLEARED,
2026-09-09 16:41:55,PT-101,NORMAL,LOW,5.34,NUMERIC,CLEARED,
2026-09-09 16:42:44,LT-101,NORMAL,LOW,55.33,NUMERIC,CLEARED,
2026-09-09 16:48:46,FT-101,LOW_FLOW,MEDIUM,4.17,NUMERIC,CLEARED,
2026-09-09 17:05:19,PT-101,NORMAL,LOW,4.82,NUMERIC,CLEARED,
2026-09-09 17:33:21,M-101,NORMAL,LOW,14.63,NUMERIC,CLEARED,
2026-09-09 17:36:06,FT-101,NORMAL,LOW,36.41,NUMERIC,CLEARED,
2026-09-09 17:36:10,LT-101,NORMAL,LOW,45.58,NUMERIC,CLEARED,
2026-09-09 17:37:19,PT-101,HIGH_PRESSURE,CRITICAL,8.96,NUMERIC,CLEARED,
2026-09-09 17:38:19,PT-101,NORMAL,LOW,6.9,NUMERIC,CLEARED,
2026-09-09 18:08:06,V-101,NORMAL,LOW,70.56,NUMERIC,CLEARED,
2026-09-09 18:09:05,FT-101,NORMAL,LOW,29.44,NUMERIC,CLEARED,
2026-09-09 18:12:42,FT-101,NORMAL,LOW,27.9,NUMERIC,CLEARED,
2026-09-09 18:13:53,TT-101,NORMAL,LOW,50.71,NUMERIC,CLEARED,
2026-09-09 18:14:49,LT-101,NORMAL,LOW,57.22,NUMERIC,CLEARED,
2026-09-09 18:16:30,LT-101,NORMAL,LOW,49.26,NUMERIC,CLEARED,
2026-09-09 18:27:10,FT-101,NORMAL,LOW,22.17,NUMERIC,CLEARED,
2026-09-09 18:27:21,V-101,NORMAL,LOW,25.97,NUMERIC,CLEARED,
2026-09-09 18:29:54,PT-101,NORMAL,LOW,6.21,NUMERIC,CLEARED,
2026-09-09 18:29:55,LT-101,NORMAL,LOW,70.07,NUMERIC,CLEARED,
2026-09-09 18:31:34,TT-101,NORMAL,LOW,58.39,NUMERIC,CLEARED,
2026-09-09 18:34:06,PT-101,NORMAL,LOW,6.98,NUMERIC,CLEARED,
2026-09-09 18:34:14,FT-101,NORMAL,LOW,21.08,NUMERIC,CLEARED,
2026-09-09 18:42:02,FT-101,NORMAL,LOW,23.09,NUMERIC,CLEARED,
2026-09-09 18:42:13,FT-101,NORMAL,LOW,39.15,NUMERIC,CLEARED,
2026-09-09 19:11:01,FT-101,NORMAL,LOW,33.57,NUMERIC,CLEARED,
2026-09-09 19:14:38,V-101,NORMAL,LOW,48.12,NUMERIC,CLEARED,
2026-09-09 19:14:42,PT-101,NORMAL,LOW,6.07,NUMERIC,CLEARED,
2026-09-09 19:17:08,TT-101,NORMAL,LOW,63.88,NUMERIC,CLEARED,
2026-09-09 19:54:37,FT-101,NORMAL,LOW,36.41,NUMERIC,CLEARED,
2026-09-09 20:00:22,LT-101,NORMAL,LOW,49.25,NUMERIC,CLEARED,
2026-09-09 20:12:09,M-101,NORMAL,LOW,13.84,NUMERIC,CLEARED,
2026-09-09 20:13:08,FT-101,NORMAL,LOW,28.51,NUMERIC,CLEARED,
2026-09-09 20:17:02,PT-101,NORMAL,LOW,4.17,NUMERIC,CLEARED,
2026-09-09 20:17:16,LT-101,NORMAL,LOW,58.52,NUMERIC,CLEARED,
2026-09-09 20:22:14,TT-101,HIGH_TEMPERATURE,HIGH,87.36,NUMERIC,ACKNOWLEDGED,
2026-09-09 20:22:50,V-101,NORMAL,LOW,14.72,NUMERIC,CLEARED,
2026-09-09 20:27:57,FT-101,NORMAL,LOW,24.77,NUMERIC,CLEARED,
2026-09-09 20:32:23,LT-101,NORMAL,LOW,56.66,NUMERIC,CLEARED,
2026-09-09 20:38:30,LT-101,NORMAL,LOW,43.86,NUMERIC,CLEARED,
2026-09-09 20:48:15,TT-101,HIGH_TEMPERATURE,HIGH,98.01,NUMERIC,ACTIVE,
2026-09-09 20:49:29,M-101,NORMAL,LOW,9.99,NUMERIC,CLEARED,
2026-09-09 20:52:11,FT-101,NORMAL,LOW,35.16,NUMERIC,CLEARED,
2026-09-09 20:54:16,TT-101,NORMAL,LOW,58.08,NUMERIC,CLEARED,
2026-09-09 20:56:42,PT-101,NORMAL,LOW,4.62,NUMERIC,CLEARED,
2026-09-09 21:04:35,M-101,NORMAL,LOW,22.12,NUMERIC,CLEARED,
2026-09-09 21:17:24,LT-101,NORMAL,LOW,72.33,NUMERIC,CLEARED,
2026-09-09 21:23:54,TT-101,NORMAL,LOW,45.84,NUMERIC,CLEARED,
2026-09-09 21:48:52,P-102,COMMUNICATION_LOST,MEDIUM,,NULL,CLEARED,MISSING_VALUE
2026-09-09 21:50:21,TT-101,NORMAL,LOW,70.05,NUMERIC,CLEARED,
2026-09-09 21:50:23,M-101,NORMAL,LOW,17.75,NUMERIC,CLEARED,
2026-09-09 22:05:53,TT-101,NORMAL,LOW,67.26,NUMERIC,CLEARED,
2026-09-09 22:14:10,TT-101,NORMAL,LOW,63.91,NUMERIC,CLEARED,
2026-09-09 22:17:39,FT-101,NORMAL,LOW,28.01,NUMERIC,CLEARED,
2026-09-09 22:19:52,M-101,NORMAL,LOW,30.38,NUMERIC,CLEARED,
2026-09-09 22:19:57,LT-101,NORMAL,LOW,42.55,NUMERIC,CLEARED,
2026-09-09 22:22:01,V-101,NORMAL,LOW,14.25,NUMERIC,CLEARED,
2026-09-09 22:23:20,FT-101,NORMAL,LOW,31.28,NUMERIC,CLEARED,
2026-09-09 22:31:47,P-102,COMMUNICATION_LOST,MEDIUM,,NULL,ACKNOWLEDGED,MISSING_VALUE
2026-09-09 22:38:42,PT-101,NORMAL,LOW,6.56,NUMERIC,CLEARED,
2026-09-09 22:47:33,TT-101,NORMAL,LOW,48.85,NUMERIC,CLEARED,
2026-09-09 23:12:01,M-101,NORMAL,LOW,29.39,NUMERIC,CLEARED,
2026-09-09 23:13:40,FT-101,NORMAL,LOW,36.91,NUMERIC,CLEARED,
2026-09-09 23:16:15,FT-101,NORMAL,LOW,31.32,NUMERIC,CLEARED,
2026-09-09 23:17:08,FT-101,NORMAL,LOW,33.39,NUMERIC,CLEARED,
2026-09-09 23:17:11,V-101,NORMAL,LOW,90.12,NUMERIC,CLEARED,
2026-09-09 23:21:15,PT-101,NORMAL,LOW,4.3,NUMERIC,CLEARED,
2026-09-09 23:22:00,FT-101,NORMAL,LOW,29.93,NUMERIC,CLEARED,
2026-09-09 23:25:45,LT-101,NORMAL,LOW,52.12,NUMERIC,CLEARED,
2026-09-09 23:28:38,FT-101,LOW_FLOW,MEDIUM,2.23,NUMERIC,CLEARED,
2026-09-09 23:29:15,FT-101,LOW_FLOW,MEDIUM,2.56,NUMERIC,ACTIVE,
2026-09-09 23:40:14,LT-101,NORMAL,LOW,,NULL,CLEARED,MISSING_VALUE
2026-09-09 23:42:54,TT-101,NORMAL,LOW,61.08,NUMERIC,CLEARED,
2026-09-09 23:44:00,PT-101,NORMAL,LOW,5.53,NUMERIC,CLEARED,
2026-09-09 23:53:42,PT-101,NORMAL,LOW,4.22,NUMERIC,CLEARED,
2026-09-09 23:58:13,TT-101,HIGH_TEMPERATURE,HIGH,100.4,NUMERIC,ACTIVE,
2026-09-09 23:58:47,V-101,NORMAL,LOW,95.56,NUMERIC,CLEARED,
2026-09-10 00:01:51,M-101,NORMAL,LOW,26.51,NUMERIC,CLEARED,
2026-09-10 00:08:06,FT-101,NORMAL,LOW,29.56,NUMERIC,CLEARED,
2026-09-10 00:10:36,PT-101,NORMAL,LOW,6.9,NUMERIC,CLEARED,
2026-09-10 00:13:58,FT-101,NORMAL,LOW,33.99,NUMERIC,CLEARED,
2026-09-10 00:22:18,TT-101,HIGH_TEMPERATURE,HIGH,90.57,NUMERIC,CLEARED,
2026-09-10 00:23:50,LT-101,NORMAL,LOW,41.97,NUMERIC,CLEARED,
2026-09-10 00:24:00,TT-101,NORMAL,LOW,56.26,NUMERIC,CLEARED,
2026-09-10 00:28:37,LT-101,LOW_LEVEL,HIGH,17.15,NUMERIC,CLEARED,
2026-09-10 00:28:42,TT-101,NORMAL,LOW,50.57,NUMERIC,CLEARED,
2026-09-10 00:34:28,PT-101,NORMAL,LOW,4.61,NUMERIC,CLEARED,
2026-09-10 00:35:32,PT-101,NORMAL,LOW,4.45,NUMERIC,CLEARED,
2026-09-10 00:36:23,LT-101,NORMAL,LOW,52.91,NUMERIC,CLEARED,
2026-09-10 00:37:26,TT-101,NORMAL,LOW,47.96,NUMERIC,CLEARED,
2026-09-10 00:45:35,V-101,NORMAL,LOW,90.1,NUMERIC,CLEARED,
2026-09-10 00:48:19,PT-101,NORMAL,LOW,6.04,NUMERIC,CLEARED,
2026-09-10 00:53:22,TT-101,NORMAL,LOW,55.49,NUMERIC,CLEARED,
2026-09-10 00:54:00,PT-101,HIGH_PRESSURE,CRITICAL,9.12,NUMERIC,CLEARED,
2026-09-10 01:07:35,TT-101,NORMAL,LOW,72.75,NUMERIC,CLEARED,
2026-09-10 01:14:27,PT-101,NORMAL,LOW,6.11,NUMERIC,CLEARED,
2026-09-10 01:15:14,LT-101,NORMAL,LOW,55.97,NUMERIC,CLEARED,
2026-09-10 01:35:32,PT-101,NORMAL,LOW,6.31,NUMERIC,CLEARED,
2026-09-10 01:37:37,LT-101,HIGH_LEVEL,CRITICAL,99.44,NUMERIC,ACKNOWLEDGED,
2026-09-10 01:58:47,M-101,NORMAL,LOW,27.33,NUMERIC,CLEARED,
2026-09-10 02:02:54,LT-101,NORMAL,LOW,74.47,NUMERIC,CLEARED,
2026-09-10 02:08:31,TT-101,NORMAL,LOW,53.2,NUMERIC,CLEARED,
2026-09-10 02:09:28,LT-101,NORMAL,LOW,70.46,NUMERIC,CLEARED,
2026-09-10 02:20:14,V-101,NORMAL,LOW,54.03,NUMERIC,CLEARED,
2026-09-10 02:22:24,LT-101,NORMAL,LOW,56.78,NUMERIC,CLEARED,
2026-09-10 02:40:22,V-101,NORMAL,LOW,12.89,NUMERIC,CLEARED,
2026-09-10 02:49:36,PT-101,NORMAL,LOW,5.54,NUMERIC,CLEARED,
2026-09-10 02:53:44,LT-101,NORMAL,LOW,53.37,NUMERIC,CLEARED,
2026-09-10 02:55:03,TT-101,NORMAL,LOW,60.16,NUMERIC,CLEARED,
2026-09-10 02:55:58,TT-101,NORMAL,LOW,70.06,NUMERIC,CLEARED,
2026-09-10 02:59:25,PT-101,HIGH_PRESSURE,CRITICAL,9.08,NUMERIC,ACTIVE,
2026-09-10 03:01:33,V-101,NORMAL,LOW,68.56,NUMERIC,CLEARED,
2026-09-10 03:02:40,TT-101,NORMAL,LOW,60.4,NUMERIC,CLEARED,
2026-09-10 03:08:48,FT-101,NORMAL,LOW,34.66,NUMERIC,CLEARED,
2026-09-10 03:14:54,LT-101,NORMAL,LOW,59.34,NUMERIC,CLEARED,
2026-09-10 03:19:17,LT-101,NORMAL,LOW,49.04,NUMERIC,CLEARED,
2026-09-10 03:22:04,M-101,NORMAL,LOW,1.9,NUMERIC,CLEARED,
2026-09-10 03:25:55,PT-101,NORMAL,LOW,6.45,NUMERIC,CLEARED,
2026-09-10 03:26:58,PT-101,NORMAL,LOW,6.75,NUMERIC,CLEARED,
2026-09-10 03:28:26,LT-101,NORMAL,LOW,,NULL,CLEARED,MISSING_VALUE
2026-09-10 03:39:13,TT-101,NORMAL,LOW,46.68,NUMERIC,CLEARED,
2026-09-10 03:41:36,LT-101,LOW_LEVEL,HIGH,7.93,NUMERIC,ACTIVE,
2026-09-10 03:41:42,M-101,NORMAL,LOW,0.96,NUMERIC,CLEARED,
2026-09-10 03:59:42,FT-101,NORMAL,LOW,30.37,NUMERIC,CLEARED,
2026-09-10 04:10:22,V-101,NORMAL,LOW,11.35,NUMERIC,CLEARED,
2026-09-10 04:19:36,FT-101,NORMAL,LOW,39.95,NUMERIC,CLEARED,
2026-09-10 04:21:30,PT-101,HIGH_PRESSURE,CRITICAL,9.58,NUMERIC,ACTIVE,
2026-09-10 04:21:59,PT-101,NORMAL,LOW,5.84,NUMERIC,CLEARED,
2026-09-10 04:24:03,V-101,NORMAL,LOW,61.36,NUMERIC,CLEARED,
2026-09-10 04:46:45,LT-101,NORMAL,LOW,55.09,NUMERIC,CLEARED,
2026-09-10 04:51:06,PT-101,NORMAL,LOW,4.32,NUMERIC,CLEARED,
2026-09-10 04:53:17,LT-101,NORMAL,LOW,73.37,NUMERIC,CLEARED,
2026-09-10 04:55:50,LT-101,NORMAL,LOW,61.17,NUMERIC,CLEARED,
2026-09-10 05:00:30,V-101,NORMAL,LOW,28.72,NUMERIC,CLEARED,
2026-09-10 05:01:49,FT-101,NORMAL,LOW,35.57,NUMERIC,CLEARED,
2026-09-10 05:08:34,M-101,NORMAL,LOW,13.93,NUMERIC,CLEARED,
2026-09-10 05:26:27,PT-101,NORMAL,LOW,6.13,NUMERIC,CLEARED,
2026-09-10 05:27:28,M-101,NORMAL,LOW,31.48,NUMERIC,CLEARED,
2026-09-10 05:29:40,PT-101,NORMAL,LOW,6.33,NUMERIC,CLEARED,
2026-09-10 05:31:31,M-101,NORMAL,LOW,18.49,NUMERIC,CLEARED,
2026-09-10 05:34:09,M-101,NORMAL,LOW,30.67,NUMERIC,CLEARED,
2026-09-10 05:36:45,LT-101,NORMAL,LOW,60,NUMERIC,CLEARED,
2026-09-10 05:41:59,LT-101,NORMAL,LOW,75.29,NUMERIC,CLEARED,
2026-09-10 05:52:16,FT-101,NORMAL,LOW,33.09,NUMERIC,CLEARED,
2026-09-10 05:52:57,TT-101,NORMAL,LOW,59.01,NUMERIC,CLEARED,
2026-09-10 06:06:13,FT-101,NORMAL,LOW,21.02,NUMERIC,CLEARED,
2026-09-10 06:14:48,LT-101,NORMAL,LOW,42.34,NUMERIC,CLEARED,
2026-09-10 06:18:40,FT-101,NORMAL,LOW,26.58,NUMERIC,CLEARED,
2026-09-10 06:25:53,PT-101,NORMAL,LOW,6.37,NUMERIC,CLEARED,
2026-09-10 06:28:29,V-101,NORMAL,LOW,9.26,NUMERIC,CLEARED,
2026-09-10 06:30:45,PT-101,NORMAL,LOW,5.85,NUMERIC,CLEARED,
2026-09-10 06:32:05,LT-101,NORMAL,LOW,55.37,NUMERIC,CLEARED,
2026-09-10 06:32:37,LT-101,NORMAL,LOW,69.09,NUMERIC,CLEARED,
2026-09-10 06:37:53,V-101,NORMAL,LOW,30.78,NUMERIC,CLEARED,
2026-09-10 06:38:02,V-101,NORMAL,LOW,,NULL,CLEARED,MISSING_VALUE
2026-09-10 06:39:05,M-101,NORMAL,LOW,8.87,NUMERIC,CLEARED,
2026-09-10 06:43:40,TT-101,NORMAL,LOW,60.36,NUMERIC,CLEARED,
2026-09-10 06:50:30,TT-101,HIGH_TEMPERATURE,HIGH,91.55,NUMERIC,ACTIVE,
2026-09-10 06:59:19,LT-101,NORMAL,LOW,73.46,NUMERIC,CLEARED,
2026-09-10 07:06:12,FT-101,NORMAL,LOW,20.61,NUMERIC,CLEARED,
2026-09-10 07:18:50,PT-101,NORMAL,LOW,4.56,NUMERIC,CLEARED,
2026-09-10 07:33:43,TT-101,NORMAL,LOW,67.5,NUMERIC,CLEARED,
2026-09-10 07:35:03,TT-101,NORMAL,LOW,54.71,NUMERIC,CLEARED,
2026-09-10 07:40:02,V-101,NORMAL,LOW,89.77,NUMERIC,CLEARED,
2026-09-10 07:40:58,LT-101,NORMAL,LOW,74.2,NUMERIC,CLEARED,
2026-09-10 07:42:08,M-101,NORMAL,LOW,26.82,NUMERIC,CLEARED,
2026-09-10 07:52:53,TT-101,NORMAL,LOW,64.41,NUMERIC,CLEARED,
2026-09-10 07:53:56,FT-101,NORMAL,LOW,28.15,NUMERIC,CLEARED,
2026-09-10 07:56:52,TT-101,NORMAL,LOW,57.78,NUMERIC,CLEARED,
2026-09-10 07:59:07,M-101,NORMAL,LOW,28.75,NUMERIC,CLEARED,
2026-09-10 08:08:04,LT-101,NORMAL,LOW,62.9,NUMERIC,CLEARED,
2026-09-10 08:10:07,FT-101,NORMAL,LOW,29.9,NUMERIC,CLEARED,
2026-09-10 08:14:36,FT-101,NORMAL,LOW,39.64,NUMERIC,CLEARED,
2026-09-10 08:14:45,LT-101,NORMAL,LOW,66.68,NUMERIC,CLEARED,
2026-09-10 08:16:21,LT-101,LOW_LEVEL,HIGH,12.68,NUMERIC,ACTIVE,
2026-09-10 08:17:35,PT-101,NORMAL,LOW,6.69,NUMERIC,CLEARED,
2026-09-10 08:19:50,M-101,NORMAL,LOW,23.36,NUMERIC,CLEARED,
2026-09-10 08:22:42,FT-101,NORMAL,LOW,27.03,NUMERIC,CLEARED,
2026-09-10 08:24:06,LT-101,NORMAL,LOW,55.79,NUMERIC,CLEARED,
2026-09-10 08:25:37,LT-101,NORMAL,LOW,79.81,NUMERIC,CLEARED,
2026-09-10 08:37:32,FT-101,NORMAL,LOW,35.94,NUMERIC,CLEARED,
2026-09-10 08:47:54,M-101,NORMAL,LOW,0.08,NUMERIC,CLEARED,
2026-09-10 08:48:16,PT-101,NORMAL,LOW,5.42,NUMERIC,CLEARED,
2026-09-10 08:59:07,M-101,HIGH_CURRENT,HIGH,46.56,NUMERIC,CLEARED,
2026-09-10 09:00:01,LT-101,NORMAL,LOW,55.41,NUMERIC,CLEARED,
2026-09-10 09:09:03,LT-101,NORMAL,LOW,41.26,NUMERIC,CLEARED,
2026-09-10 09:11:04,PT-101,NORMAL,LOW,4.47,NUMERIC,CLEARED,
2026-09-10 09:11:19,FT-101,NORMAL,LOW,35.71,NUMERIC,CLEARED,
2026-09-10 09:13:12,M-101,NORMAL,LOW,6.27,NUMERIC,CLEARED,
2026-09-10 09:18:09,LT-101,NORMAL,LOW,55.44,NUMERIC,CLEARED,
2026-09-10 09:21:07,V-101,NORMAL,LOW,85.32,NUMERIC,CLEARED,
2026-09-10 09:25:11,PT-101,HIGH_PRESSURE,CRITICAL,9.22,NUMERIC,ACTIVE,
2026-09-10 09:28:52,LT-101,NORMAL,LOW,79.82,NUMERIC,CLEARED,
2026-09-10 09:30:30,LT-101,NORMAL,LOW,68.34,NUMERIC,CLEARED,
2026-09-10 09:33:22,FT-101,NORMAL,LOW,36.79,NUMERIC,CLEARED,
2026-09-10 09:46:40,TT-101,NORMAL,LOW,70.17,NUMERIC,CLEARED,
2026-09-10 09:51:10,V-101,NORMAL,LOW,41.3,NUMERIC,CLEARED,
2026-09-10 09:51:31,PT-101,NORMAL,LOW,4.75,NUMERIC,CLEARED,
2026-09-10 09:54:51,LT-101,NORMAL,LOW,61.22,NUMERIC,CLEARED,
2026-09-10 10:02:42,TT-101,NORMAL,LOW,59.07,NUMERIC,CLEARED,
2026-09-10 10:13:29,PT-101,NORMAL,LOW,6.07,NUMERIC,CLEARED,
2026-09-10 10:14:19,LT-101,NORMAL,LOW,79.34,NUMERIC,CLEARED,
2026-09-10 10:22:02,LT-101,NORMAL,LOW,61.39,NUMERIC,CLEARED,
2026-09-10 10:22:12,TT-101,NORMAL,LOW,73.29,NUMERIC,CLEARED,
2026-09-10 10:31:15,FT-101,NORMAL,LOW,25.74,NUMERIC,CLEARED,
2026-09-10 10:33:11,TT-101,HIGH_TEMPERATURE,HIGH,104.31,NUMERIC,CLEARED,
2026-09-10 10:37:01,M-101,NORMAL,LOW,17.98,NUMERIC,CLEARED,
2026-09-10 10:43:39,TT-101,NORMAL,LOW,50.73,NUMERIC,CLEARED,
2026-09-10 10:44:05,PT-101,NORMAL,LOW,4.02,NUMERIC,CLEARED,
2026-09-10 10:48:36,PT-101,NORMAL,LOW,5.8,NUMERIC,CLEARED,
2026-09-10 10:51:26,TT-101,NORMAL,LOW,47.23,NUMERIC,CLEARED,
2026-09-10 10:52:39,LT-101,NORMAL,LOW,65.87,NUMERIC,CLEARED,
2026-09-10 10:57:25,LT-101,NORMAL,LOW,71.1,NUMERIC,CLEARED,
2026-09-10 11:02:13,LT-101,NORMAL,LOW,58.52,NUMERIC,CLEARED,
2026-09-10 11:08:36,TT-101,NORMAL,LOW,65.34,NUMERIC,CLEARED,
2026-09-10 11:13:08,FT-101,NORMAL,LOW,26.34,NUMERIC,CLEARED,
2026-09-10 11:17:55,PT-101,NORMAL,LOW,4.85,NUMERIC,CLEARED,
2026-09-10 11:20:24,M-101,NORMAL,LOW,11.99,NUMERIC,CLEARED,
2026-09-10 11:21:57,PT-101,NORMAL,LOW,5.82,NUMERIC,CLEARED,
2026-09-10 11:27:01,FT-101,NORMAL,LOW,39.74,NUMERIC,CLEARED,
2026-09-10 11:32:22,FT-101,NORMAL,LOW,23.85,NUMERIC,CLEARED,
2026-09-10 11:50:58,LT-101,NORMAL,LOW,59.72,NUMERIC,CLEARED,
2026-09-10 11:53:09,V-101,NORMAL,LOW,92.98,NUMERIC,CLEARED,
2026-09-10 11:57:16,TT-101,NORMAL,LOW,51.54,NUMERIC,CLEARED,
2026-09-10 11:57:21,PT-101,NORMAL,LOW,6.38,NUMERIC,CLEARED,
2026-09-10 11:58:54,FT-101,NORMAL,LOW,24.4,NUMERIC,CLEARED,
2026-09-10 12:09:12,TT-101,NORMAL,LOW,51.36,NUMERIC,CLEARED,
2026-09-10 12:11:19,LT-101,NORMAL,LOW,69.3,NUMERIC,CLEARED,
2026-09-10 12:13:16,FT-101,LOW_FLOW,MEDIUM,5.4,NUMERIC,ACKNOWLEDGED,
2026-09-10 12:15:43,FT-101,NORMAL,LOW,30.11,NUMERIC,CLEARED,
2026-09-10 12:23:28,PT-101,NORMAL,LOW,5.48,NUMERIC,CLEARED,
2026-09-10 12:40:14,V-101,NORMAL,LOW,83.56,NUMERIC,CLEARED,
2026-09-10 12:40:43,M-101,NORMAL,LOW,24.94,NUMERIC,CLEARED,
2026-09-10 12:41:10,M-101,NORMAL,LOW,21.09,NUMERIC,CLEARED,
2026-09-10 12:44:38,V-101,NORMAL,LOW,5.67,NUMERIC,CLEARED,
2026-09-10 12:44:48,V-101,NORMAL,LOW,66.87,NUMERIC,CLEARED,
2026-09-10 12:51:35,TT-101,NORMAL,LOW,71.74,NUMERIC,CLEARED,
2026-09-10 12:57:26,PT-101,NORMAL,LOW,6.8,NUMERIC,CLEARED,
2026-09-10 13:02:54,PT-101,NORMAL,LOW,5.71,NUMERIC,CLEARED,
2026-09-10 13:06:15,TT-101,HIGH_TEMPERATURE,HIGH,90.98,NUMERIC,ACTIVE,
2026-09-10 13:07:02,PT-101,NORMAL,LOW,4.57,NUMERIC,CLEARED,
2026-09-10 13:13:52,M-101,NORMAL,LOW,12.33,NUMERIC,CLEARED,
2026-09-10 13:19:57,PT-101,NORMAL,LOW,5.22,NUMERIC,CLEARED,
2026-09-10 13:38:26,TT-101,NORMAL,LOW,67.14,NUMERIC,CLEARED,
2026-09-10 13:52:05,M-101,NORMAL,LOW,5.72,NUMERIC,CLEARED,
2026-09-10 14:06:38,M-101,NORMAL,LOW,,NULL,CLEARED,MISSING_VALUE
2026-09-10 14:20:31,PT-101,NORMAL,LOW,4.81,NUMERIC,CLEARED,
2026-09-10 14:23:45,V-101,NORMAL,LOW,99.72,NUMERIC,CLEARED,
2026-09-10 14:34:25,LT-101,NORMAL,LOW,64.76,NUMERIC,CLEARED,
2026-09-10 14:40:30,FT-101,NORMAL,LOW,31.87,NUMERIC,CLEARED,
2026-09-10 14:43:59,FT-101,NORMAL,LOW,20.33,NUMERIC,CLEARED,
2026-09-10 14:48:29,PT-101,NORMAL,LOW,5.48,NUMERIC,CLEARED,
2026-09-10 14:50:09,PT-101,NORMAL,LOW,5,NUMERIC,CLEARED,
2026-09-10 14:50:30,LT-101,NORMAL,LOW,48.89,NUMERIC,CLEARED,
2026-09-10 14:51:30,LT-101,LOW_LEVEL,HIGH,5.85,NUMERIC,ACKNOWLEDGED,
2026-09-10 14:55:06,LT-101,NORMAL,LOW,48.93,NUMERIC,CLEARED,
2026-09-10 15:04:15,V-101,NORMAL,LOW,94.15,NUMERIC,CLEARED,
2026-09-10 15:07:24,FT-101,NORMAL,LOW,36.32,NUMERIC,CLEARED,
2026-09-10 15:15:19,FT-101,NORMAL,LOW,37.67,NUMERIC,CLEARED,
2026-09-10 15:28:58,LT-101,NORMAL,LOW,51.02,NUMERIC,CLEARED,
2026-09-10 15:31:39,LT-101,HIGH_LEVEL,CRITICAL,93.77,NUMERIC,ACKNOWLEDGED,
2026-09-10 15:50:32,PT-101,NORMAL,LOW,4.09,NUMERIC,CLEARED,
2026-09-10 16:04:23,PT-101,HIGH_PRESSURE,CRITICAL,8.92,NUMERIC,ACKNOWLEDGED,
2026-09-10 16:05:07,TT-101,NORMAL,LOW,72.9,NUMERIC,CLEARED,
2026-09-10 16:20:03,M-101,NORMAL,LOW,1.32,NUMERIC,CLEARED,
2026-09-10 16:22:58,FT-101,NORMAL,LOW,29.51,NUMERIC,CLEARED,
2026-09-10 16:23:44,PT-101,NORMAL,LOW,4.82,NUMERIC,CLEARED,
2026-09-10 16:41:31,PT-101,NORMAL,LOW,5.34,NUMERIC,CLEARED,
2026-09-10 16:43:29,LT-101,NORMAL,LOW,47.95,NUMERIC,CLEARED,
2026-09-10 16:46:00,V-101,NORMAL,LOW,93.71,NUMERIC,CLEARED,
2026-09-10 16:47:39,PT-101,NORMAL,LOW,4.59,NUMERIC,CLEARED,
2026-09-10 17:03:10,LT-101,NORMAL,LOW,46.32,NUMERIC,CLEARED,
2026-09-10 17:20:14,TT-101,NORMAL,LOW,50.19,NUMERIC,CLEARED,
2026-09-10 17:20:55,PT-101,NORMAL,LOW,6.86,NUMERIC,CLEARED,
2026-09-10 17:21:02,FT-101,NORMAL,LOW,34.68,NUMERIC,CLEARED,
2026-09-10 17:22:34,TT-101,NORMAL,LOW,55.16,NUMERIC,CLEARED,
2026-09-10 17:23:06,LT-101,NORMAL,LOW,44.87,NUMERIC,CLEARED,
2026-09-10 17:26:34,FT-101,NORMAL,LOW,40,NUMERIC,CLEARED,
2026-09-10 17:34:40,TT-101,NORMAL,LOW,66.36,NUMERIC,CLEARED,
2026-09-10 17:49:56,TT-101,HIGH_TEMPERATURE,HIGH,85.23,NUMERIC,ACKNOWLEDGED,
2026-09-10 17:56:34,V-101,NORMAL,LOW,41.55,NUMERIC,CLEARED,
2026-09-10 18:06:10,FT-101,NORMAL,LOW,30.93,NUMERIC,CLEARED,
2026-09-10 18:26:12,FT-101,NORMAL,LOW,34.23,NUMERIC,CLEARED,
2026-09-10 18:27:28,LT-101,NORMAL,LOW,41.97,NUMERIC,CLEARED,
2026-09-10 18:29:10,PT-101,NORMAL,LOW,4.6,NUMERIC,CLEARED,
2026-09-10 18:34:01,FT-101,HIGH_FLOW,HIGH,62.89,NUMERIC,ACTIVE,
2026-09-10 18:40:27,V-101,NORMAL,LOW,58.95,NUMERIC,CLEARED,
2026-09-10 18:43:22,FT-101,NORMAL,LOW,38.36,NUMERIC,CLEARED,
2026-09-10 18:43:32,M-101,NORMAL,LOW,25.26,NUMERIC,CLEARED,
2026-09-10 18:53:21,FT-101,NORMAL,LOW,32.38,NUMERIC,CLEARED,
2026-09-10 19:05:18,V-101,NORMAL,LOW,19.88,NUMERIC,CLEARED,
2026-09-10 19:17:54,P-102,PUMP_FAILURE,CRITICAL,STOPPED,STATE,CLEARED,
2026-09-10 19:31:50,M-101,NORMAL,LOW,30.57,NUMERIC,CLEARED,
2026-09-10 19:32:39,LT-101,NORMAL,LOW,78.4,NUMERIC,CLEARED,
2026-09-10 19:33:43,V-101,NORMAL,LOW,63.38,NUMERIC,CLEARED,
2026-09-10 19:40:25,TT-101,NORMAL,LOW,59.73,NUMERIC,CLEARED,
2026-09-10 19:41:35,TT-101,NORMAL,LOW,69.83,NUMERIC,CLEARED,
2026-09-10 19:41:56,FT-101,NORMAL,LOW,28.39,NUMERIC,CLEARED,
2026-09-10 19:42:30,TT-101,NORMAL,LOW,61.24,NUMERIC,CLEARED,
2026-09-10 19:48:20,V-101,NORMAL,LOW,87.5,NUMERIC,CLEARED,
2026-09-10 20:02:42,TT-101,NORMAL,LOW,64.18,NUMERIC,CLEARED,
2026-09-10 20:09:39,V-101,NORMAL,LOW,71.89,NUMERIC,CLEARED,
2026-09-10 20:19:05,M-101,NORMAL,LOW,23.5,NUMERIC,CLEARED,
2026-09-10 20:20:59,LT-101,NORMAL,LOW,56.72,NUMERIC,CLEARED,
2026-09-10 20:32:24,PT-101,NORMAL,LOW,4.24,NUMERIC,CLEARED,
2026-09-10 20:39:38,M-101,NORMAL,LOW,29.39,NUMERIC,CLEARED,
2026-09-10 20:43:45,TT-101,NORMAL,LOW,71.84,NUMERIC,CLEARED,
2026-09-10 20:49:29,LT-101,NORMAL,LOW,76.42,NUMERIC,CLEARED,
2026-09-10 20:53:14,LT-101,NORMAL,LOW,47.38,NUMERIC,CLEARED,
2026-09-10 20:54:03,V-101,NORMAL,LOW,87.68,NUMERIC,CLEARED,
2026-09-10 20:54:16,FT-101,HIGH_FLOW,HIGH,52.1,NUMERIC,ACTIVE,
2026-09-10 21:02:40,PT-101,NORMAL,LOW,5.91,NUMERIC,CLEARED,
2026-09-10 21:05:03,PT-101,NORMAL,LOW,6.41,NUMERIC,CLEARED,
2026-09-10 21:13:14,LT-101,HIGH_LEVEL,CRITICAL,97.08,NUMERIC,ACTIVE,
2026-09-10 21:25:44,V-101,NORMAL,LOW,30.24,NUMERIC,CLEARED,
2026-09-10 21:43:26,V-101,NORMAL,LOW,77.88,NUMERIC,CLEARED,
2026-09-10 21:45:46,LT-101,NORMAL,LOW,78.63,NUMERIC,CLEARED,
2026-09-10 21:52:04,LT-101,NORMAL,LOW,76.49,NUMERIC,CLEARED,
2026-09-10 21:55:01,FT-101,NORMAL,LOW,32.92,NUMERIC,CLEARED,
2026-09-10 21:55:59,LT-101,NORMAL,LOW,65.97,NUMERIC,CLEARED,
2026-09-10 22:01:25,M-101,NORMAL,LOW,15.43,NUMERIC,CLEARED,
2026-09-10 22:04:13,TT-101,NORMAL,LOW,72.42,NUMERIC,CLEARED,
2026-09-10 22:06:14,V-101,NORMAL,LOW,21.07,NUMERIC,CLEARED,
2026-09-10 22:15:59,M-101,NORMAL,LOW,19.09,NUMERIC,CLEARED,
2026-09-10 22:17:34,TT-101,NORMAL,LOW,62.05,NUMERIC,CLEARED,
2026-09-10 22:29:22,FT-101,NORMAL,LOW,28.68,NUMERIC,CLEARED,
2026-09-10 22:30:21,FT-101,NORMAL,LOW,29.14,NUMERIC,CLEARED,
2026-09-10 22:32:28,TT-101,NORMAL,LOW,54.36,NUMERIC,CLEARED,
2026-09-10 23:01:23,LT-101,HIGH_LEVEL,CRITICAL,94.42,NUMERIC,ACTIVE,
2026-09-10 23:01:33,FT-101,NORMAL,LOW,23.71,NUMERIC,CLEARED,
2026-09-10 23:19:07,LT-101,NORMAL,LOW,54.24,NUMERIC,CLEARED,
2026-09-10 23:45:22,FT-101,NORMAL,LOW,34.09,NUMERIC,CLEARED,
2026-09-11 00:06:23,LT-101,NORMAL,LOW,56.69,NUMERIC,CLEARED,
2026-09-11 00:09:42,PT-101,NORMAL,LOW,4.46,NUMERIC,CLEARED,
2026-09-11 00:20:42,V-101,NORMAL,LOW,19.24,NUMERIC,CLEARED,
2026-09-11 00:24:34,LT-101,NORMAL,LOW,64.6,NUMERIC,CLEARED,
2026-09-11 00:27:55,LT-101,NORMAL,LOW,44.94,NUMERIC,CLEARED,
2026-09-11 00:32:07,FT-101,LOW_FLOW,MEDIUM,9.39,NUMERIC,ACTIVE,
2026-09-11 00:33:58,PT-101,NORMAL,LOW,5.17,NUMERIC,CLEARED,
2026-09-11 00:35:11,M-101,NORMAL,LOW,25.93,NUMERIC,CLEARED,
2026-09-11 00:57:00,V-101,NORMAL,LOW,24.1,NUMERIC,CLEARED,
2026-09-11 01:01:34,LT-101,NORMAL,LOW,75.69,NUMERIC,CLEARED,
2026-09-11 01:06:27,LT-101,NORMAL,LOW,73.9,NUMERIC,CLEARED,
2026-09-11 01:11:39,PT-101,NORMAL,LOW,6.96,NUMERIC,CLEARED,
2026-09-11 01:16:27,TT-101,NORMAL,LOW,53.87,NUMERIC,CLEARED,
2026-09-11 01:28:31,TT-101,NORMAL,LOW,58.02,NUMERIC,CLEARED,
2026-09-11 01:58:49,LT-101,NORMAL,LOW,42.4,NUMERIC,CLEARED,
2026-09-11 02:03:00,LT-101,NORMAL,LOW,75.79,NUMERIC,CLEARED,
2026-09-11 02:06:16,TT-101,NORMAL,LOW,74.26,NUMERIC,CLEARED,
2026-09-11 02:06:50,TT-101,HIGH_TEMPERATURE,HIGH,90.87,NUMERIC,ACTIVE,
2026-09-11 02:10:10,FT-101,NORMAL,LOW,20.39,NUMERIC,CLEARED,
2026-09-11 02:13:29,PT-101,NORMAL,LOW,4.3,NUMERIC,CLEARED,
2026-09-11 02:17:31,LT-101,NORMAL,LOW,70.66,NUMERIC,CLEARED,
2026-09-11 02:20:35,PT-101,NORMAL,LOW,5.91,NUMERIC,CLEARED,
2026-09-11 02:23:05,TT-101,NORMAL,LOW,59.95,NUMERIC,CLEARED,
2026-09-11 02:27:18,M-101,NORMAL,LOW,21.93,NUMERIC,CLEARED,
2026-09-11 02:27:51,M-101,NORMAL,LOW,16.25,NUMERIC,CLEARED,
2026-09-11 02:30:49,FT-101,NORMAL,LOW,33.9,NUMERIC,CLEARED,
2026-09-11 02:35:49,M-101,NORMAL,LOW,3.12,NUMERIC,CLEARED,
2026-09-11 02:42:06,TT-101,NORMAL,LOW,59.96,NUMERIC,CLEARED,
2026-09-11 02:46:37,TT-101,NORMAL,LOW,73.85,NUMERIC,CLEARED,
2026-09-11 03:06:57,LT-101,NORMAL,LOW,72.89,NUMERIC,CLEARED,
2026-09-11 03:16:15,FT-101,NORMAL,LOW,38.43,NUMERIC,CLEARED,
2026-09-11 03:16:25,FT-101,NORMAL,LOW,20.52,NUMERIC,CLEARED,
2026-09-11 03:16:41,FT-101,LOW_FLOW,MEDIUM,3.81,NUMERIC,ACTIVE,
2026-09-11 03:31:59,TT-101,NORMAL,LOW,51.29,NUMERIC,CLEARED,
2026-09-11 03:33:43,TT-101,NORMAL,LOW,51.3,NUMERIC,CLEARED,
2026-09-11 03:44:21,V-101,NORMAL,LOW,63.47,NUMERIC,CLEARED,
2026-09-11 03:45:23,TT-101,HIGH_TEMPERATURE,HIGH,101.34,NUMERIC,ACTIVE,
2026-09-11 03:46:45,FT-101,NORMAL,LOW,32.92,NUMERIC,CLEARED,
2026-09-11 04:12:04,FT-101,NORMAL,LOW,27.32,NUMERIC,CLEARED,
2026-09-11 04:27:29,TT-101,NORMAL,LOW,48.93,NUMERIC,CLEARED,
2026-09-11 04:31:19,M-101,HIGH_CURRENT,HIGH,57.32,NUMERIC,ACTIVE,
2026-09-11 04:37:46,LT-101,NORMAL,LOW,59.37,NUMERIC,CLEARED,
2026-09-11 04:58:36,V-101,NORMAL,LOW,29.01,NUMERIC,CLEARED,
2026-09-11 05:00:45,PT-101,NORMAL,LOW,5.88,NUMERIC,CLEARED,
2026-09-11 05:01:41,FT-101,NORMAL,LOW,26.82,NUMERIC,CLEARED,
2026-09-11 05:02:19,M-101,NORMAL,LOW,14.16,NUMERIC,CLEARED,
2026-09-11 05:02:55,V-101,NORMAL,LOW,29.22,NUMERIC,CLEARED,
2026-09-11 05:03:08,M-101,NORMAL,LOW,12.33,NUMERIC,CLEARED,
2026-09-11 05:14:37,V-101,NORMAL,LOW,87.74,NUMERIC,CLEARED,
2026-09-11 05:17:57,FT-101,NORMAL,LOW,36.21,NUMERIC,CLEARED,
2026-09-11 05:27:38,LT-101,NORMAL,LOW,72.56,NUMERIC,CLEARED,
2026-09-11 05:32:39,PT-101,NORMAL,LOW,4.04,NUMERIC,CLEARED,
2026-09-11 05:37:19,TT-101,NORMAL,LOW,73.45,NUMERIC,CLEARED,
2026-09-11 05:39:05,FT-101,NORMAL,LOW,24.68,NUMERIC,CLEARED,
2026-09-11 05:45:20,LT-101,NORMAL,LOW,44.62,NUMERIC,CLEARED,
2026-09-11 06:01:33,V-101,NORMAL,LOW,65.54,NUMERIC,CLEARED,
2026-09-11 06:04:28,FT-101,LOW_FLOW,MEDIUM,,NULL,ACKNOWLEDGED,MISSING_VALUE
2026-09-11 06:06:12,FT-101,NORMAL,LOW,23.76,NUMERIC,CLEARED,
2026-09-11 06:07:47,FT-101,HIGH_FLOW,HIGH,51.04,NUMERIC,ACKNOWLEDGED,
2026-09-11 06:08:55,V-101,NORMAL,LOW,38.32,NUMERIC,CLEARED,
2026-09-11 06:10:09,LT-101,NORMAL,LOW,64.67,NUMERIC,CLEARED,
2026-09-11 06:19:30,TT-101,NORMAL,LOW,53.36,NUMERIC,CLEARED,
2026-09-11 06:22:04,V-101,NORMAL,LOW,27.38,NUMERIC,CLEARED,
2026-09-11 06:23:27,FT-101,LOW_FLOW,MEDIUM,1.13,NUMERIC,ACKNOWLEDGED,
2026-09-11 06:28:45,FT-101,NORMAL,LOW,38.64,NUMERIC,CLEARED,
2026-09-11 06:44:31,M-101,NORMAL,LOW,30.58,NUMERIC,CLEARED,
2026-09-11 06:50:21,FT-101,NORMAL,LOW,36.75,NUMERIC,CLEARED,
2026-09-11 06:50:23,LT-101,HIGH_LEVEL,CRITICAL,99.68,NUMERIC,ACTIVE,
2026-09-11 06:50:40,FT-101,NORMAL,LOW,37.28,NUMERIC,CLEARED,
2026-09-11 06:55:30,LT-101,NORMAL,LOW,72.1,NUMERIC,CLEARED,
2026-09-11 06:59:10,PT-101,NORMAL,LOW,4.99,NUMERIC,CLEARED,
2026-09-11 07:07:16,M-101,NORMAL,LOW,3.21,NUMERIC,CLEARED,
2026-09-11 07:19:21,PT-101,NORMAL,LOW,4.79,NUMERIC,CLEARED,
2026-09-11 07:34:15,PT-101,NORMAL,LOW,6.06,NUMERIC,CLEARED,
2026-09-11 07:38:49,FT-101,NORMAL,LOW,28.72,NUMERIC,CLEARED,
2026-09-11 07:39:23,M-101,NORMAL,LOW,12,NUMERIC,CLEARED,
2026-09-11 08:22:01,FT-101,NORMAL,LOW,32.59,NUMERIC,CLEARED,
2026-09-11 08:34:30,FT-101,NORMAL,LOW,24.42,NUMERIC,CLEARED,
2026-09-11 08:53:19,PT-101,NORMAL,LOW,4.85,NUMERIC,CLEARED,
2026-09-11 08:53:46,M-101,NORMAL,LOW,31.84,NUMERIC,CLEARED,
2026-09-11 09:18:37,TT-101,NORMAL,LOW,69.97,NUMERIC,CLEARED,
2026-09-11 09:27:01,V-101,NORMAL,LOW,41.97,NUMERIC,CLEARED,
2026-09-11 09:32:12,PT-101,NORMAL,LOW,6.77,NUMERIC,CLEARED,
2026-09-11 09:32:54,FT-101,NORMAL,LOW,,NULL,CLEARED,MISSING_VALUE
2026-09-11 09:32:56,PT-101,NORMAL,LOW,4.01,NUMERIC,CLEARED,
2026-09-11 09:41:57,PT-101,NORMAL,LOW,5.72,NUMERIC,CLEARED,
2026-09-11 09:43:23,PT-101,NORMAL,LOW,4.21,NUMERIC,CLEARED,
2026-09-11 09:43:36,P-102,PUMP_FAILURE,CRITICAL,STOPPED,STATE,ACTIVE,
2026-09-11 09:53:56,PT-101,NORMAL,LOW,6.88,NUMERIC,CLEARED,
2026-09-11 10:02:53,LT-101,NORMAL,LOW,66.21,NUMERIC,CLEARED,
2026-09-11 10:08:15,LT-101,NORMAL,LOW,64.01,NUMERIC,CLEARED,
2026-09-11 10:16:10,M-101,NORMAL,LOW,14.16,NUMERIC,CLEARED,
2026-09-11 10:17:16,TT-101,NORMAL,LOW,67.94,NUMERIC,CLEARED,
2026-09-11 10:19:36,TT-101,NORMAL,LOW,63.07,NUMERIC,CLEARED,
2026-09-11 10:22:05,V-101,NORMAL,LOW,96.34,NUMERIC,CLEARED,
2026-09-11 10:31:02,PT-101,NORMAL,LOW,4.75,NUMERIC,CLEARED,
2026-09-11 10:36:56,TT-101,NORMAL,LOW,72.16,NUMERIC,CLEARED,
2026-09-11 10:37:26,PT-101,NORMAL,LOW,,NULL,CLEARED,MISSING_VALUE
2026-09-11 10:44:28,LT-101,NORMAL,LOW,45.67,NUMERIC,CLEARED,
2026-09-11 11:00:57,M-101,NORMAL,LOW,26.3,NUMERIC,CLEARED,
2026-09-11 11:02:13,M-101,NORMAL,LOW,6.9,NUMERIC,CLEARED,
2026-09-11 11:04:34,TT-101,NORMAL,LOW,65.96,NUMERIC,CLEARED,
2026-09-11 11:11:59,PT-101,NORMAL,LOW,4.1,NUMERIC,CLEARED,
2026-09-11 11:19:05,M-101,NORMAL,LOW,0.49,NUMERIC,CLEARED,
2026-09-11 11:19:14,TT-101,NORMAL,LOW,71.15,NUMERIC,CLEARED,
2026-09-11 11:37:15,M-101,NORMAL,LOW,7.9,NUMERIC,CLEARED,
2026-09-11 11:45:08,PT-101,NORMAL,LOW,6.98,NUMERIC,CLEARED,
2026-09-11 11:52:37,FT-101,NORMAL,LOW,35.97,NUMERIC,CLEARED,
2026-09-11 11:53:39,LT-101,NORMAL,LOW,49.99,NUMERIC,CLEARED,
2026-09-11 12:04:21,LT-101,NORMAL,LOW,44.83,NUMERIC,CLEARED,
2026-09-11 12:07:40,TT-101,NORMAL,LOW,52.97,NUMERIC,CLEARED,
2026-09-11 12:10:21,FT-101,NORMAL,LOW,23.05,NUMERIC,CLEARED,
2026-09-11 12:23:33,FT-101,LOW_FLOW,MEDIUM,2.07,NUMERIC,ACTIVE,
2026-09-11 12:28:52,FT-101,NORMAL,LOW,26.1,NUMERIC,CLEARED,
2026-09-11 12:30:35,LT-101,NORMAL,LOW,44.23,NUMERIC,CLEARED,
2026-09-11 12:31:53,LT-101,NORMAL,LOW,59.1,NUMERIC,CLEARED,
2026-09-11 12:37:08,LT-101,NORMAL,LOW,75.76,NUMERIC,CLEARED,
2026-09-11 12:38:58,TT-101,NORMAL,LOW,64.11,NUMERIC,CLEARED,
2026-09-11 12:50:22,LT-101,NORMAL,LOW,59.55,NUMERIC,CLEARED,
2026-09-11 12:52:30,PT-101,HIGH_PRESSURE,CRITICAL,9.43,NUMERIC,CLEARED,
2026-09-11 12:54:19,TT-101,NORMAL,LOW,64.66,NUMERIC,CLEARED,
2026-09-11 12:56:20,TT-101,NORMAL,LOW,58.03,NUMERIC,CLEARED,
2026-09-11 13:00:02,LT-101,NORMAL,LOW,41.96,NUMERIC,CLEARED,
2026-09-11 13:03:56,M-101,NORMAL,LOW,19.9,NUMERIC,CLEARED,
2026-09-11 13:04:14,FT-101,NORMAL,LOW,26.29,NUMERIC,CLEARED,
2026-09-11 13:04:32,P-101,COMMUNICATION_LOST,MEDIUM,,NULL,CLEARED,MISSING_VALUE
2026-09-11 13:07:12,FT-101,NORMAL,LOW,21.33,NUMERIC,CLEARED,
2026-09-11 13:08:16,PT-101,NORMAL,LOW,5.33,NUMERIC,CLEARED,
2026-09-11 13:08:45,FT-101,NORMAL,LOW,29.05,NUMERIC,CLEARED,
2026-09-11 13:12:06,M-101,HIGH_CURRENT,HIGH,51.43,NUMERIC,ACKNOWLEDGED,
2026-09-11 13:13:53,FT-101,NORMAL,LOW,32.14,NUMERIC,CLEARED,
2026-09-11 13:21:22,PT-101,NORMAL,LOW,5.49,NUMERIC,CLEARED,
2026-09-11 13:30:20,PT-101,NORMAL,LOW,6.78,NUMERIC,CLEARED,
2026-09-11 13:30:35,PT-101,NORMAL,LOW,4.31,NUMERIC,CLEARED,
2026-09-11 13:40:13,V-101,NORMAL,LOW,56.4,NUMERIC,CLEARED,
2026-09-11 13:44:30,TT-101,NORMAL,LOW,46.56,NUMERIC,CLEARED,
2026-09-11 13:44:58,LT-101,NORMAL,LOW,76.8,NUMERIC,CLEARED,
2026-09-11 13:45:36,PT-101,NORMAL,LOW,4.38,NUMERIC,CLEARED,
2026-09-11 13:45:36,PT-101,NORMAL,LOW,,NULL,CLEARED,MISSING_VALUE
2026-09-11 13:46:31,PT-101,NORMAL,LOW,5.59,NUMERIC,CLEARED,
2026-09-11 13:56:49,TT-101,NORMAL,LOW,48.43,NUMERIC,CLEARED,
2026-09-11 14:11:42,LT-101,NORMAL,LOW,62.38,NUMERIC,CLEARED,
2026-09-11 14:13:00,TT-101,NORMAL,LOW,59.62,NUMERIC,CLEARED,
2026-09-11 14:20:39,FT-101,NORMAL,LOW,21.94,NUMERIC,CLEARED,
2026-09-11 14:30:16,FT-101,NORMAL,LOW,32.2,NUMERIC,CLEARED,
2026-09-11 14:33:07,FT-101,HIGH_FLOW,HIGH,60.8,NUMERIC,ACTIVE,
2026-09-11 14:35:05,M-101,NORMAL,LOW,6.6,NUMERIC,CLEARED,
2026-09-11 14:48:46,M-101,NORMAL,LOW,17.17,NUMERIC,CLEARED,
2026-09-11 14:58:15,LT-101,NORMAL,LOW,40.96,NUMERIC,CLEARED,
2026-09-11 15:17:19,M-101,NORMAL,LOW,16.29,NUMERIC,CLEARED,
2026-09-11 15:21:20,LT-101,NORMAL,LOW,53.35,NUMERIC,CLEARED,
2026-09-11 15:21:28,LT-101,NORMAL,LOW,79.7,NUMERIC,CLEARED,
2026-09-11 15:22:40,TT-101,NORMAL,LOW,53.61,NUMERIC,CLEARED,
2026-09-11 15:23:43,TT-101,NORMAL,LOW,61.57,NUMERIC,CLEARED,
2026-09-11 15:23:54,TT-101,NORMAL,LOW,65.76,NUMERIC,CLEARED,
2026-09-11 15:25:49,PT-101,HIGH_PRESSURE,CRITICAL,8.97,NUMERIC,ACTIVE,
2026-09-11 15:34:38,FT-101,NORMAL,LOW,29.63,NUMERIC,CLEARED,
2026-09-11 15:40:23,V-101,NORMAL,LOW,58.61,NUMERIC,CLEARED,
2026-09-11 15:41:20,TT-101,NORMAL,LOW,51.89,NUMERIC,CLEARED,
2026-09-11 15:43:37,PT-101,LOW_PRESSURE,MEDIUM,1.55,NUMERIC,ACKNOWLEDGED,
2026-09-11 15:45:59,V-101,NORMAL,LOW,3.66,NUMERIC,CLEARED,
2026-09-11 15:51:34,LT-101,NORMAL,LOW,43.38,NUMERIC,CLEARED,
2026-09-11 16:03:57,TT-101,NORMAL,LOW,49.78,NUMERIC,CLEARED,
2026-09-11 16:09:52,M-101,NORMAL,LOW,33.41,NUMERIC,CLEARED,
2026-09-11 16:10:11,LT-101,NORMAL,LOW,52.67,NUMERIC,CLEARED,
2026-09-11 16:23:13,TT-101,NORMAL,LOW,62.54,NUMERIC,CLEARED,
2026-09-11 16:34:23,M-101,HIGH_CURRENT,HIGH,51.85,NUMERIC,ACTIVE,
2026-09-11 16:34:26,LT-101,NORMAL,LOW,49.7,NUMERIC,CLEARED,
2026-09-11 16:40:55,PT-101,NORMAL,LOW,4.76,NUMERIC,CLEARED,
2026-09-11 16:41:57,M-101,NORMAL,LOW,29.97,NUMERIC,CLEARED,
2026-09-11 16:45:24,V-101,NORMAL,LOW,76.63,NUMERIC,CLEARED,
2026-09-11 16:52:01,PT-101,NORMAL,LOW,4.69,NUMERIC,CLEARED,
2026-09-11 16:56:46,FT-101,NORMAL,LOW,36,NUMERIC,CLEARED,
2026-09-11 16:57:21,FT-101,NORMAL,LOW,31.56,NUMERIC,CLEARED,
2026-09-11 17:01:52,LT-101,NORMAL,LOW,58.99,NUMERIC,CLEARED,
2026-09-11 17:04:57,M-101,NORMAL,LOW,10.32,NUMERIC,CLEARED,
2026-09-11 17:08:33,TT-101,NORMAL,LOW,57.7,NUMERIC,CLEARED,
2026-09-11 17:10:00,P-101,NORMAL,LOW,,NULL,CLEARED,MISSING_VALUE
2026-09-11 17:22:25,TT-101,NORMAL,LOW,73.49,NUMERIC,CLEARED,
2026-09-11 17:24:56,FT-101,NORMAL,LOW,36.97,NUMERIC,CLEARED,
2026-09-11 17:25:24,FT-101,NORMAL,LOW,31.44,NUMERIC,CLEARED,
2026-09-11 17:38:36,FT-101,NORMAL,LOW,31.02,NUMERIC,CLEARED,
2026-09-11 17:40:19,V-101,NORMAL,LOW,78.8,NUMERIC,CLEARED,
2026-09-11 17:40:52,V-101,NORMAL,LOW,77.86,NUMERIC,CLEARED,
2026-09-11 17:43:26,PT-101,LOW_PRESSURE,MEDIUM,1.46,NUMERIC,CLEARED,
2026-09-11 17:48:56,M-101,HIGH_CURRENT,HIGH,47.3,NUMERIC,ACTIVE,
2026-09-11 17:52:42,P-102,PUMP_FAILURE,CRITICAL,STOPPED,STATE,ACTIVE,
2026-09-11 17:57:26,V-101,NORMAL,LOW,29.22,NUMERIC,CLEARED,
2026-09-11 17:58:58,LT-101,NORMAL,LOW,50.89,NUMERIC,CLEARED,
2026-09-11 18:14:36,M-101,NORMAL,LOW,33.11,NUMERIC,CLEARED,
2026-09-11 18:21:48,FT-101,NORMAL,LOW,23.73,NUMERIC,CLEARED,
2026-09-11 18:28:56,V-101,NORMAL,LOW,14.17,NUMERIC,CLEARED,
2026-09-11 18:31:00,M-101,NORMAL,LOW,10.51,NUMERIC,CLEARED,
2026-09-11 18:39:06,FT-101,NORMAL,LOW,39.35,NUMERIC,CLEARED,
2026-09-11 18:40:08,FT-101,NORMAL,LOW,32.41,NUMERIC,CLEARED,
2026-09-11 18:44:54,FT-101,LOW_FLOW,MEDIUM,5.45,NUMERIC,CLEARED,
2026-09-11 18:48:19,FT-101,NORMAL,LOW,31.37,NUMERIC,CLEARED,
2026-09-11 18:59:17,P-102,PUMP_FAILURE,CRITICAL,STOPPED,STATE,ACTIVE,
2026-09-11 19:04:18,M-101,NORMAL,LOW,12.01,NUMERIC,CLEARED,
2026-09-11 19:09:37,PT-101,NORMAL,LOW,4.25,NUMERIC,CLEARED,
2026-09-11 19:09:48,LT-101,NORMAL,LOW,43.16,NUMERIC,CLEARED,
2026-09-11 19:10:00,PT-101,NORMAL,LOW,6.89,NUMERIC,CLEARED,
2026-09-11 19:18:59,LT-101,NORMAL,LOW,68.14,NUMERIC,CLEARED,
2026-09-11 19:19:42,M-101,NORMAL,LOW,30.96,NUMERIC,CLEARED,
2026-09-11 19:21:39,LT-101,NORMAL,LOW,72.42,NUMERIC,CLEARED,
2026-09-11 19:27:10,M-101,NORMAL,LOW,4.46,NUMERIC,CLEARED,
2026-09-11 19:30:34,FT-101,NORMAL,LOW,32.1,NUMERIC,CLEARED,
2026-09-11 19:32:53,PT-101,HIGH_PRESSURE,CRITICAL,9.25,NUMERIC,ACKNOWLEDGED,
2026-09-11 19:44:03,V-101,NORMAL,LOW,72.64,NUMERIC,CLEARED,
2026-09-11 19:45:41,M-101,NORMAL,LOW,3.33,NUMERIC,CLEARED,
2026-09-11 19:50:03,P-102,PUMP_FAILURE,CRITICAL,STOPPED,STATE,CLEARED,
2026-09-11 19:54:56,TT-101,NORMAL,LOW,60.9,NUMERIC,CLEARED,
2026-09-11 20:01:45,LT-101,NORMAL,LOW,42.11,NUMERIC,CLEARED,
2026-09-11 20:03:33,FT-101,NORMAL,LOW,25.5,NUMERIC,CLEARED,
2026-09-11 20:04:59,PT-101,NORMAL,LOW,4.27,NUMERIC,CLEARED,
2026-09-11 20:05:24,LT-101,HIGH_LEVEL,CRITICAL,99.2,NUMERIC,CLEARED,
2026-09-11 20:05:57,PT-101,NORMAL,LOW,6.72,NUMERIC,CLEARED,
2026-09-11 20:11:45,V-101,NORMAL,LOW,22.23,NUMERIC,CLEARED,
2026-09-11 20:12:33,P-101,COMMUNICATION_LOST,MEDIUM,,NULL,CLEARED,MISSING_VALUE
2026-09-11 20:47:32,V-101,NORMAL,LOW,87.94,NUMERIC,CLEARED,
2026-09-11 20:47:40,FT-101,NORMAL,LOW,35.14,NUMERIC,CLEARED,
2026-09-11 20:48:46,LT-101,NORMAL,LOW,52.15,NUMERIC,CLEARED,
2026-09-11 20:50:25,M-101,HIGH_CURRENT,HIGH,47.29,NUMERIC,ACTIVE,
2026-09-11 20:51:21,PT-101,NORMAL,LOW,6.49,NUMERIC,CLEARED,
2026-09-11 20:54:48,V-101,NORMAL,LOW,7.5,NUMERIC,CLEARED,
2026-09-11 20:56:58,V-101,NORMAL,LOW,89.85,NUMERIC,CLEARED,
2026-09-11 21:03:39,FT-101,NORMAL,LOW,21.2,NUMERIC,CLEARED,
2026-09-11 21:10:16,PT-101,NORMAL,LOW,4.77,NUMERIC,CLEARED,
2026-09-11 21:13:17,PT-101,NORMAL,LOW,6.18,NUMERIC,CLEARED,
2026-09-11 21:13:37,LT-101,NORMAL,LOW,44.4,NUMERIC,CLEARED,
2026-09-11 21:16:38,V-101,VALVE_FAILURE,HIGH,10.02,NUMERIC,ACTIVE,
2026-09-11 21:20:35,V-101,NORMAL,LOW,0.12,NUMERIC,CLEARED,
2026-09-11 21:30:09,LT-101,NORMAL,LOW,61.38,NUMERIC,CLEARED,
2026-09-11 21:30:51,LT-101,NORMAL,LOW,63.85,NUMERIC,CLEARED,
2026-09-11 21:47:42,TT-101,NORMAL,LOW,57.24,NUMERIC,CLEARED,
2026-09-11 21:49:08,M-101,NORMAL,LOW,21.23,NUMERIC,CLEARED,
2026-09-11 21:54:20,LT-101,NORMAL,LOW,73.63,NUMERIC,CLEARED,
2026-09-11 22:13:39,PT-101,NORMAL,LOW,4.63,NUMERIC,CLEARED,
2026-09-11 22:17:38,FT-101,LOW_FLOW,MEDIUM,7.33,NUMERIC,CLEARED,
2026-09-11 22:18:47,LT-101,NORMAL,LOW,57.22,NUMERIC,CLEARED,
2026-09-11 22:20:43,P-101,COMMUNICATION_LOST,MEDIUM,,NULL,CLEARED,MISSING_VALUE
2026-09-11 22:24:42,LT-101,NORMAL,LOW,40.75,NUMERIC,CLEARED,
2026-09-11 22:28:39,FT-101,NORMAL,LOW,35.66,NUMERIC,CLEARED,
2026-09-11 22:28:42,TT-101,NORMAL,LOW,58.78,NUMERIC,CLEARED,
2026-09-11 22:30:04,V-101,VALVE_FAILURE,HIGH,1.87,NUMERIC,ACTIVE,
2026-09-11 22:35:49,LT-101,NORMAL,LOW,68.74,NUMERIC,CLEARED,
2026-09-11 22:36:13,V-101,NORMAL,LOW,36.97,NUMERIC,CLEARED,
2026-09-11 22:44:58,LT-101,NORMAL,LOW,40.97,NUMERIC,CLEARED,
2026-09-11 22:47:12,TT-101,NORMAL,LOW,73.27,NUMERIC,CLEARED,
2026-09-11 22:52:32,V-101,NORMAL,LOW,99.03,NUMERIC,CLEARED,
2026-09-11 22:56:40,LT-101,NORMAL,LOW,64.25,NUMERIC,CLEARED,
2026-09-11 23:02:09,PT-101,NORMAL,LOW,4.82,NUMERIC,CLEARED,
2026-09-11 23:11:03,FT-101,LOW_FLOW,MEDIUM,1.55,NUMERIC,CLEARED,
2026-09-11 23:13:39,LT-101,HIGH_LEVEL,CRITICAL,96.69,NUMERIC,CLEARED,
2026-09-11 23:16:07,LT-101,NORMAL,LOW,78.71,NUMERIC,CLEARED,
2026-09-11 23:29:39,FT-101,NORMAL,LOW,25.57,NUMERIC,CLEARED,
2026-09-11 23:32:26,TT-101,NORMAL,LOW,71.9,NUMERIC,CLEARED,
2026-09-11 23:42:24,M-101,NORMAL,LOW,25.35,NUMERIC,CLEARED,
2026-09-11 23:43:41,FT-101,NORMAL,LOW,30.51,NUMERIC,CLEARED,
2026-09-11 23:43:54,PT-101,NORMAL,LOW,5.44,NUMERIC,CLEARED,
2026-09-12 00:03:17,PT-101,NORMAL,LOW,5.2,NUMERIC,CLEARED,
2026-09-12 00:15:59,FT-101,NORMAL,LOW,35.05,NUMERIC,CLEARED,
2026-09-12 00:16:24,TT-101,NORMAL,LOW,48.53,NUMERIC,CLEARED,
2026-09-12 00:16:29,M-101,HIGH_CURRENT,HIGH,46.17,NUMERIC,CLEARED,
2026-09-12 00:19:28,V-101,NORMAL,LOW,86.58,NUMERIC,CLEARED,
2026-09-12 00:37:25,FT-101,NORMAL,LOW,29.63,NUMERIC,CLEARED,
2026-09-12 00:43:57,LT-101,NORMAL,LOW,66.2,NUMERIC,CLEARED,
2026-09-12 00:44:51,TT-101,NORMAL,LOW,49.88,NUMERIC,CLEARED,
2026-09-12 00:47:37,TT-101,NORMAL,LOW,74.86,NUMERIC,CLEARED,
2026-09-12 00:49:45,PT-101,NORMAL,LOW,6.83,NUMERIC,CLEARED,
2026-09-12 00:54:54,FT-101,NORMAL,LOW,29.79,NUMERIC,CLEARED,
2026-09-12 00:57:25,PT-101,NORMAL,LOW,4.88,NUMERIC,CLEARED,
2026-09-12 01:14:42,LT-101,NORMAL,LOW,76.33,NUMERIC,CLEARED,
2026-09-12 01:18:47,TT-101,HIGH_TEMPERATURE,HIGH,93.97,NUMERIC,CLEARED,
2026-09-12 01:21:14,PT-101,NORMAL,LOW,6.63,NUMERIC,CLEARED,
2026-09-12 01:21:47,PT-101,NORMAL,LOW,4.26,NUMERIC,CLEARED,
2026-09-12 01:26:04,FT-101,NORMAL,LOW,36.53,NUMERIC,CLEARED,
2026-09-12 01:26:25,TT-101,NORMAL,LOW,67.77,NUMERIC,CLEARED,
2026-09-12 01:26:59,TT-101,NORMAL,LOW,72.62,NUMERIC,CLEARED,
2026-09-12 01:36:28,LT-101,NORMAL,LOW,42.28,NUMERIC,CLEARED,
2026-09-12 01:36:40,TT-101,NORMAL,LOW,59.36,NUMERIC,CLEARED,
2026-09-12 01:46:04,LT-101,NORMAL,LOW,62.47,NUMERIC,CLEARED,
2026-09-12 01:51:04,TT-101,NORMAL,LOW,60.89,NUMERIC,CLEARED,
2026-09-12 01:56:52,FT-101,NORMAL,LOW,37.55,NUMERIC,CLEARED,
2026-09-12 02:06:09,PT-101,NORMAL,LOW,5.8,NUMERIC,CLEARED,
2026-09-12 02:16:02,P-102,PUMP_FAILURE,CRITICAL,STOPPED,STATE,ACTIVE,
2026-09-12 02:18:54,P-102,COMMUNICATION_LOST,MEDIUM,,NULL,ACTIVE,MISSING_VALUE
2026-09-12 02:28:25,M-101,NORMAL,LOW,16.18,NUMERIC,CLEARED,
2026-09-12 02:31:26,FT-101,NORMAL,LOW,32.17,NUMERIC,CLEARED,
2026-09-12 02:31:46,PT-101,NORMAL,LOW,5.28,NUMERIC,CLEARED,
2026-09-12 02:42:41,FT-101,NORMAL,LOW,28.86,NUMERIC,CLEARED,
2026-09-12 02:45:10,PT-101,NORMAL,LOW,6.37,NUMERIC,CLEARED,
2026-09-12 02:53:47,V-101,NORMAL,LOW,40.33,NUMERIC,CLEARED,
2026-09-12 03:02:46,TT-101,NORMAL,LOW,52.96,NUMERIC,CLEARED,
2026-09-12 03:02:51,M-101,NORMAL,LOW,0.24,NUMERIC,CLEARED,
2026-09-12 03:11:03,PT-101,NORMAL,LOW,6.37,NUMERIC,CLEARED,
2026-09-12 03:18:46,PT-101,NORMAL,LOW,6.5,NUMERIC,CLEARED,
2026-09-12 03:18:49,FT-101,NORMAL,LOW,25.34,NUMERIC,CLEARED,
2026-09-12 03:26:19,TT-101,NORMAL,LOW,74.83,NUMERIC,CLEARED,
2026-09-12 03:41:50,M-101,NORMAL,LOW,32.17,NUMERIC,CLEARED,
2026-09-12 03:45:46,V-101,NORMAL,LOW,89.33,NUMERIC,CLEARED,
2026-09-12 03:53:39,V-101,NORMAL,LOW,61.26,NUMERIC,CLEARED,
2026-09-12 03:57:31,LT-101,NORMAL,LOW,57.6,NUMERIC,CLEARED,
2026-09-12 03:58:22,FT-101,NORMAL,LOW,39.7,NUMERIC,CLEARED,
2026-09-12 03:59:43,LT-101,NORMAL,LOW,65.8,NUMERIC,CLEARED,
2026-09-12 04:05:25,PT-101,NORMAL,LOW,6.58,NUMERIC,CLEARED,
2026-09-12 04:25:44,FT-101,LOW_FLOW,MEDIUM,1.03,NUMERIC,ACTIVE,
2026-09-12 04:29:40,FT-101,NORMAL,LOW,36.07,NUMERIC,CLEARED,
2026-09-12 04:32:31,LT-101,NORMAL,LOW,69.62,NUMERIC,CLEARED,
2026-09-12 04:32:47,TT-101,NORMAL,LOW,70.07,NUMERIC,CLEARED,
2026-09-12 04:35:37,TT-101,NORMAL,LOW,74.28,NUMERIC,CLEARED,
2026-09-12 04:45:27,V-101,NORMAL,LOW,65.19,NUMERIC,CLEARED,
2026-09-12 04:48:35,TT-101,NORMAL,LOW,45.71,NUMERIC,CLEARED,
2026-09-12 04:55:36,PT-101,NORMAL,LOW,5.47,NUMERIC,CLEARED,
2026-09-12 04:56:12,TT-101,NORMAL,LOW,72.11,NUMERIC,CLEARED,
2026-09-12 04:56:23,TT-101,NORMAL,LOW,69.07,NUMERIC,CLEARED,
2026-09-12 05:01:56,FT-101,NORMAL,LOW,31.93,NUMERIC,CLEARED,
2026-09-12 05:19:51,LT-101,NORMAL,LOW,65.98,NUMERIC,CLEARED,
2026-09-12 05:22:48,TT-101,NORMAL,LOW,65.59,NUMERIC,CLEARED,
2026-09-12 05:26:20,TT-101,NORMAL,LOW,49.15,NUMERIC,CLEARED,
2026-09-12 05:30:44,LT-101,NORMAL,LOW,75.73,NUMERIC,CLEARED,
2026-09-12 05:35:37,FT-101,NORMAL,LOW,28.09,NUMERIC,CLEARED,
2026-09-12 05:36:28,PT-101,NORMAL,LOW,5.66,NUMERIC,CLEARED,
2026-09-12 05:37:57,PT-101,NORMAL,LOW,6.1,NUMERIC,CLEARED,
2026-09-12 05:41:12,PT-101,LOW_PRESSURE,MEDIUM,1.92,NUMERIC,CLEARED,
2026-09-12 05:54:00,PT-101,NORMAL,LOW,4.91,NUMERIC,CLEARED,
2026-09-12 05:54:58,LT-101,NORMAL,LOW,60.63,NUMERIC,CLEARED,
2026-09-12 05:55:13,V-101,COMMUNICATION_LOST,MEDIUM,,NULL,CLEARED,MISSING_VALUE
2026-09-12 05:55:52,LT-101,NORMAL,LOW,64.01,NUMERIC,CLEARED,
2026-09-12 06:07:12,FT-101,NORMAL,LOW,25.96,NUMERIC,CLEARED,
2026-09-12 06:07:52,LT-101,NORMAL,LOW,78.34,NUMERIC,CLEARED,
2026-09-12 06:11:09,PT-101,NORMAL,LOW,4.07,NUMERIC,CLEARED,
2026-09-12 06:16:22,TT-101,NORMAL,LOW,67.6,NUMERIC,CLEARED,
2026-09-12 06:17:59,FT-101,NORMAL,LOW,39.99,NUMERIC,CLEARED,
2026-09-12 06:29:07,FT-101,NORMAL,LOW,35.67,NUMERIC,CLEARED,
2026-09-12 06:33:35,TT-101,NORMAL,LOW,71.79,NUMERIC,CLEARED,
2026-09-12 06:57:10,LT-101,NORMAL,LOW,66.87,NUMERIC,CLEARED,
2026-09-12 06:57:16,TT-101,NORMAL,LOW,55.1,NUMERIC,CLEARED,
2026-09-12 07:02:33,V-101,NORMAL,LOW,32.09,NUMERIC,CLEARED,
2026-09-12 07:02:58,LT-101,NORMAL,LOW,66.07,NUMERIC,CLEARED,
2026-09-12 07:02:58,M-101,HIGH_CURRENT,HIGH,41.45,NUMERIC,CLEARED,
2026-09-12 07:27:43,TT-101,NORMAL,LOW,57.3,NUMERIC,CLEARED,
2026-09-12 07:43:29,M-101,NORMAL,LOW,28,NUMERIC,CLEARED,
2026-09-12 07:54:41,TT-101,NORMAL,LOW,49.91,NUMERIC,CLEARED,
2026-09-12 07:58:46,LT-101,NORMAL,LOW,75.69,NUMERIC,CLEARED,
2026-09-12 08:11:15,PT-101,NORMAL,LOW,4.97,NUMERIC,CLEARED,
2026-09-12 08:25:20,P-102,PUMP_FAILURE,CRITICAL,STOPPED,STATE,ACTIVE,
2026-09-12 08:28:18,PT-101,NORMAL,LOW,5.82,NUMERIC,CLEARED,
2026-09-12 08:33:08,FT-101,NORMAL,LOW,36.88,NUMERIC,CLEARED,
2026-09-12 08:37:59,FT-101,NORMAL,LOW,35.68,NUMERIC,CLEARED,
2026-09-12 08:58:02,FT-101,NORMAL,LOW,37.7,NUMERIC,CLEARED,
2026-09-12 09:12:17,TT-101,NORMAL,LOW,66.41,NUMERIC,CLEARED,
2026-09-12 09:15:02,M-101,NORMAL,LOW,23.5,NUMERIC,CLEARED,
2026-09-12 09:16:30,PT-101,NORMAL,LOW,6.02,NUMERIC,CLEARED,
2026-09-12 09:33:54,M-101,NORMAL,LOW,3.94,NUMERIC,CLEARED,
2026-09-12 09:35:00,LT-101,NORMAL,LOW,74.88,NUMERIC,CLEARED,
2026-09-12 09:36:02,FT-101,NORMAL,LOW,35.59,NUMERIC,CLEARED,
2026-09-12 09:38:30,FT-101,NORMAL,LOW,36.37,NUMERIC,CLEARED,
2026-09-12 09:38:41,FT-101,NORMAL,LOW,20.4,NUMERIC,CLEARED,
2026-09-12 09:38:48,PT-101,NORMAL,LOW,5.61,NUMERIC,CLEARED,
2026-09-12 09:46:50,FT-101,NORMAL,LOW,29.75,NUMERIC,CLEARED,
2026-09-12 09:55:28,PT-101,NORMAL,LOW,5.29,NUMERIC,CLEARED,
2026-09-12 09:56:26,FT-101,NORMAL,LOW,28.36,NUMERIC,CLEARED,
2026-09-12 10:01:56,TT-101,NORMAL,LOW,65.26,NUMERIC,CLEARED,
2026-09-12 10:10:01,LT-101,NORMAL,LOW,70.11,NUMERIC,CLEARED,
2026-09-12 10:14:17,LT-101,NORMAL,LOW,78.18,NUMERIC,CLEARED,
2026-09-12 10:14:39,TT-101,HIGH_TEMPERATURE,HIGH,95.68,NUMERIC,ACTIVE,
2026-09-12 10:25:16,M-101,NORMAL,LOW,32.39,NUMERIC,CLEARED,
2026-09-12 10:26:33,V-101,NORMAL,LOW,61.49,NUMERIC,CLEARED,
2026-09-12 10:34:29,PT-101,NORMAL,LOW,4.15,NUMERIC,CLEARED,
2026-09-12 10:58:51,TT-101,NORMAL,LOW,55.01,NUMERIC,CLEARED,
2026-09-12 11:03:35,TT-101,NORMAL,LOW,61.55,NUMERIC,CLEARED,
2026-09-12 11:04:23,FT-101,NORMAL,LOW,26.78,NUMERIC,CLEARED,
2026-09-12 11:06:40,TT-101,NORMAL,LOW,65.61,NUMERIC,CLEARED,
2026-09-12 11:27:05,PT-101,NORMAL,LOW,5.77,NUMERIC,CLEARED,
2026-09-12 11:39:23,M-101,NORMAL,LOW,3.08,NUMERIC,CLEARED,
2026-09-12 11:40:44,TT-101,NORMAL,LOW,72.52,NUMERIC,CLEARED,
2026-09-12 11:44:12,TT-101,NORMAL,LOW,72.33,NUMERIC,CLEARED,
2026-09-12 11:49:08,PT-101,NORMAL,LOW,4.46,NUMERIC,CLEARED,
2026-09-12 11:49:34,PT-101,HIGH_PRESSURE,CRITICAL,9.73,NUMERIC,ACKNOWLEDGED,
2026-09-12 11:51:47,P-101,COMMUNICATION_LOST,MEDIUM,,NULL,CLEARED,MISSING_VALUE
2026-09-12 12:01:31,PT-101,NORMAL,LOW,6.35,NUMERIC,CLEARED,
2026-09-12 12:07:43,PT-101,NORMAL,LOW,5.45,NUMERIC,CLEARED,
2026-09-12 12:22:18,V-101,NORMAL,LOW,0.41,NUMERIC,CLEARED,
2026-09-12 12:27:23,FT-101,LOW_FLOW,MEDIUM,9.44,NUMERIC,CLEARED,
2026-09-12 12:32:58,FT-101,NORMAL,LOW,33.56,NUMERIC,CLEARED,
2026-09-12 12:35:50,M-101,NORMAL,LOW,30.95,NUMERIC,CLEARED,
2026-09-12 12:41:10,FT-101,NORMAL,LOW,23.72,NUMERIC,CLEARED,
2026-09-12 12:45:41,LT-101,NORMAL,LOW,62.12,NUMERIC,CLEARED,
2026-09-12 12:50:33,LT-101,NORMAL,LOW,44.88,NUMERIC,CLEARED,
2026-09-12 12:52:15,LT-101,HIGH_LEVEL,CRITICAL,94.25,NUMERIC,CLEARED,
2026-09-12 12:54:16,TT-101,NORMAL,LOW,58.49,NUMERIC,CLEARED,
2026-09-12 12:58:51,PT-101,NORMAL,LOW,6.78,NUMERIC,CLEARED,
2026-09-12 13:05:28,M-101,NORMAL,LOW,22.21,NUMERIC,CLEARED,
2026-09-12 13:15:31,LT-101,NORMAL,LOW,70.01,NUMERIC,CLEARED,
2026-09-12 13:22:01,LT-101,NORMAL,LOW,64.54,NUMERIC,CLEARED,
2026-09-12 13:22:46,M-101,NORMAL,LOW,30.96,NUMERIC,CLEARED,
2026-09-12 13:31:08,V-101,NORMAL,LOW,94.45,NUMERIC,CLEARED,
2026-09-12 13:32:57,M-101,NORMAL,LOW,23.96,NUMERIC,CLEARED,
2026-09-12 13:40:42,FT-101,NORMAL,LOW,24.34,NUMERIC,CLEARED,
2026-09-12 13:49:25,LT-101,NORMAL,LOW,52.36,NUMERIC,CLEARED,
2026-09-12 13:53:53,PT-101,NORMAL,LOW,4.15,NUMERIC,CLEARED,
2026-09-12 13:57:26,FT-101,NORMAL,LOW,26.26,NUMERIC,CLEARED,
2026-09-12 14:00:20,FT-101,NORMAL,LOW,21.9,NUMERIC,CLEARED,
2026-09-12 14:00:58,PT-101,NORMAL,LOW,4.16,NUMERIC,CLEARED,
2026-09-12 14:08:41,LT-101,NORMAL,LOW,59.98,NUMERIC,CLEARED,
2026-09-12 14:12:23,TT-101,NORMAL,LOW,70.7,NUMERIC,CLEARED,
2026-09-12 14:13:43,M-101,NORMAL,LOW,34.33,NUMERIC,CLEARED,
2026-09-12 14:29:51,TT-101,NORMAL,LOW,71.63,NUMERIC,CLEARED,
2026-09-12 14:44:22,LT-101,NORMAL,LOW,75.81,NUMERIC,CLEARED,
2026-09-12 14:51:06,LT-101,NORMAL,LOW,48.66,NUMERIC,CLEARED,
2026-09-12 14:51:45,M-101,NORMAL,LOW,18.87,NUMERIC,CLEARED,
2026-09-12 14:53:51,LT-101,NORMAL,LOW,65.47,NUMERIC,CLEARED,
2026-09-12 14:55:48,PT-101,NORMAL,LOW,4.22,NUMERIC,CLEARED,
2026-09-12 15:09:49,FT-101,NORMAL,LOW,31.71,NUMERIC,CLEARED,
2026-09-12 15:15:00,PT-101,NORMAL,LOW,4.8,NUMERIC,CLEARED,
2026-09-12 15:36:28,PT-101,NORMAL,LOW,5.81,NUMERIC,CLEARED,
2026-09-12 15:42:19,TT-101,NORMAL,LOW,49,NUMERIC,CLEARED,
2026-09-12 15:47:53,TT-101,HIGH_TEMPERATURE,HIGH,100.83,NUMERIC,ACKNOWLEDGED,
2026-09-12 15:53:02,PT-101,NORMAL,LOW,6.37,NUMERIC,CLEARED,
2026-09-12 16:00:48,M-101,NORMAL,LOW,18.12,NUMERIC,CLEARED,
2026-09-12 16:02:26,PT-101,HIGH_PRESSURE,CRITICAL,9.44,NUMERIC,ACTIVE,
2026-09-12 16:05:09,V-101,NORMAL,LOW,88.81,NUMERIC,CLEARED,
2026-09-12 16:08:46,TT-101,NORMAL,LOW,70.1,NUMERIC,CLEARED,
2026-09-12 16:14:20,LT-101,NORMAL,LOW,61.21,NUMERIC,CLEARED,
2026-09-12 16:19:12,TT-101,NORMAL,LOW,61.24,NUMERIC,CLEARED,
2026-09-12 16:21:48,P-101,COMMUNICATION_LOST,MEDIUM,,NULL,ACTIVE,MISSING_VALUE
2026-09-12 16:24:53,FT-101,NORMAL,LOW,36.37,NUMERIC,CLEARED,
2026-09-12 16:27:43,FT-101,NORMAL,LOW,26.47,NUMERIC,CLEARED,
2026-09-12 16:28:48,V-101,NORMAL,LOW,11.92,NUMERIC,CLEARED,
2026-09-12 16:31:05,TT-101,NORMAL,LOW,55.34,NUMERIC,CLEARED,
2026-09-12 16:37:00,FT-101,HIGH_FLOW,HIGH,56.12,NUMERIC,ACTIVE,
2026-09-12 16:39:33,V-101,NORMAL,LOW,49.16,NUMERIC,CLEARED,
2026-09-12 16:40:14,PT-101,NORMAL,LOW,5.99,NUMERIC,CLEARED,
2026-09-12 16:44:59,LT-101,NORMAL,LOW,71,NUMERIC,CLEARED,
2026-09-12 17:09:45,TT-101,NORMAL,LOW,65.81,NUMERIC,CLEARED,
2026-09-12 17:16:27,PT-101,NORMAL,LOW,5.09,NUMERIC,CLEARED,
2026-09-12 17:46:59,LT-101,NORMAL,LOW,,NULL,CLEARED,MISSING_VALUE
2026-09-12 17:55:05,M-101,NORMAL,LOW,25.51,NUMERIC,CLEARED,
2026-09-12 17:56:20,FT-101,NORMAL,LOW,21.23,NUMERIC,CLEARED,
2026-09-12 17:58:44,LT-101,NORMAL,LOW,56.26,NUMERIC,CLEARED,
2026-09-12 18:09:35,LT-101,NORMAL,LOW,55.27,NUMERIC,CLEARED,
2026-09-12 18:21:45,LT-101,NORMAL,LOW,67.66,NUMERIC,CLEARED,
2026-09-12 18:29:02,LT-101,NORMAL,LOW,63.47,NUMERIC,CLEARED,
2026-09-12 18:31:34,PT-101,NORMAL,LOW,4.9,NUMERIC,CLEARED,
2026-09-12 18:33:04,TT-101,NORMAL,LOW,72.24,NUMERIC,CLEARED,
2026-09-12 18:33:08,PT-101,NORMAL,LOW,5.28,NUMERIC,CLEARED,
2026-09-12 18:45:41,M-101,NORMAL,LOW,2.86,NUMERIC,CLEARED,
2026-09-12 18:50:44,PT-101,NORMAL,LOW,6.57,NUMERIC,CLEARED,
2026-09-12 18:52:47,PT-101,NORMAL,LOW,4.47,NUMERIC,CLEARED,
2026-09-12 18:54:04,FT-101,NORMAL,LOW,29.16,NUMERIC,CLEARED,
2026-09-12 19:04:12,LT-101,NORMAL,LOW,70.48,NUMERIC,CLEARED,
2026-09-12 19:08:59,V-101,NORMAL,LOW,82.25,NUMERIC,CLEARED,
2026-09-12 19:12:57,LT-101,NORMAL,LOW,69.77,NUMERIC,CLEARED,
2026-09-12 19:34:01,PT-101,HIGH_PRESSURE,CRITICAL,9.76,NUMERIC,CLEARED,
2026-09-12 19:38:41,V-101,NORMAL,LOW,80.12,NUMERIC,CLEARED,
2026-09-12 19:46:41,FT-101,NORMAL,LOW,35.74,NUMERIC,CLEARED,
2026-09-12 19:51:02,LT-101,NORMAL,LOW,53.84,NUMERIC,CLEARED,
2026-09-12 19:51:23,PT-101,NORMAL,LOW,4.92,NUMERIC,CLEARED,
2026-09-12 19:51:59,LT-101,NORMAL,LOW,46.6,NUMERIC,CLEARED,
2026-09-12 19:53:47,FT-101,NORMAL,LOW,28.22,NUMERIC,CLEARED,
2026-09-12 19:54:46,LT-101,NORMAL,LOW,52.54,NUMERIC,CLEARED,
2026-09-12 20:04:45,PT-101,NORMAL,LOW,5.84,NUMERIC,CLEARED,
2026-09-12 20:14:48,M-101,NORMAL,LOW,27.12,NUMERIC,CLEARED,
2026-09-12 20:21:25,PT-101,NORMAL,LOW,6.27,NUMERIC,CLEARED,
2026-09-12 20:32:50,PT-101,NORMAL,LOW,5.05,NUMERIC,CLEARED,
2026-09-12 20:33:55,LT-101,NORMAL,LOW,66.21,NUMERIC,CLEARED,
2026-09-12 20:42:32,FT-101,NORMAL,LOW,29.96,NUMERIC,CLEARED,
2026-09-12 20:44:08,FT-101,NORMAL,LOW,20.59,NUMERIC,CLEARED,
2026-09-12 20:47:41,PT-101,NORMAL,LOW,5.73,NUMERIC,CLEARED,
2026-09-12 20:55:15,PT-101,NORMAL,LOW,6.93,NUMERIC,CLEARED,
2026-09-12 20:55:23,PT-101,NORMAL,LOW,6.59,NUMERIC,CLEARED,
2026-09-12 21:01:43,V-101,NORMAL,LOW,47.88,NUMERIC,CLEARED,
2026-09-12 21:02:19,M-101,NORMAL,LOW,24.26,NUMERIC,CLEARED,
2026-09-12 21:06:45,V-101,VALVE_FAILURE,HIGH,3.48,NUMERIC,CLEARED,
2026-09-12 21:14:30,LT-101,NORMAL,LOW,51.33,NUMERIC,CLEARED,
2026-09-12 21:14:31,PT-101,NORMAL,LOW,4.01,NUMERIC,CLEARED,
2026-09-12 21:14:42,TT-101,NORMAL,LOW,56.83,NUMERIC,CLEARED,
2026-09-12 21:15:44,TT-101,NORMAL,LOW,45.73,NUMERIC,CLEARED,
2026-09-12 21:32:46,PT-101,NORMAL,LOW,5.78,NUMERIC,CLEARED,
2026-09-12 21:32:49,TT-101,NORMAL,LOW,67.18,NUMERIC,CLEARED,
2026-09-12 21:34:56,PT-101,NORMAL,LOW,6.84,NUMERIC,CLEARED,
2026-09-12 21:38:01,LT-101,NORMAL,LOW,46.73,NUMERIC,CLEARED,
2026-09-12 21:50:55,PT-101,NORMAL,LOW,5.2,NUMERIC,CLEARED,
2026-09-12 21:51:44,FT-101,NORMAL,LOW,33.17,NUMERIC,CLEARED,
2026-09-12 22:05:40,PT-101,NORMAL,LOW,6.46,NUMERIC,CLEARED,
2026-09-12 22:10:53,LT-101,NORMAL,LOW,47.82,NUMERIC,CLEARED,
2026-09-12 22:14:38,PT-101,NORMAL,LOW,4.12,NUMERIC,CLEARED,
2026-09-12 22:17:11,PT-101,NORMAL,LOW,6.63,NUMERIC,CLEARED,
2026-09-12 22:26:30,LT-101,NORMAL,LOW,71.54,NUMERIC,CLEARED,
2026-09-12 22:29:54,TT-101,NORMAL,LOW,69.78,NUMERIC,CLEARED,
2026-09-12 22:30:12,PT-101,NORMAL,LOW,6.07,NUMERIC,CLEARED,
2026-09-12 22:30:13,PT-101,HIGH_PRESSURE,CRITICAL,9.46,NUMERIC,ACTIVE,
2026-09-12 22:41:23,FT-101,NORMAL,LOW,27.96,NUMERIC,CLEARED,
2026-09-12 22:43:28,LT-101,LOW_LEVEL,HIGH,8.44,NUMERIC,CLEARED,
2026-09-12 22:45:23,PT-101,NORMAL,LOW,5.42,NUMERIC,CLEARED,
2026-09-12 22:48:53,TT-101,NORMAL,LOW,45.14,NUMERIC,CLEARED,
2026-09-12 23:00:52,LT-101,NORMAL,LOW,58.99,NUMERIC,CLEARED,
2026-09-12 23:01:16,TT-101,NORMAL,LOW,61.33,NUMERIC,CLEARED,
2026-09-12 23:08:32,PT-101,NORMAL,LOW,5.4,NUMERIC,CLEARED,
2026-09-12 23:10:28,TT-101,NORMAL,LOW,47.63,NUMERIC,CLEARED,
2026-09-12 23:10:51,LT-101,NORMAL,LOW,42.22,NUMERIC,CLEARED,
2026-09-12 23:11:00,TT-101,NORMAL,LOW,58.59,NUMERIC,CLEARED,
2026-09-12 23:17:53,PT-101,NORMAL,LOW,4.76,NUMERIC,CLEARED,
2026-09-12 23:28:36,PT-101,NORMAL,LOW,5.83,NUMERIC,CLEARED,
2026-09-12 23:39:14,LT-101,NORMAL,LOW,79.45,NUMERIC,CLEARED,
2026-09-12 23:40:31,TT-101,NORMAL,LOW,61.36,NUMERIC,CLEARED,
2026-09-12 23:58:33,TT-101,NORMAL,LOW,47.63,NUMERIC,CLEARED,
2026-09-13 00:09:12,TT-101,NORMAL,LOW,50.5,NUMERIC,CLEARED,
2026-09-13 00:11:19,TT-101,NORMAL,LOW,52.91,NUMERIC,CLEARED,
2026-09-13 00:14:53,TT-101,NORMAL,LOW,67.18,NUMERIC,CLEARED,
2026-09-13 00:21:50,V-101,NORMAL,LOW,15.63,NUMERIC,CLEARED,
2026-09-13 00:23:42,PT-101,NORMAL,LOW,5.96,NUMERIC,CLEARED,
2026-09-13 00:43:46,TT-101,NORMAL,LOW,74.6,NUMERIC,CLEARED,
2026-09-13 01:03:58,TT-101,NORMAL,LOW,58.13,NUMERIC,CLEARED,
2026-09-13 01:08:08,V-101,NORMAL,LOW,41.17,NUMERIC,CLEARED,
2026-09-13 01:11:28,PT-101,NORMAL,LOW,6.13,NUMERIC,CLEARED,
2026-09-13 01:16:23,LT-101,LOW_LEVEL,HIGH,18.35,NUMERIC,CLEARED,
2026-09-13 01:20:05,TT-101,NORMAL,LOW,72.53,NUMERIC,CLEARED,
2026-09-13 01:25:42,FT-101,NORMAL,LOW,39.65,NUMERIC,CLEARED,
2026-09-13 01:28:38,LT-101,NORMAL,LOW,48.28,NUMERIC,CLEARED,
2026-09-13 01:32:41,V-101,NORMAL,LOW,59.67,NUMERIC,CLEARED,
2026-09-13 01:33:57,V-101,NORMAL,LOW,60.43,NUMERIC,CLEARED,
2026-09-13 01:34:02,V-101,NORMAL,LOW,69.93,NUMERIC,CLEARED,
2026-09-13 01:40:14,PT-101,NORMAL,LOW,5.07,NUMERIC,CLEARED,
2026-09-13 01:40:16,PT-101,NORMAL,LOW,6.22,NUMERIC,CLEARED,
2026-09-13 01:41:53,FT-101,NORMAL,LOW,29.53,NUMERIC,CLEARED,
2026-09-13 01:45:39,V-101,NORMAL,LOW,21.56,NUMERIC,CLEARED,
2026-09-13 01:48:02,LT-101,NORMAL,LOW,71.34,NUMERIC,CLEARED,
2026-09-13 01:52:20,FT-101,NORMAL,LOW,34.65,NUMERIC,CLEARED,
2026-09-13 01:54:18,FT-101,NORMAL,LOW,39.32,NUMERIC,CLEARED,
2026-09-13 01:59:03,FT-101,NORMAL,LOW,26.83,NUMERIC,CLEARED,
2026-09-13 01:59:41,TT-101,NORMAL,LOW,70.08,NUMERIC,CLEARED,
2026-09-13 01:59:52,TT-101,NORMAL,LOW,73.87,NUMERIC,CLEARED,
2026-09-13 02:01:21,PT-101,NORMAL,LOW,4.47,NUMERIC,CLEARED,
2026-09-13 02:02:40,PT-101,NORMAL,LOW,5.69,NUMERIC,CLEARED,
2026-09-13 02:04:40,FT-101,HIGH_FLOW,HIGH,59.29,NUMERIC,ACKNOWLEDGED,
2026-09-13 02:06:09,TT-101,NORMAL,LOW,53.5,NUMERIC,CLEARED,
2026-09-13 02:11:49,FT-101,NORMAL,LOW,22.31,NUMERIC,CLEARED,
2026-09-13 02:17:08,PT-101,NORMAL,LOW,4.48,NUMERIC,CLEARED,
2026-09-13 02:20:02,M-101,HIGH_CURRENT,HIGH,51.67,NUMERIC,ACTIVE,
2026-09-13 02:26:02,LT-101,NORMAL,LOW,62.04,NUMERIC,CLEARED,
2026-09-13 02:33:36,FT-101,NORMAL,LOW,39.67,NUMERIC,CLEARED,
2026-09-13 02:49:07,FT-101,NORMAL,LOW,32.99,NUMERIC,CLEARED,
2026-09-13 02:57:03,PT-101,NORMAL,LOW,4.68,NUMERIC,CLEARED,
2026-09-13 03:04:45,LT-101,NORMAL,LOW,56.68,NUMERIC,CLEARED,
2026-09-13 03:14:06,LT-101,NORMAL,LOW,59.59,NUMERIC,CLEARED,
2026-09-13 03:15:59,FT-101,LOW_FLOW,MEDIUM,7.33,NUMERIC,ACTIVE,
2026-09-13 03:31:42,LT-101,NORMAL,LOW,48.94,NUMERIC,CLEARED,
2026-09-13 03:33:52,V-101,NORMAL,LOW,2.72,NUMERIC,CLEARED,
2026-09-13 03:44:53,FT-101,NORMAL,LOW,26.69,NUMERIC,CLEARED,
2026-09-13 03:56:49,M-101,NORMAL,LOW,5.93,NUMERIC,CLEARED,
2026-09-13 03:57:57,LT-101,NORMAL,LOW,62.85,NUMERIC,CLEARED,
2026-09-13 04:04:33,PT-101,NORMAL,LOW,5.33,NUMERIC,CLEARED,
2026-09-13 04:34:14,M-101,NORMAL,LOW,9.76,NUMERIC,CLEARED,
2026-09-13 04:52:48,PT-101,NORMAL,LOW,4.77,NUMERIC,CLEARED,
2026-09-13 04:52:51,LT-101,LOW_LEVEL,HIGH,10.43,NUMERIC,ACTIVE,
2026-09-13 04:54:31,TT-101,NORMAL,LOW,52.23,NUMERIC,CLEARED,
2026-09-13 04:58:56,TT-101,NORMAL,LOW,60.7,NUMERIC,CLEARED,
2026-09-13 04:59:28,LT-101,NORMAL,LOW,44.54,NUMERIC,CLEARED,
2026-09-13 05:03:06,M-101,NORMAL,LOW,7.52,NUMERIC,CLEARED,
2026-09-13 05:10:54,V-101,NORMAL,LOW,98.73,NUMERIC,CLEARED,
2026-09-13 05:18:26,FT-101,NORMAL,LOW,39.84,NUMERIC,CLEARED,
2026-09-13 05:19:40,FT-101,NORMAL,LOW,39.7,NUMERIC,CLEARED,
2026-09-13 05:21:57,FT-101,HIGH_FLOW,HIGH,60.94,NUMERIC,ACTIVE,
2026-09-13 05:24:00,FT-101,NORMAL,LOW,27.77,NUMERIC,CLEARED,
2026-09-13 05:29:38,LT-101,NORMAL,LOW,47.12,NUMERIC,CLEARED,
2026-09-13 05:36:35,TT-101,NORMAL,LOW,59.58,NUMERIC,CLEARED,
2026-09-13 05:36:42,FT-101,NORMAL,LOW,21.23,NUMERIC,CLEARED,
2026-09-13 06:09:12,LT-101,HIGH_LEVEL,CRITICAL,92.7,NUMERIC,CLEARED,
2026-09-13 06:09:31,PT-101,NORMAL,LOW,6.9,NUMERIC,CLEARED,
2026-09-13 06:14:34,PT-101,HIGH_PRESSURE,CRITICAL,8.88,NUMERIC,ACTIVE,
2026-09-13 06:21:35,TT-101,NORMAL,LOW,64.28,NUMERIC,CLEARED,
2026-09-13 06:23:14,FT-101,LOW_FLOW,MEDIUM,4.51,NUMERIC,CLEARED,
2026-09-13 06:28:14,LT-101,HIGH_LEVEL,CRITICAL,95.76,NUMERIC,ACTIVE,
2026-09-13 06:39:52,TT-101,NORMAL,LOW,48.51,NUMERIC,CLEARED,
2026-09-13 06:42:35,LT-101,NORMAL,LOW,64.34,NUMERIC,CLEARED,
2026-09-13 06:55:37,LT-101,LOW_LEVEL,HIGH,18.97,NUMERIC,CLEARED,
2026-09-13 07:02:31,M-101,NORMAL,LOW,5.09,NUMERIC,CLEARED,
2026-09-13 07:11:00,TT-101,NORMAL,LOW,55.21,NUMERIC,CLEARED,
2026-09-13 07:23:30,PT-101,NORMAL,LOW,5.99,NUMERIC,CLEARED,
2026-09-13 07:28:05,V-101,NORMAL,LOW,90.76,NUMERIC,CLEARED,
2026-09-13 07:30:24,FT-101,NORMAL,LOW,23.54,NUMERIC,CLEARED,
2026-09-13 07:41:25,LT-101,NORMAL,LOW,67.24,NUMERIC,CLEARED,
2026-09-13 07:41:45,PT-101,NORMAL,LOW,5.68,NUMERIC,CLEARED,
2026-09-13 07:47:54,PT-101,NORMAL,LOW,4.07,NUMERIC,CLEARED,
2026-09-13 07:53:06,PT-101,NORMAL,LOW,6.86,NUMERIC,CLEARED,
2026-09-13 08:00:08,FT-101,NORMAL,LOW,32.59,NUMERIC,CLEARED,
2026-09-13 08:02:07,TT-101,NORMAL,LOW,72.78,NUMERIC,CLEARED,
2026-09-13 08:04:46,FT-101,NORMAL,LOW,39.97,NUMERIC,CLEARED,
2026-09-13 08:07:57,FT-101,NORMAL,LOW,27.6,NUMERIC,CLEARED,
2026-09-13 08:11:20,LT-101,NORMAL,LOW,77.55,NUMERIC,CLEARED,
2026-09-13 08:19:44,PT-101,NORMAL,LOW,5.91,NUMERIC,CLEARED,
2026-09-13 08:22:28,TT-101,NORMAL,LOW,65.99,NUMERIC,CLEARED,
2026-09-13 08:36:20,LT-101,NORMAL,LOW,56.05,NUMERIC,CLEARED,
2026-09-13 08:38:58,M-101,NORMAL,LOW,3.13,NUMERIC,CLEARED,
2026-09-13 08:42:28,V-101,NORMAL,LOW,34.46,NUMERIC,CLEARED,
2026-09-13 08:46:42,FT-101,NORMAL,LOW,24.76,NUMERIC,CLEARED,
2026-09-13 08:47:19,LT-101,NORMAL,LOW,71.15,NUMERIC,CLEARED,
2026-09-13 08:52:34,M-101,NORMAL,LOW,6.61,NUMERIC,CLEARED,
2026-09-13 08:57:51,FT-101,NORMAL,LOW,34.33,NUMERIC,CLEARED,
2026-09-13 08:57:55,TT-101,NORMAL,LOW,47.47,NUMERIC,CLEARED,
2026-09-13 08:59:30,FT-101,NORMAL,LOW,33.59,NUMERIC,CLEARED,
2026-09-13 08:59:56,V-101,NORMAL,LOW,49.26,NUMERIC,CLEARED,
2026-09-13 09:17:14,FT-101,NORMAL,LOW,21.85,NUMERIC,CLEARED,
2026-09-13 09:33:46,TT-101,NORMAL,LOW,49.47,NUMERIC,CLEARED,
2026-09-13 09:35:34,LT-101,NORMAL,LOW,67.59,NUMERIC,CLEARED,
2026-09-13 09:37:20,PT-101,NORMAL,LOW,4.37,NUMERIC,CLEARED,
2026-09-13 09:41:46,LT-101,NORMAL,LOW,69.68,NUMERIC,CLEARED,
2026-09-13 09:51:51,FT-101,NORMAL,LOW,31.36,NUMERIC,CLEARED,
2026-09-13 09:52:55,M-101,NORMAL,LOW,7.88,NUMERIC,CLEARED,
2026-09-13 10:00:57,FT-101,NORMAL,LOW,37.53,NUMERIC,CLEARED,
2026-09-13 10:04:23,TT-101,NORMAL,LOW,70.76,NUMERIC,CLEARED,
2026-09-13 10:10:22,PT-101,NORMAL,LOW,4.24,NUMERIC,CLEARED,
2026-09-13 10:22:11,LT-101,NORMAL,LOW,50.18,NUMERIC,CLEARED,
2026-09-13 10:22:48,PT-101,NORMAL,LOW,5.48,NUMERIC,CLEARED,
2026-09-13 10:23:03,PT-101,NORMAL,LOW,4.8,NUMERIC,CLEARED,
2026-09-13 10:35:41,TT-101,NORMAL,LOW,64.12,NUMERIC,CLEARED,
2026-09-13 11:10:04,FT-101,NORMAL,LOW,23.27,NUMERIC,CLEARED,
2026-09-13 11:18:08,M-101,NORMAL,LOW,5.94,NUMERIC,CLEARED,
2026-09-13 11:23:30,FT-101,HIGH_FLOW,HIGH,63.71,NUMERIC,CLEARED,
2026-09-13 11:26:53,FT-101,NORMAL,LOW,32.75,NUMERIC,CLEARED,
2026-09-13 11:27:48,PT-101,LOW_PRESSURE,MEDIUM,2.48,NUMERIC,ACTIVE,
2026-09-13 11:30:28,M-101,NORMAL,LOW,24.32,NUMERIC,CLEARED,
2026-09-13 11:37:00,P-101,PUMP_FAILURE,CRITICAL,STOPPED,STATE,ACKNOWLEDGED,
2026-09-13 11:38:01,PT-101,NORMAL,LOW,4.95,NUMERIC,CLEARED,
2026-09-13 11:40:20,FT-101,NORMAL,LOW,39.35,NUMERIC,CLEARED,
2026-09-13 11:42:02,LT-101,NORMAL,LOW,56.82,NUMERIC,CLEARED,
2026-09-13 11:42:38,PT-101,NORMAL,LOW,6.8,NUMERIC,CLEARED,
2026-09-13 11:43:59,TT-101,NORMAL,LOW,57.43,NUMERIC,CLEARED,
2026-09-13 11:44:57,TT-101,NORMAL,LOW,65.11,NUMERIC,CLEARED,
2026-09-13 11:52:04,TT-101,NORMAL,LOW,58.45,NUMERIC,CLEARED,
2026-09-13 11:59:50,PT-101,LOW_PRESSURE,MEDIUM,1.93,NUMERIC,ACKNOWLEDGED,
2026-09-13 12:00:16,PT-101,NORMAL,LOW,4.46,NUMERIC,CLEARED,
2026-09-13 12:05:17,PT-101,NORMAL,LOW,6.97,NUMERIC,CLEARED,
2026-09-13 12:13:05,TT-101,HIGH_TEMPERATURE,HIGH,95.07,NUMERIC,CLEARED,
2026-09-13 12:14:04,PT-101,NORMAL,LOW,5.54,NUMERIC,CLEARED,
2026-09-13 12:15:34,PT-101,NORMAL,LOW,5.68,NUMERIC,CLEARED,
2026-09-13 12:30:54,LT-101,NORMAL,LOW,75.72,NUMERIC,CLEARED,
2026-09-13 12:36:25,V-101,NORMAL,LOW,48,NUMERIC,CLEARED,
2026-09-13 12:39:11,M-101,NORMAL,LOW,31.35,NUMERIC,CLEARED,
2026-09-13 12:49:00,TT-101,NORMAL,LOW,47.98,NUMERIC,CLEARED,
2026-09-13 12:49:40,FT-101,NORMAL,LOW,35.46,NUMERIC,CLEARED,
2026-09-13 12:58:19,FT-101,NORMAL,LOW,31.99,NUMERIC,CLEARED,
2026-09-13 13:01:33,FT-101,LOW_FLOW,MEDIUM,8.46,NUMERIC,ACKNOWLEDGED,
2026-09-13 13:07:30,PT-101,NORMAL,LOW,,NULL,CLEARED,MISSING_VALUE
2026-09-13 13:13:52,TT-101,HIGH_TEMPERATURE,HIGH,100.46,NUMERIC,CLEARED,
2026-09-13 13:33:00,FT-101,NORMAL,LOW,32.48,NUMERIC,CLEARED,
2026-09-13 13:49:14,LT-101,NORMAL,LOW,42.43,NUMERIC,CLEARED,
2026-09-13 13:53:29,M-101,NORMAL,LOW,13.68,NUMERIC,CLEARED,
2026-09-13 13:58:33,V-101,NORMAL,LOW,92.59,NUMERIC,CLEARED,
2026-09-13 14:02:54,TT-101,NORMAL,LOW,72.4,NUMERIC,CLEARED,
2026-09-13 14:21:52,LT-101,NORMAL,LOW,71.97,NUMERIC,CLEARED,
2026-09-13 14:22:40,LT-101,NORMAL,LOW,79.82,NUMERIC,CLEARED,
2026-09-13 14:23:26,PT-101,NORMAL,LOW,6.86,NUMERIC,CLEARED,
2026-09-13 14:24:34,PT-101,NORMAL,LOW,4.52,NUMERIC,CLEARED,
2026-09-13 14:31:34,TT-101,HIGH_TEMPERATURE,HIGH,92.75,NUMERIC,ACTIVE,
2026-09-13 14:32:29,FT-101,NORMAL,LOW,27.59,NUMERIC,CLEARED,
2026-09-13 14:35:30,LT-101,NORMAL,LOW,68.96,NUMERIC,CLEARED,
2026-09-13 14:42:28,FT-101,NORMAL,LOW,37.69,NUMERIC,CLEARED,
2026-09-13 14:42:50,LT-101,NORMAL,LOW,47.3,NUMERIC,CLEARED,
2026-09-13 14:57:48,P-102,PUMP_FAILURE,CRITICAL,STOPPED,STATE,CLEARED,
2026-09-13 15:01:39,FT-101,NORMAL,LOW,29.69,NUMERIC,CLEARED,
2026-09-13 15:02:22,TT-101,HIGH_TEMPERATURE,HIGH,103.76,NUMERIC,ACKNOWLEDGED,
2026-09-13 15:11:18,FT-101,NORMAL,LOW,25.58,NUMERIC,CLEARED,
2026-09-13 15:11:24,FT-101,NORMAL,LOW,36.86,NUMERIC,CLEARED,
2026-09-13 15:28:04,TT-101,NORMAL,LOW,66.05,NUMERIC,CLEARED,
2026-09-13 15:34:24,TT-101,NORMAL,LOW,54.94,NUMERIC,CLEARED,
2026-09-13 15:35:38,TT-101,NORMAL,LOW,74.19,NUMERIC,CLEARED,
2026-09-13 15:42:22,PT-101,NORMAL,LOW,4.96,NUMERIC,CLEARED,
2026-09-13 15:45:35,TT-101,NORMAL,LOW,67.88,NUMERIC,CLEARED,
2026-09-13 15:48:04,PT-101,NORMAL,LOW,6.73,NUMERIC,CLEARED,
2026-09-13 15:48:24,PT-101,HIGH_PRESSURE,CRITICAL,9.08,NUMERIC,CLEARED,
2026-09-13 15:48:50,PT-101,NORMAL,LOW,5.57,NUMERIC,CLEARED,
2026-09-13 15:55:35,V-101,NORMAL,LOW,5.15,NUMERIC,CLEARED,
2026-09-13 16:10:10,FT-101,NORMAL,LOW,38.81,NUMERIC,CLEARED,
2026-09-13 16:10:11,PT-101,NORMAL,LOW,5.52,NUMERIC,CLEARED,
2026-09-13 16:10:36,LT-101,NORMAL,LOW,77.97,NUMERIC,CLEARED,
2026-09-13 16:11:41,TT-101,NORMAL,LOW,69.86,NUMERIC,CLEARED,
2026-09-13 16:12:50,PT-101,NORMAL,LOW,4.76,NUMERIC,CLEARED,
2026-09-13 16:13:09,TT-101,NORMAL,LOW,55.42,NUMERIC,CLEARED,
2026-09-13 16:26:23,LT-101,NORMAL,LOW,63.41,NUMERIC,CLEARED,
2026-09-13 16:39:38,FT-101,NORMAL,LOW,39.58,NUMERIC,CLEARED,
2026-09-13 16:40:11,LT-101,HIGH_LEVEL,CRITICAL,91.94,NUMERIC,CLEARED,
2026-09-13 16:41:25,FT-101,NORMAL,LOW,38.79,NUMERIC,CLEARED,
2026-09-13 16:48:03,LT-101,NORMAL,LOW,41.84,NUMERIC,CLEARED,
2026-09-13 16:51:27,TT-101,NORMAL,LOW,52.08,NUMERIC,CLEARED,
2026-09-13 16:54:51,TT-101,NORMAL,LOW,48.83,NUMERIC,CLEARED,
2026-09-13 16:54:58,PT-101,NORMAL,LOW,4.96,NUMERIC,CLEARED,
2026-09-13 16:55:36,FT-101,HIGH_FLOW,HIGH,57.45,NUMERIC,CLEARED,
2026-09-13 16:58:09,LT-101,NORMAL,LOW,50.37,NUMERIC,CLEARED,
2026-09-13 17:00:20,FT-101,NORMAL,LOW,20.43,NUMERIC,CLEARED,
2026-09-13 17:01:22,TT-101,NORMAL,LOW,46.77,NUMERIC,CLEARED,
2026-09-13 17:07:16,TT-101,NORMAL,LOW,55.78,NUMERIC,CLEARED,
2026-09-13 17:15:23,LT-101,NORMAL,LOW,74.24,NUMERIC,CLEARED,
2026-09-13 17:25:11,LT-101,NORMAL,LOW,61.23,NUMERIC,CLEARED,
2026-09-13 17:25:25,LT-101,NORMAL,LOW,73.27,NUMERIC,CLEARED,
2026-09-13 17:25:32,P-102,COMMUNICATION_LOST,MEDIUM,,NULL,ACTIVE,MISSING_VALUE
2026-09-13 17:26:24,LT-101,NORMAL,LOW,69.96,NUMERIC,CLEARED,
2026-09-13 17:27:54,M-101,NORMAL,LOW,17.35,NUMERIC,CLEARED,
2026-09-13 17:28:23,LT-101,NORMAL,LOW,71.05,NUMERIC,CLEARED,
2026-09-13 17:38:55,PT-101,NORMAL,LOW,4.5,NUMERIC,CLEARED,
2026-09-13 17:41:08,P-102,PUMP_FAILURE,CRITICAL,STOPPED,STATE,CLEARED,
2026-09-13 17:44:08,FT-101,NORMAL,LOW,33.26,NUMERIC,CLEARED,
2026-09-13 17:49:32,V-101,NORMAL,LOW,84.82,NUMERIC,CLEARED,
2026-09-13 18:00:09,LT-101,NORMAL,LOW,50.65,NUMERIC,CLEARED,
2026-09-13 18:03:30,PT-101,HIGH_PRESSURE,CRITICAL,9.3,NUMERIC,CLEARED,
2026-09-13 18:30:11,TT-101,NORMAL,LOW,57.54,NUMERIC,CLEARED,
2026-09-13 18:31:27,PT-101,NORMAL,LOW,4.26,NUMERIC,CLEARED,
2026-09-13 18:40:09,PT-101,LOW_PRESSURE,MEDIUM,1.03,NUMERIC,ACTIVE,
2026-09-13 18:46:36,LT-101,NORMAL,LOW,68.19,NUMERIC,CLEARED,
2026-09-13 18:47:07,M-101,NORMAL,LOW,9.57,NUMERIC,CLEARED,
2026-09-13 18:49:28,PT-101,NORMAL,LOW,6.1,NUMERIC,CLEARED,
2026-09-13 18:51:19,V-101,NORMAL,LOW,12.08,NUMERIC,CLEARED,
2026-09-13 18:52:13,LT-101,NORMAL,LOW,68.88,NUMERIC,CLEARED,
2026-09-13 18:53:18,FT-101,NORMAL,LOW,30.25,NUMERIC,CLEARED,
2026-09-13 18:56:37,V-101,NORMAL,LOW,38.68,NUMERIC,CLEARED,
2026-09-13 19:03:15,V-101,NORMAL,LOW,77.11,NUMERIC,CLEARED,
2026-09-13 19:03:51,LT-101,NORMAL,LOW,60.46,NUMERIC,CLEARED,
2026-09-13 19:10:16,M-101,NORMAL,LOW,16.39,NUMERIC,CLEARED,
2026-09-13 19:20:33,TT-101,NORMAL,LOW,71.3,NUMERIC,CLEARED,
2026-09-13 19:21:01,TT-101,HIGH_TEMPERATURE,HIGH,95.42,NUMERIC,CLEARED,
2026-09-13 19:23:41,LT-101,NORMAL,LOW,70,NUMERIC,CLEARED,
2026-09-13 19:37:36,FT-101,LOW_FLOW,MEDIUM,9.42,NUMERIC,CLEARED,
2026-09-13 19:43:40,FT-101,NORMAL,LOW,39.55,NUMERIC,CLEARED,
2026-09-13 19:44:29,V-101,NORMAL,LOW,87.79,NUMERIC,CLEARED,
2026-09-13 19:47:38,LT-101,NORMAL,LOW,72.11,NUMERIC,CLEARED,
2026-09-13 19:49:55,PT-101,NORMAL,LOW,6.13,NUMERIC,CLEARED,
2026-09-13 19:54:03,LT-101,NORMAL,LOW,75.54,NUMERIC,CLEARED,
2026-09-13 19:55:03,M-101,NORMAL,LOW,8.66,NUMERIC,CLEARED,
2026-09-13 19:55:27,TT-101,NORMAL,LOW,66.36,NUMERIC,CLEARED,
2026-09-13 19:58:16,FT-101,NORMAL,LOW,36.22,NUMERIC,CLEARED,
2026-09-13 19:59:54,LT-101,NORMAL,LOW,49.27,NUMERIC,CLEARED,
2026-09-13 20:07:59,LT-101,NORMAL,LOW,45.36,NUMERIC,CLEARED,
2026-09-13 20:10:02,LT-101,NORMAL,LOW,48.76,NUMERIC,CLEARED,
2026-09-13 20:10:24,TT-101,NORMAL,LOW,49,NUMERIC,CLEARED,
2026-09-13 20:11:20,PT-101,NORMAL,LOW,5.03,NUMERIC,CLEARED,
2026-09-13 20:18:33,LT-101,NORMAL,LOW,66.14,NUMERIC,CLEARED,
2026-09-13 20:25:45,M-101,NORMAL,LOW,12.9,NUMERIC,CLEARED,
2026-09-13 20:27:52,FT-101,NORMAL,LOW,33.44,NUMERIC,CLEARED,
2026-09-13 20:29:36,PT-101,NORMAL,LOW,6.19,NUMERIC,CLEARED,
2026-09-13 20:33:03,V-101,NORMAL,LOW,8.05,NUMERIC,CLEARED,
2026-09-13 20:35:22,TT-101,NORMAL,LOW,69.05,NUMERIC,CLEARED,
2026-09-13 20:45:09,TT-101,NORMAL,LOW,59.67,NUMERIC,CLEARED,
2026-09-13 20:45:23,M-101,NORMAL,LOW,10.79,NUMERIC,CLEARED,
2026-09-13 20:49:30,TT-101,NORMAL,LOW,50.3,NUMERIC,CLEARED,
2026-09-13 20:50:02,PT-101,NORMAL,LOW,5.87,NUMERIC,CLEARED,
2026-09-13 20:50:16,PT-101,NORMAL,LOW,6.46,NUMERIC,CLEARED,
2026-09-13 20:57:52,PT-101,LOW_PRESSURE,MEDIUM,2.2,NUMERIC,CLEARED,
2026-09-13 21:05:58,TT-101,NORMAL,LOW,61.36,NUMERIC,CLEARED,
2026-09-13 21:12:52,TT-101,NORMAL,LOW,56.07,NUMERIC,CLEARED,
2026-09-13 21:16:36,LT-101,NORMAL,LOW,68.86,NUMERIC,CLEARED,
2026-09-13 21:19:28,M-101,HIGH_CURRENT,HIGH,49.97,NUMERIC,ACTIVE,
2026-09-13 21:55:15,PT-101,NORMAL,LOW,6.67,NUMERIC,CLEARED,
2026-09-13 22:00:23,PT-101,NORMAL,LOW,4.03,NUMERIC,CLEARED,
2026-09-13 22:04:36,M-101,NORMAL,LOW,0.49,NUMERIC,CLEARED,
2026-09-13 22:08:55,PT-101,NORMAL,LOW,4.61,NUMERIC,CLEARED,
2026-09-13 22:11:28,LT-101,NORMAL,LOW,49.69,NUMERIC,CLEARED,
2026-09-13 22:18:49,TT-101,NORMAL,LOW,53.5,NUMERIC,CLEARED,
2026-09-13 22:22:46,M-101,NORMAL,LOW,29.97,NUMERIC,CLEARED,
2026-09-13 22:30:38,FT-101,NORMAL,LOW,39.45,NUMERIC,CLEARED,
2026-09-13 22:39:14,TT-101,NORMAL,LOW,51.01,NUMERIC,CLEARED,
2026-09-13 22:45:29,PT-101,NORMAL,LOW,5.55,NUMERIC,CLEARED,
2026-09-13 23:04:15,PT-101,LOW_PRESSURE,MEDIUM,1.08,NUMERIC,ACTIVE,
2026-09-13 23:04:17,FT-101,NORMAL,LOW,32.83,NUMERIC,CLEARED,
2026-09-13 23:08:32,M-101,NORMAL,LOW,20.55,NUMERIC,CLEARED,
2026-09-13 23:08:35,PT-101,NORMAL,LOW,4.15,NUMERIC,CLEARED,
2026-09-13 23:14:00,M-101,HIGH_CURRENT,HIGH,49.6,NUMERIC,ACKNOWLEDGED,
2026-09-13 23:27:44,V-101,NORMAL,LOW,49.04,NUMERIC,CLEARED,
2026-09-13 23:35:57,FT-101,NORMAL,LOW,33.16,NUMERIC,CLEARED,
2026-09-13 23:36:34,PT-101,NORMAL,LOW,5.63,NUMERIC,CLEARED,
2026-09-13 23:51:20,V-101,NORMAL,LOW,74.75,NUMERIC,CLEARED,
2026-09-14 00:15:04,V-101,NORMAL,LOW,41.41,NUMERIC,CLEARED,
2026-09-14 00:18:00,FT-101,NORMAL,LOW,26.3,NUMERIC,CLEARED,
2026-09-14 00:33:13,LT-101,NORMAL,LOW,75.18,NUMERIC,CLEARED,
2026-09-14 00:44:37,TT-101,NORMAL,LOW,47.54,NUMERIC,CLEARED,
2026-09-14 00:53:50,LT-101,NORMAL,LOW,50.54,NUMERIC,CLEARED,
2026-09-14 00:55:24,PT-101,NORMAL,LOW,6.24,NUMERIC,CLEARED,
2026-09-14 01:00:04,LT-101,NORMAL,LOW,42.84,NUMERIC,CLEARED,
2026-09-14 01:28:40,LT-101,NORMAL,LOW,42.73,NUMERIC,CLEARED,
2026-09-14 01:30:31,M-101,NORMAL,LOW,26.12,NUMERIC,CLEARED,
2026-09-14 01:35:37,PT-101,NORMAL,LOW,6.66,NUMERIC,CLEARED,
2026-09-14 01:42:06,TT-101,HIGH_TEMPERATURE,HIGH,98.7,NUMERIC,CLEARED,
2026-09-14 01:46:29,V-101,NORMAL,LOW,13.9,NUMERIC,CLEARED,
2026-09-14 01:48:25,LT-101,NORMAL,LOW,78.35,NUMERIC,CLEARED,
2026-09-14 01:51:10,PT-101,NORMAL,LOW,6.77,NUMERIC,CLEARED,
2026-09-14 01:51:14,M-101,NORMAL,LOW,27.61,NUMERIC,CLEARED,
2026-09-14 01:53:04,PT-101,NORMAL,LOW,5.24,NUMERIC,CLEARED,
2026-09-14 01:54:41,FT-101,NORMAL,LOW,34.4,NUMERIC,CLEARED,
2026-09-14 02:03:20,LT-101,NORMAL,LOW,70.29,NUMERIC,CLEARED,
2026-09-14 02:10:41,PT-101,NORMAL,LOW,6.28,NUMERIC,CLEARED,
2026-09-14 02:12:05,FT-101,NORMAL,LOW,31.9,NUMERIC,CLEARED,
2026-09-14 02:12:26,LT-101,HIGH_LEVEL,CRITICAL,92.9,NUMERIC,ACTIVE,
2026-09-14 02:15:26,LT-101,NORMAL,LOW,79.15,NUMERIC,CLEARED,
2026-09-14 02:40:07,PT-101,NORMAL,LOW,6.9,NUMERIC,CLEARED,
2026-09-14 02:40:42,PT-101,NORMAL,LOW,5.61,NUMERIC,CLEARED,
2026-09-14 02:52:52,PT-101,NORMAL,LOW,5.85,NUMERIC,CLEARED,
2026-09-14 02:59:46,PT-101,NORMAL,LOW,4.67,NUMERIC,CLEARED,
2026-09-14 03:04:33,TT-101,NORMAL,LOW,57.69,NUMERIC,CLEARED,
2026-09-14 03:08:03,FT-101,NORMAL,LOW,39.22,NUMERIC,CLEARED,
2026-09-14 03:17:05,PT-101,NORMAL,LOW,4.7,NUMERIC,CLEARED,
2026-09-14 03:26:52,LT-101,NORMAL,LOW,62.11,NUMERIC,CLEARED,
2026-09-14 03:39:37,PT-101,NORMAL,LOW,4,NUMERIC,CLEARED,
2026-09-14 03:43:30,M-101,NORMAL,LOW,26.51,NUMERIC,CLEARED,
2026-09-14 03:45:12,FT-101,NORMAL,LOW,24.7,NUMERIC,CLEARED,
2026-09-14 03:50:17,M-101,NORMAL,LOW,27.36,NUMERIC,CLEARED,
2026-09-14 03:51:47,PT-101,NORMAL,LOW,6.77,NUMERIC,CLEARED,
2026-09-14 04:05:31,TT-101,NORMAL,LOW,62.2,NUMERIC,CLEARED,
2026-09-14 04:06:38,V-101,NORMAL,LOW,27.3,NUMERIC,CLEARED,
2026-09-14 04:23:53,FT-101,NORMAL,LOW,24.8,NUMERIC,CLEARED,
2026-09-14 04:24:37,TT-101,NORMAL,LOW,59.08,NUMERIC,CLEARED,
2026-09-14 04:31:23,PT-101,NORMAL,LOW,5.27,NUMERIC,CLEARED,
2026-09-14 04:35:02,M-101,NORMAL,LOW,1.56,NUMERIC,CLEARED,
2026-09-14 04:38:01,LT-101,NORMAL,LOW,50.19,NUMERIC,CLEARED,
2026-09-14 04:42:30,TT-101,NORMAL,LOW,73.87,NUMERIC,CLEARED,
2026-09-14 04:43:55,TT-101,NORMAL,LOW,70.37,NUMERIC,CLEARED,
2026-09-14 04:44:26,TT-101,NORMAL,LOW,64.07,NUMERIC,CLEARED,
2026-09-14 04:45:27,M-101,NORMAL,LOW,10.96,NUMERIC,CLEARED,
2026-09-14 04:57:29,TT-101,NORMAL,LOW,70.29,NUMERIC,CLEARED,
2026-09-14 05:01:34,LT-101,NORMAL,LOW,73.34,NUMERIC,CLEARED,
2026-09-14 05:03:33,TT-101,NORMAL,LOW,63.53,NUMERIC,CLEARED,
2026-09-14 05:14:46,PT-101,NORMAL,LOW,5.54,NUMERIC,CLEARED,
2026-09-14 05:17:10,TT-101,HIGH_TEMPERATURE,HIGH,91.91,NUMERIC,ACTIVE,
2026-09-14 05:22:06,PT-101,NORMAL,LOW,6.22,NUMERIC,CLEARED,
2026-09-14 05:29:45,V-101,NORMAL,LOW,95.23,NUMERIC,CLEARED,
2026-09-14 05:32:21,TT-101,NORMAL,LOW,50.8,NUMERIC,CLEARED,
2026-09-14 05:35:27,M-101,NORMAL,LOW,32.13,NUMERIC,CLEARED,
2026-09-14 05:37:09,V-101,NORMAL,LOW,94.03,NUMERIC,CLEARED,
2026-09-14 05:37:10,PT-101,NORMAL,LOW,5.12,NUMERIC,CLEARED,
2026-09-14 05:38:41,V-101,NORMAL,LOW,47.6,NUMERIC,CLEARED,
2026-09-14 06:11:22,LT-101,NORMAL,LOW,51.58,NUMERIC,CLEARED,
2026-09-14 06:19:13,V-101,NORMAL,LOW,65.57,NUMERIC,CLEARED,
2026-09-14 06:27:04,FT-101,NORMAL,LOW,20.13,NUMERIC,CLEARED,
2026-09-14 06:30:14,FT-101,NORMAL,LOW,25.03,NUMERIC,CLEARED,
2026-09-14 06:33:32,PT-101,NORMAL,LOW,5.26,NUMERIC,CLEARED,
2026-09-14 06:36:56,PT-101,NORMAL,LOW,5.24,NUMERIC,CLEARED,
2026-09-14 06:40:59,LT-101,NORMAL,LOW,40.19,NUMERIC,CLEARED,
2026-09-14 06:49:49,FT-101,NORMAL,LOW,25.68,NUMERIC,CLEARED,
2026-09-14 06:55:47,FT-101,NORMAL,LOW,29.62,NUMERIC,CLEARED,
2026-09-14 06:59:44,PT-101,NORMAL,LOW,5.33,NUMERIC,CLEARED,
2026-09-14 07:03:23,FT-101,NORMAL,LOW,24.45,NUMERIC,CLEARED,
2026-09-14 07:04:18,LT-101,NORMAL,LOW,56.05,NUMERIC,CLEARED,
2026-09-14 07:11:48,LT-101,NORMAL,LOW,63.55,NUMERIC,CLEARED,
2026-09-14 07:12:24,PT-101,NORMAL,LOW,6.11,NUMERIC,CLEARED,
2026-09-14 07:16:05,FT-101,NORMAL,LOW,37.77,NUMERIC,CLEARED,
2026-09-14 07:23:53,PT-101,NORMAL,LOW,5.06,NUMERIC,CLEARED,
2026-09-14 07:26:32,LT-101,NORMAL,LOW,,NULL,CLEARED,MISSING_VALUE
2026-09-14 07:26:59,TT-101,NORMAL,LOW,54.65,NUMERIC,CLEARED,
2026-09-14 07:36:54,M-101,NORMAL,LOW,30.84,NUMERIC,CLEARED,
2026-09-14 07:40:11,LT-101,NORMAL,LOW,79.87,NUMERIC,CLEARED,
2026-09-14 07:41:26,PT-101,LOW_PRESSURE,MEDIUM,2.28,NUMERIC,ACTIVE,
2026-09-14 07:44:51,LT-101,NORMAL,LOW,66.5,NUMERIC,CLEARED,
2026-09-14 07:45:45,PT-101,NORMAL,LOW,4.25,NUMERIC,CLEARED,
2026-09-14 07:46:27,PT-101,NORMAL,LOW,4.75,NUMERIC,CLEARED,
2026-09-14 07:52:14,TT-101,NORMAL,LOW,51.42,NUMERIC,CLEARED,
2026-09-14 07:57:02,PT-101,NORMAL,LOW,5.61,NUMERIC,CLEARED,
2026-09-14 08:01:04,LT-101,NORMAL,LOW,52.11,NUMERIC,CLEARED,
2026-09-14 08:06:41,LT-101,NORMAL,LOW,71.37,NUMERIC,CLEARED,
2026-09-14 08:13:36,LT-101,NORMAL,LOW,51.68,NUMERIC,CLEARED,
2026-09-14 08:16:14,LT-101,NORMAL,LOW,40.05,NUMERIC,CLEARED,
2026-09-14 08:20:29,PT-101,NORMAL,LOW,4.82,NUMERIC,CLEARED,
2026-09-14 08:30:46,LT-101,NORMAL,LOW,55.46,NUMERIC,CLEARED,
2026-09-14 08:34:39,M-101,NORMAL,LOW,14.47,NUMERIC,CLEARED,
2026-09-14 08:36:34,P-101,PUMP_FAILURE,CRITICAL,STOPPED,STATE,ACKNOWLEDGED,
2026-09-14 08:41:33,TT-101,NORMAL,LOW,46.93,NUMERIC,CLEARED,
2026-09-14 08:50:46,M-101,NORMAL,LOW,12.23,NUMERIC,CLEARED,
2026-09-14 08:52:50,PT-101,NORMAL,LOW,4.11,NUMERIC,CLEARED,
2026-09-14 09:06:32,FT-101,HIGH_FLOW,HIGH,52.84,NUMERIC,ACKNOWLEDGED,
2026-09-14 09:30:05,FT-101,NORMAL,LOW,24.77,NUMERIC,CLEARED,
2026-09-14 09:30:48,TT-101,NORMAL,LOW,73.3,NUMERIC,CLEARED,
2026-09-14 09:31:07,TT-101,NORMAL,LOW,50.02,NUMERIC,CLEARED,
2026-09-14 09:35:19,TT-101,HIGH_TEMPERATURE,HIGH,99.34,NUMERIC,ACTIVE,
2026-09-14 09:39:15,FT-101,NORMAL,LOW,32.71,NUMERIC,CLEARED,
2026-09-14 09:40:47,TT-101,NORMAL,LOW,45.45,NUMERIC,CLEARED,
2026-09-14 09:46:08,PT-101,NORMAL,LOW,5.19,NUMERIC,CLEARED,
2026-09-14 09:52:34,PT-101,NORMAL,LOW,6.1,NUMERIC,CLEARED,
2026-09-14 10:03:08,TT-101,NORMAL,LOW,55.09,NUMERIC,CLEARED,
2026-09-14 10:04:08,PT-101,NORMAL,LOW,5.37,NUMERIC,CLEARED,
2026-09-14 10:05:01,FT-101,NORMAL,LOW,25.66,NUMERIC,CLEARED,
2026-09-14 10:07:34,TT-101,NORMAL,LOW,46.92,NUMERIC,CLEARED,
2026-09-14 10:09:47,TT-101,NORMAL,LOW,51.95,NUMERIC,CLEARED,
2026-09-14 10:17:39,PT-101,NORMAL,LOW,4.73,NUMERIC,CLEARED,
2026-09-14 10:23:44,PT-101,NORMAL,LOW,5,NUMERIC,CLEARED,
2026-09-14 10:26:01,TT-101,NORMAL,LOW,66.66,NUMERIC,CLEARED,
2026-09-14 10:27:04,LT-101,NORMAL,LOW,55.11,NUMERIC,CLEARED,
2026-09-14 10:47:02,LT-101,NORMAL,LOW,45.78,NUMERIC,CLEARED,
2026-09-14 10:49:24,FT-101,NORMAL,LOW,20.88,NUMERIC,CLEARED,
2026-09-14 10:49:57,TT-101,NORMAL,LOW,65.71,NUMERIC,CLEARED,
2026-09-14 11:01:05,LT-101,NORMAL,LOW,40.2,NUMERIC,CLEARED,
2026-09-14 11:07:00,V-101,NORMAL,LOW,93.62,NUMERIC,CLEARED,
2026-09-14 11:07:59,TT-101,NORMAL,LOW,56.88,NUMERIC,CLEARED,
2026-09-14 11:09:55,LT-101,NORMAL,LOW,57.72,NUMERIC,CLEARED,
2026-09-14 11:09:57,LT-101,NORMAL,LOW,69.85,NUMERIC,CLEARED,
2026-09-14 11:28:05,PT-101,NORMAL,LOW,4.21,NUMERIC,CLEARED,
2026-09-14 11:35:05,PT-101,NORMAL,LOW,4.48,NUMERIC,CLEARED,
2026-09-14 11:37:40,TT-101,NORMAL,LOW,68.69,NUMERIC,CLEARED,
2026-09-14 11:38:26,TT-101,NORMAL,LOW,60.2,NUMERIC,CLEARED,
2026-09-14 11:43:02,LT-101,NORMAL,LOW,74.06,NUMERIC,CLEARED,
2026-09-14 11:52:11,TT-101,HIGH_TEMPERATURE,HIGH,104.72,NUMERIC,ACKNOWLEDGED,
2026-09-14 11:53:11,TT-101,NORMAL,LOW,46.7,NUMERIC,CLEARED,
2026-09-14 11:58:03,LT-101,NORMAL,LOW,76.83,NUMERIC,CLEARED,
2026-09-14 12:25:17,PT-101,NORMAL,LOW,4.41,NUMERIC,CLEARED,
2026-09-14 12:30:27,M-101,NORMAL,LOW,13.68,NUMERIC,CLEARED,
2026-09-14 12:32:36,PT-101,NORMAL,LOW,5.22,NUMERIC,CLEARED,
2026-09-14 12:33:28,TT-101,NORMAL,LOW,56.8,NUMERIC,CLEARED,
2026-09-14 12:39:32,PT-101,NORMAL,LOW,4.56,NUMERIC,CLEARED,
2026-09-14 12:39:33,PT-101,NORMAL,LOW,4.01,NUMERIC,CLEARED,
2026-09-14 12:39:36,LT-101,NORMAL,LOW,45.66,NUMERIC,CLEARED,
2026-09-14 12:41:04,M-101,NORMAL,LOW,24.5,NUMERIC,CLEARED,
2026-09-14 12:45:20,FT-101,NORMAL,LOW,28.2,NUMERIC,CLEARED,
2026-09-14 12:55:06,PT-101,NORMAL,LOW,6.7,NUMERIC,CLEARED,
2026-09-14 12:55:52,FT-101,NORMAL,LOW,29.69,NUMERIC,CLEARED,
2026-09-14 13:10:02,LT-101,HIGH_LEVEL,CRITICAL,95.28,NUMERIC,ACKNOWLEDGED,
2026-09-14 13:21:02,M-101,NORMAL,LOW,17.33,NUMERIC,CLEARED,
2026-09-14 13:22:51,M-101,NORMAL,LOW,20.45,NUMERIC,CLEARED,
2026-09-14 13:28:41,FT-101,NORMAL,LOW,24.18,NUMERIC,CLEARED,
2026-09-14 13:32:06,PT-101,NORMAL,LOW,4.98,NUMERIC,CLEARED,
2026-09-14 13:34:25,V-101,NORMAL,LOW,0.91,NUMERIC,CLEARED,
2026-09-14 13:42:50,LT-101,HIGH_LEVEL,CRITICAL,94.74,NUMERIC,ACTIVE,
2026-09-14 13:50:45,M-101,NORMAL,LOW,0.41,NUMERIC,CLEARED,
2026-09-14 13:51:44,LT-101,NORMAL,LOW,69.22,NUMERIC,CLEARED,
2026-09-14 13:55:15,FT-101,NORMAL,LOW,32.31,NUMERIC,CLEARED,
2026-09-14 13:59:27,FT-101,NORMAL,LOW,27.37,NUMERIC,CLEARED,
2026-09-14 14:01:33,LT-101,NORMAL,LOW,63.81,NUMERIC,CLEARED,
2026-09-14 14:27:38,M-101,NORMAL,LOW,22.33,NUMERIC,CLEARED,
2026-09-14 14:32:00,LT-101,NORMAL,LOW,79.73,NUMERIC,CLEARED,
2026-09-14 14:37:39,LT-101,NORMAL,LOW,52.12,NUMERIC,CLEARED,
2026-09-14 14:53:09,FT-101,NORMAL,LOW,31.3,NUMERIC,CLEARED,
2026-09-14 14:56:07,PT-101,NORMAL,LOW,6.65,NUMERIC,CLEARED,
2026-09-14 14:57:17,FT-101,NORMAL,LOW,24.11,NUMERIC,CLEARED,
2026-09-14 15:07:27,TT-101,NORMAL,LOW,66.47,NUMERIC,CLEARED,
2026-09-14 15:12:11,LT-101,NORMAL,LOW,50.13,NUMERIC,CLEARED,
2026-09-14 15:22:07,FT-101,NORMAL,LOW,23.26,NUMERIC,CLEARED,
2026-09-14 15:25:56,TT-101,NORMAL,LOW,68.96,NUMERIC,CLEARED,
2026-09-14 15:32:35,TT-101,NORMAL,LOW,56.84,NUMERIC,CLEARED,
2026-09-14 15:52:29,LT-101,NORMAL,LOW,61.45,NUMERIC,CLEARED,
2026-09-14 16:01:41,PT-101,NORMAL,LOW,6.47,NUMERIC,CLEARED,
2026-09-14 16:12:09,FT-101,NORMAL,LOW,26.27,NUMERIC,CLEARED,
2026-09-14 16:14:35,FT-101,NORMAL,LOW,37.75,NUMERIC,CLEARED,
2026-09-14 16:17:04,P-101,PUMP_FAILURE,CRITICAL,STOPPED,STATE,ACKNOWLEDGED,
2026-09-14 16:22:37,FT-101,NORMAL,LOW,36.21,NUMERIC,CLEARED,
2026-09-14 16:24:26,PT-101,NORMAL,LOW,4.29,NUMERIC,CLEARED,
2026-09-14 16:40:06,PT-101,NORMAL,LOW,4.04,NUMERIC,CLEARED,
2026-09-14 16:43:55,PT-101,NORMAL,LOW,5.53,NUMERIC,CLEARED,
2026-09-14 16:52:35,TT-101,HIGH_TEMPERATURE,HIGH,97.07,NUMERIC,ACTIVE,
2026-09-14 16:54:40,M-101,HIGH_CURRENT,HIGH,41.47,NUMERIC,ACKNOWLEDGED,
2026-09-14 17:09:32,FT-101,NORMAL,LOW,20.64,NUMERIC,CLEARED,
2026-09-14 17:11:51,FT-101,NORMAL,LOW,25.95,NUMERIC,CLEARED,
2026-09-14 17:15:08,LT-101,NORMAL,LOW,69.34,NUMERIC,CLEARED,
2026-09-14 17:23:55,PT-101,NORMAL,LOW,5.15,NUMERIC,CLEARED,
2026-09-14 17:26:20,PT-101,NORMAL,LOW,4.16,NUMERIC,CLEARED,
2026-09-14 17:39:19,PT-101,NORMAL,LOW,6.73,NUMERIC,CLEARED,
2026-09-14 17:42:26,PT-101,NORMAL,LOW,6.66,NUMERIC,CLEARED,
2026-09-14 17:42:42,PT-101,NORMAL,LOW,5,NUMERIC,CLEARED,
2026-09-14 17:45:55,FT-101,NORMAL,LOW,38.52,NUMERIC,CLEARED,
2026-09-14 17:47:14,PT-101,NORMAL,LOW,4,NUMERIC,CLEARED,
2026-09-14 17:51:14,FT-101,NORMAL,LOW,37.13,NUMERIC,CLEARED,
2026-09-14 17:56:44,TT-101,HIGH_TEMPERATURE,HIGH,93.06,NUMERIC,ACTIVE,
2026-09-14 18:00:39,TT-101,NORMAL,LOW,50.63,NUMERIC,CLEARED,
2026-09-14 18:13:34,PT-101,NORMAL,LOW,5.07,NUMERIC,CLEARED,
2026-09-14 18:14:19,TT-101,NORMAL,LOW,53.62,NUMERIC,CLEARED,
2026-09-14 18:24:35,PT-101,HIGH_PRESSURE,CRITICAL,9.25,NUMERIC,ACTIVE,
2026-09-14 18:26:04,TT-101,NORMAL,LOW,46.99,NUMERIC,CLEARED,
2026-09-14 18:38:06,M-101,NORMAL,LOW,23.06,NUMERIC,CLEARED,
2026-09-14 18:42:28,PT-101,NORMAL,LOW,4.63,NUMERIC,CLEARED,
2026-09-14 18:43:56,M-101,NORMAL,LOW,23.91,NUMERIC,CLEARED,
2026-09-14 18:50:09,LT-101,NORMAL,LOW,44.76,NUMERIC,CLEARED,
2026-09-14 18:56:24,LT-101,LOW_LEVEL,HIGH,19.12,NUMERIC,ACKNOWLEDGED,
2026-09-14 18:59:29,TT-101,NORMAL,LOW,64.2,NUMERIC,CLEARED,
2026-09-14 19:15:25,PT-101,NORMAL,LOW,4.48,NUMERIC,CLEARED,
2026-09-14 19:19:38,LT-101,NORMAL,LOW,47.13,NUMERIC,CLEARED,
2026-09-14 19:23:37,M-101,NORMAL,LOW,12.35,NUMERIC,CLEARED,
2026-09-14 19:24:08,FT-101,NORMAL,LOW,36.64,NUMERIC,CLEARED,
2026-09-14 19:27:18,LT-101,LOW_LEVEL,HIGH,6.4,NUMERIC,ACTIVE,
2026-09-14 19:28:55,M-101,NORMAL,LOW,25.82,NUMERIC,CLEARED,
2026-09-14 19:28:57,FT-101,NORMAL,LOW,20.43,NUMERIC,CLEARED,
2026-09-14 19:32:37,PT-101,NORMAL,LOW,5.38,NUMERIC,CLEARED,
2026-09-14 19:35:35,FT-101,NORMAL,LOW,23.49,NUMERIC,CLEARED,
2026-09-14 19:40:21,V-101,NORMAL,LOW,68.46,NUMERIC,CLEARED,
2026-09-14 19:47:21,PT-101,NORMAL,LOW,4.35,NUMERIC,CLEARED,
2026-09-14 19:49:05,PT-101,NORMAL,LOW,6.8,NUMERIC,CLEARED,
2026-09-14 20:09:33,PT-101,NORMAL,LOW,5.78,NUMERIC,CLEARED,
2026-09-14 20:29:37,TT-101,NORMAL,LOW,56.78,NUMERIC,CLEARED,
2026-09-14 20:35:51,P-101,PUMP_FAILURE,CRITICAL,STOPPED,STATE,CLEARED,
2026-09-14 20:36:50,LT-101,NORMAL,LOW,45.37,NUMERIC,CLEARED,
2026-09-14 20:38:39,LT-101,NORMAL,LOW,40.52,NUMERIC,CLEARED,
2026-09-14 20:47:18,FT-101,NORMAL,LOW,21.57,NUMERIC,CLEARED,
2026-09-14 20:51:15,TT-101,NORMAL,LOW,73.14,NUMERIC,CLEARED,
2026-09-14 20:52:52,FT-101,NORMAL,LOW,24.99,NUMERIC,CLEARED,
2026-09-14 20:57:08,PT-101,NORMAL,LOW,5.9,NUMERIC,CLEARED,
2026-09-14 21:06:55,TT-101,NORMAL,LOW,72.99,NUMERIC,CLEARED,
2026-09-14 21:12:36,TT-101,NORMAL,LOW,54.61,NUMERIC,CLEARED,
2026-09-14 21:37:27,FT-101,NORMAL,LOW,23.01,NUMERIC,CLEARED,
2026-09-14 21:41:31,TT-101,NORMAL,LOW,54.51,NUMERIC,CLEARED,
2026-09-14 21:49:47,PT-101,LOW_PRESSURE,MEDIUM,1.32,NUMERIC,CLEARED,
2026-09-14 21:50:16,FT-101,NORMAL,LOW,31.48,NUMERIC,CLEARED,
2026-09-14 21:51:53,V-101,COMMUNICATION_LOST,MEDIUM,,NULL,CLEARED,MISSING_VALUE
2026-09-14 21:52:30,FT-101,NORMAL,LOW,24.01,NUMERIC,CLEARED,
2026-09-14 21:56:08,FT-101,NORMAL,LOW,25.43,NUMERIC,CLEARED,
2026-09-14 21:56:32,M-101,NORMAL,LOW,12.72,NUMERIC,CLEARED,
2026-09-14 22:05:51,LT-101,NORMAL,LOW,58.95,NUMERIC,CLEARED,
2026-09-14 22:06:36,PT-101,NORMAL,LOW,6.09,NUMERIC,CLEARED,
2026-09-14 22:08:29,LT-101,NORMAL,LOW,47.28,NUMERIC,CLEARED,
2026-09-14 22:10:16,LT-101,NORMAL,LOW,70.82,NUMERIC,CLEARED,
2026-09-14 22:18:09,TT-101,NORMAL,LOW,60.28,NUMERIC,CLEARED,
2026-09-14 22:22:12,PT-101,NORMAL,LOW,6.24,NUMERIC,CLEARED,
2026-09-14 22:27:19,TT-101,NORMAL,LOW,55.43,NUMERIC,CLEARED,
2026-09-14 22:31:00,TT-101,NORMAL,LOW,70.33,NUMERIC,CLEARED,
2026-09-14 22:36:18,FT-101,NORMAL,LOW,39.85,NUMERIC,CLEARED,
2026-09-14 22:41:43,LT-101,NORMAL,LOW,75.24,NUMERIC,CLEARED,
2026-09-14 22:55:35,LT-101,NORMAL,LOW,78.78,NUMERIC,CLEARED,
2026-09-14 23:02:54,P-101,PUMP_FAILURE,CRITICAL,STOPPED,STATE,ACTIVE,
2026-09-14 23:20:52,LT-101,NORMAL,LOW,42.55,NUMERIC,CLEARED,
2026-09-14 23:27:14,TT-101,NORMAL,LOW,62.22,NUMERIC,CLEARED,
2026-09-14 23:27:31,TT-101,NORMAL,LOW,48.19,NUMERIC,CLEARED,
2026-09-14 23:31:11,LT-101,NORMAL,LOW,72.09,NUMERIC,CLEARED,
2026-09-14 23:34:09,FT-101,NORMAL,LOW,23.62,NUMERIC,CLEARED,
2026-09-14 23:34:56,M-101,NORMAL,LOW,31.89,NUMERIC,CLEARED,
2026-09-14 23:39:41,PT-101,LOW_PRESSURE,MEDIUM,0.91,NUMERIC,CLEARED,
2026-09-14 23:43:00,PT-101,NORMAL,LOW,4.81,NUMERIC,CLEARED,
2026-09-14 23:56:53,TT-101,NORMAL,LOW,68.29,NUMERIC,CLEARED,
2026-09-15 00:01:59,FT-101,NORMAL,LOW,38.42,NUMERIC,CLEARED,
2026-09-15 00:05:14,M-101,NORMAL,LOW,4.46,NUMERIC,CLEARED,
2026-09-15 00:20:49,TT-101,NORMAL,LOW,55.41,NUMERIC,CLEARED,
2026-09-15 00:20:52,TT-101,HIGH_TEMPERATURE,HIGH,88.4,NUMERIC,ACTIVE,
2026-09-15 00:37:38,FT-101,NORMAL,LOW,35.68,NUMERIC,CLEARED,
2026-09-15 00:38:51,TT-101,NORMAL,LOW,53.14,NUMERIC,CLEARED,
2026-09-15 00:49:15,LT-101,NORMAL,LOW,74.42,NUMERIC,CLEARED,
2026-09-15 00:49:35,LT-101,NORMAL,LOW,55.88,NUMERIC,CLEARED,
2026-09-15 00:51:22,TT-101,NORMAL,LOW,53.65,NUMERIC,CLEARED,
2026-09-15 00:53:58,FT-101,NORMAL,LOW,39.15,NUMERIC,CLEARED,
2026-09-15 01:01:19,V-101,NORMAL,LOW,92.95,NUMERIC,CLEARED,
2026-09-15 01:05:03,LT-101,LOW_LEVEL,HIGH,9.82,NUMERIC,ACKNOWLEDGED,
2026-09-15 01:05:43,PT-101,NORMAL,LOW,5.17,NUMERIC,CLEARED,
2026-09-15 01:06:18,LT-101,NORMAL,LOW,57.29,NUMERIC,CLEARED,
2026-09-15 01:12:14,V-101,NORMAL,LOW,66.05,NUMERIC,CLEARED,
2026-09-15 01:13:49,M-101,NORMAL,LOW,26.75,NUMERIC,CLEARED,
2026-09-15 01:15:12,PT-101,NORMAL,LOW,6.81,NUMERIC,CLEARED,
2026-09-15 01:17:02,LT-101,NORMAL,LOW,69.95,NUMERIC,CLEARED,
2026-09-15 01:18:26,TT-101,NORMAL,LOW,65.65,NUMERIC,CLEARED,
2026-09-15 01:22:51,TT-101,NORMAL,LOW,62.55,NUMERIC,CLEARED,
2026-09-15 01:26:16,FT-101,NORMAL,LOW,26.63,NUMERIC,CLEARED,
2026-09-15 01:28:26,LT-101,NORMAL,LOW,78.7,NUMERIC,CLEARED,
2026-09-15 01:41:00,LT-101,NORMAL,LOW,61.72,NUMERIC,CLEARED,
2026-09-15 01:41:28,V-101,NORMAL,LOW,80.82,NUMERIC,CLEARED,
2026-09-15 01:42:48,PT-101,NORMAL,LOW,6.74,NUMERIC,CLEARED,
2026-09-15 01:45:13,FT-101,NORMAL,LOW,24.48,NUMERIC,CLEARED,
2026-09-15 01:45:15,LT-101,NORMAL,LOW,47.82,NUMERIC,CLEARED,
2026-09-15 01:56:22,FT-101,NORMAL,LOW,27.7,NUMERIC,CLEARED,
2026-09-15 01:57:12,LT-101,NORMAL,LOW,41.09,NUMERIC,CLEARED,
2026-09-15 02:04:51,PT-101,NORMAL,LOW,4.3,NUMERIC,CLEARED,
2026-09-15 02:05:02,FT-101,NORMAL,LOW,27.27,NUMERIC,CLEARED,
2026-09-15 02:05:34,FT-101,HIGH_FLOW,HIGH,55.99,NUMERIC,CLEARED,
2026-09-15 02:07:33,V-101,NORMAL,LOW,61.87,NUMERIC,CLEARED,
2026-09-15 02:08:34,LT-101,NORMAL,LOW,59.63,NUMERIC,CLEARED,
2026-09-15 02:19:00,PT-101,NORMAL,LOW,5.44,NUMERIC,CLEARED,
2026-09-15 02:27:45,PT-101,NORMAL,LOW,4.73,NUMERIC,CLEARED,
2026-09-15 02:32:07,LT-101,NORMAL,LOW,41.58,NUMERIC,CLEARED,
2026-09-15 02:32:44,LT-101,NORMAL,LOW,44.61,NUMERIC,CLEARED,
2026-09-15 02:32:47,TT-101,HIGH_TEMPERATURE,HIGH,87.23,NUMERIC,ACKNOWLEDGED,
2026-09-15 02:34:27,V-101,NORMAL,LOW,22.38,NUMERIC,CLEARED,
2026-09-15 02:41:31,V-101,NORMAL,LOW,75.38,NUMERIC,CLEARED,
2026-09-15 02:44:01,LT-101,NORMAL,LOW,52.41,NUMERIC,CLEARED,
2026-09-15 02:53:28,PT-101,LOW_PRESSURE,MEDIUM,0.27,NUMERIC,ACTIVE,
2026-09-15 03:00:43,PT-101,NORMAL,LOW,4.78,NUMERIC,CLEARED,
2026-09-15 03:00:49,FT-101,NORMAL,LOW,32.96,NUMERIC,CLEARED,
2026-09-15 03:17:44,V-101,NORMAL,LOW,2.2,NUMERIC,CLEARED,
2026-09-15 03:35:51,PT-101,HIGH_PRESSURE,CRITICAL,9.15,NUMERIC,ACKNOWLEDGED,
2026-09-15 03:42:38,FT-101,HIGH_FLOW,HIGH,51.73,NUMERIC,ACTIVE,
2026-09-15 03:46:54,LT-101,NORMAL,LOW,48.29,NUMERIC,CLEARED,
2026-09-15 03:50:12,FT-101,NORMAL,LOW,30.36,NUMERIC,CLEARED,
2026-09-15 03:54:57,TT-101,NORMAL,LOW,73.07,NUMERIC,CLEARED,
2026-09-15 04:01:00,TT-101,HIGH_TEMPERATURE,HIGH,88.8,NUMERIC,CLEARED,
2026-09-15 04:09:02,FT-101,NORMAL,LOW,35.5,NUMERIC,CLEARED,
2026-09-15 04:10:44,LT-101,NORMAL,LOW,41.58,NUMERIC,CLEARED,
2026-09-15 04:14:51,PT-101,NORMAL,LOW,6.26,NUMERIC,CLEARED,
2026-09-15 04:20:05,M-101,NORMAL,LOW,33.65,NUMERIC,CLEARED,
2026-09-15 04:20:22,TT-101,NORMAL,LOW,51.96,NUMERIC,CLEARED,
2026-09-15 04:28:37,PT-101,NORMAL,LOW,5.79,NUMERIC,CLEARED,
2026-09-15 04:31:37,TT-101,NORMAL,LOW,54.87,NUMERIC,CLEARED,
2026-09-15 04:35:47,V-101,VALVE_FAILURE,HIGH,27.68,NUMERIC,CLEARED,
2026-09-15 04:36:42,LT-101,HIGH_LEVEL,CRITICAL,92.03,NUMERIC,ACKNOWLEDGED,
2026-09-15 04:56:38,FT-101,NORMAL,LOW,39.58,NUMERIC,CLEARED,
2026-09-15 04:58:59,V-101,NORMAL,LOW,71.94,NUMERIC,CLEARED,
2026-09-15 05:00:03,P-101,PUMP_FAILURE,CRITICAL,STOPPED,STATE,CLEARED,
2026-09-15 05:10:38,M-101,NORMAL,LOW,13.27,NUMERIC,CLEARED,
2026-09-15 05:14:58,PT-101,NORMAL,LOW,4.37,NUMERIC,CLEARED,
2026-09-15 05:16:46,PT-101,NORMAL,LOW,5.29,NUMERIC,CLEARED,
2026-09-15 05:22:03,LT-101,NORMAL,LOW,74.31,NUMERIC,CLEARED,
2026-09-15 05:24:40,FT-101,NORMAL,LOW,34.23,NUMERIC,CLEARED,
2026-09-15 05:34:01,V-101,NORMAL,LOW,62.73,NUMERIC,CLEARED,
2026-09-15 05:40:18,FT-101,NORMAL,LOW,29.51,NUMERIC,CLEARED,
2026-09-15 05:44:22,FT-101,NORMAL,LOW,23.58,NUMERIC,CLEARED,
2026-09-15 05:46:10,LT-101,NORMAL,LOW,62.62,NUMERIC,CLEARED,
2026-09-15 05:55:01,V-101,NORMAL,LOW,20.63,NUMERIC,CLEARED,
2026-09-15 05:56:39,FT-101,NORMAL,LOW,22.47,NUMERIC,CLEARED,
2026-09-15 05:57:15,PT-101,NORMAL,LOW,5.94,NUMERIC,CLEARED,
2026-09-15 05:57:29,M-101,NORMAL,LOW,15.45,NUMERIC,CLEARED,
2026-09-15 06:16:26,FT-101,NORMAL,LOW,23.65,NUMERIC,CLEARED,
2026-09-15 06:30:59,PT-101,NORMAL,LOW,4.43,NUMERIC,CLEARED,
2026-09-15 06:43:32,TT-101,NORMAL,LOW,69.46,NUMERIC,CLEARED,
2026-09-15 06:44:30,FT-101,NORMAL,LOW,39.29,NUMERIC,CLEARED,
2026-09-15 06:47:39,FT-101,NORMAL,LOW,34.13,NUMERIC,CLEARED,
2026-09-15 06:53:14,LT-101,NORMAL,LOW,57.69,NUMERIC,CLEARED,
2026-09-15 06:54:31,M-101,NORMAL,LOW,19.3,NUMERIC,CLEARED,
2026-09-15 06:54:57,V-101,NORMAL,LOW,72.72,NUMERIC,CLEARED,
2026-09-15 07:11:31,FT-101,LOW_FLOW,MEDIUM,5.54,NUMERIC,ACKNOWLEDGED,
2026-09-15 07:36:52,LT-101,NORMAL,LOW,40.9,NUMERIC,CLEARED,
2026-09-15 07:48:48,V-101,NORMAL,LOW,34.48,NUMERIC,CLEARED,
2026-09-15 07:52:33,LT-101,NORMAL,LOW,67.87,NUMERIC,CLEARED,
2026-09-15 07:53:17,PT-101,NORMAL,LOW,5.03,NUMERIC,CLEARED,
2026-09-15 08:02:25,PT-101,NORMAL,LOW,4.49,NUMERIC,CLEARED,
2026-09-15 08:14:59,FT-101,NORMAL,LOW,26.99,NUMERIC,CLEARED,
2026-09-15 08:18:27,LT-101,NORMAL,LOW,54.98,NUMERIC,CLEARED,
2026-09-15 08:19:20,LT-101,NORMAL,LOW,59.23,NUMERIC,CLEARED,
2026-09-15 08:20:55,M-101,NORMAL,LOW,17.76,NUMERIC,CLEARED,
2026-09-15 08:24:03,LT-101,NORMAL,LOW,40.24,NUMERIC,CLEARED,
2026-09-15 08:25:59,TT-101,HIGH_TEMPERATURE,HIGH,85.28,NUMERIC,CLEARED,
2026-09-15 08:29:20,PT-101,NORMAL,LOW,6.36,NUMERIC,CLEARED,
2026-09-15 08:33:41,FT-101,NORMAL,LOW,24.98,NUMERIC,CLEARED,
2026-09-15 08:37:40,LT-101,NORMAL,LOW,61.16,NUMERIC,CLEARED,
2026-09-15 08:41:39,TT-101,NORMAL,LOW,63.04,NUMERIC,CLEARED,
2026-09-15 09:23:05,PT-101,NORMAL,LOW,5.07,NUMERIC,CLEARED,
2026-09-15 09:29:29,M-101,NORMAL,LOW,13.6,NUMERIC,CLEARED,
2026-09-15 09:33:21,M-101,NORMAL,LOW,2.25,NUMERIC,CLEARED,
2026-09-15 09:43:31,LT-101,NORMAL,LOW,44.11,NUMERIC,CLEARED,
2026-09-15 09:44:54,V-101,NORMAL,LOW,37.24,NUMERIC,CLEARED,
2026-09-15 09:54:26,TT-101,NORMAL,LOW,63.06,NUMERIC,CLEARED,
2026-09-15 09:57:14,P-102,PUMP_FAILURE,CRITICAL,STOPPED,STATE,ACTIVE,
2026-09-15 10:04:31,LT-101,LOW_LEVEL,HIGH,9.54,NUMERIC,ACKNOWLEDGED,
2026-09-15 10:10:22,PT-101,NORMAL,LOW,6.01,NUMERIC,CLEARED,
2026-09-15 10:10:43,FT-101,NORMAL,LOW,34.2,NUMERIC,CLEARED,
2026-09-15 10:13:45,PT-101,NORMAL,LOW,6.92,NUMERIC,CLEARED,
2026-09-15 10:15:00,TT-101,NORMAL,LOW,63.35,NUMERIC,CLEARED,
2026-09-15 10:32:54,PT-101,NORMAL,LOW,4.52,NUMERIC,CLEARED,
2026-09-15 10:39:58,V-101,NORMAL,LOW,90.63,NUMERIC,CLEARED,
2026-09-15 10:43:27,PT-101,NORMAL,LOW,5.56,NUMERIC,CLEARED,
2026-09-15 10:44:45,M-101,NORMAL,LOW,10.45,NUMERIC,CLEARED,
2026-09-15 10:55:06,PT-101,NORMAL,LOW,4.08,NUMERIC,CLEARED,
2026-09-15 11:01:14,LT-101,HIGH_LEVEL,CRITICAL,94,NUMERIC,ACTIVE,
2026-09-15 11:08:08,TT-101,NORMAL,LOW,53.95,NUMERIC,CLEARED,
2026-09-15 11:08:30,FT-101,NORMAL,LOW,39.83,NUMERIC,CLEARED,
2026-09-15 11:09:30,FT-101,NORMAL,LOW,21.3,NUMERIC,CLEARED,
2026-09-15 11:10:15,LT-101,NORMAL,LOW,52.56,NUMERIC,CLEARED,
2026-09-15 11:16:17,LT-101,NORMAL,LOW,43.15,NUMERIC,CLEARED,
2026-09-15 11:21:24,FT-101,NORMAL,LOW,33.75,NUMERIC,CLEARED,
2026-09-15 11:25:07,LT-101,NORMAL,LOW,56.26,NUMERIC,CLEARED,
2026-09-15 11:35:10,LT-101,NORMAL,LOW,68.6,NUMERIC,CLEARED,
2026-09-15 11:35:48,M-101,NORMAL,LOW,12.62,NUMERIC,CLEARED,
2026-09-15 11:39:34,PT-101,NORMAL,LOW,4.71,NUMERIC,CLEARED,
2026-09-15 11:41:07,TT-101,NORMAL,LOW,48.03,NUMERIC,CLEARED,
2026-09-15 11:49:58,LT-101,NORMAL,LOW,59.84,NUMERIC,CLEARED,
2026-09-15 12:06:54,M-101,NORMAL,LOW,23.97,NUMERIC,CLEARED,
2026-09-15 12:07:00,V-101,NORMAL,LOW,71.11,NUMERIC,CLEARED,
2026-09-15 12:08:02,PT-101,NORMAL,LOW,6.15,NUMERIC,CLEARED,
2026-09-15 12:10:28,M-101,NORMAL,LOW,1.71,NUMERIC,CLEARED,
2026-09-15 12:15:30,LT-101,NORMAL,LOW,48.25,NUMERIC,CLEARED,
2026-09-15 12:21:30,TT-101,NORMAL,LOW,47.74,NUMERIC,CLEARED,
2026-09-15 12:25:56,LT-101,NORMAL,LOW,77.15,NUMERIC,CLEARED,
2026-09-15 12:28:05,FT-101,NORMAL,LOW,22.04,NUMERIC,CLEARED,
2026-09-15 12:32:21,TT-101,HIGH_TEMPERATURE,HIGH,86.14,NUMERIC,ACTIVE,
2026-09-15 12:35:48,FT-101,NORMAL,LOW,35.37,NUMERIC,CLEARED,
2026-09-15 12:45:11,LT-101,NORMAL,LOW,76.62,NUMERIC,CLEARED,
2026-09-15 12:48:05,FT-101,HIGH_FLOW,HIGH,50.22,NUMERIC,CLEARED,
2026-09-15 12:48:30,LT-101,NORMAL,LOW,48.41,NUMERIC,CLEARED,
2026-09-15 12:57:12,LT-101,NORMAL,LOW,65.43,NUMERIC,CLEARED,
2026-09-15 13:00:27,LT-101,NORMAL,LOW,62.54,NUMERIC,CLEARED,
2026-09-15 13:00:30,TT-101,NORMAL,LOW,47.09,NUMERIC,CLEARED,
2026-09-15 13:01:19,TT-101,NORMAL,LOW,70.65,NUMERIC,CLEARED,
2026-09-15 13:04:28,TT-101,NORMAL,LOW,69.54,NUMERIC,CLEARED,
2026-09-15 13:16:34,TT-101,NORMAL,LOW,70.83,NUMERIC,CLEARED,
2026-09-15 13:18:56,M-101,NORMAL,LOW,17.44,NUMERIC,CLEARED,
2026-09-15 13:20:44,M-101,NORMAL,LOW,7.66,NUMERIC,CLEARED,
2026-09-15 13:23:57,M-101,NORMAL,LOW,2.52,NUMERIC,CLEARED,
2026-09-15 13:25:13,LT-101,NORMAL,LOW,53.49,NUMERIC,CLEARED,
2026-09-15 13:35:48,TT-101,NORMAL,LOW,48.09,NUMERIC,CLEARED,
2026-09-15 13:42:25,FT-101,NORMAL,LOW,34.37,NUMERIC,CLEARED,
2026-09-15 13:45:44,TT-101,NORMAL,LOW,58.86,NUMERIC,CLEARED,
2026-09-15 13:47:42,PT-101,NORMAL,LOW,6.72,NUMERIC,CLEARED,
2026-09-15 13:48:03,PT-101,NORMAL,LOW,4.83,NUMERIC,CLEARED,
2026-09-15 13:52:29,PT-101,NORMAL,LOW,6.56,NUMERIC,CLEARED,
2026-09-15 13:52:39,PT-101,NORMAL,LOW,4.7,NUMERIC,CLEARED,
2026-09-15 13:53:26,TT-101,NORMAL,LOW,58.92,NUMERIC,CLEARED,
2026-09-15 13:55:30,LT-101,NORMAL,LOW,48.1,NUMERIC,CLEARED,
2026-09-15 13:58:58,V-101,NORMAL,LOW,48.91,NUMERIC,CLEARED,
2026-09-15 14:00:05,PT-101,NORMAL,LOW,4.38,NUMERIC,CLEARED,
2026-09-15 14:01:40,P-101,PUMP_FAILURE,CRITICAL,STOPPED,STATE,ACTIVE,
2026-09-15 14:02:34,TT-101,NORMAL,LOW,69.54,NUMERIC,CLEARED,
2026-09-15 14:11:17,PT-101,NORMAL,LOW,6.82,NUMERIC,CLEARED,
2026-09-15 14:19:45,FT-101,NORMAL,LOW,31.45,NUMERIC,CLEARED,
2026-09-15 14:22:11,TT-101,NORMAL,LOW,50.47,NUMERIC,CLEARED,
2026-09-15 14:27:33,LT-101,NORMAL,LOW,59.68,NUMERIC,CLEARED,
2026-09-15 14:33:55,LT-101,NORMAL,LOW,74.23,NUMERIC,CLEARED,
2026-09-15 14:46:28,FT-101,NORMAL,LOW,36.54,NUMERIC,CLEARED,
2026-09-15 14:48:57,TT-101,NORMAL,LOW,58.01,NUMERIC,CLEARED,
2026-09-15 14:50:54,PT-101,NORMAL,LOW,6.96,NUMERIC,CLEARED,
2026-09-15 14:55:02,LT-101,NORMAL,LOW,46.54,NUMERIC,CLEARED,
2026-09-15 14:56:56,LT-101,NORMAL,LOW,72.12,NUMERIC,CLEARED,
2026-09-15 15:01:09,V-101,NORMAL,LOW,32.94,NUMERIC,CLEARED,
2026-09-15 15:06:43,PT-101,NORMAL,LOW,5.59,NUMERIC,CLEARED,
2026-09-15 15:28:13,PT-101,NORMAL,LOW,4.24,NUMERIC,CLEARED,
2026-09-15 15:34:51,FT-101,NORMAL,LOW,26.41,NUMERIC,CLEARED,
2026-09-15 15:43:29,M-101,NORMAL,LOW,13.45,NUMERIC,CLEARED,
2026-09-15 15:47:57,TT-101,NORMAL,LOW,68.61,NUMERIC,CLEARED,
2026-09-15 15:50:50,LT-101,NORMAL,LOW,71.99,NUMERIC,CLEARED,
2026-09-15 15:52:54,M-101,NORMAL,LOW,9.14,NUMERIC,CLEARED,
2026-09-15 16:06:51,FT-101,NORMAL,LOW,23.58,NUMERIC,CLEARED,
2026-09-15 16:10:29,PT-101,NORMAL,LOW,4.54,NUMERIC,CLEARED,
2026-09-15 16:19:47,PT-101,NORMAL,LOW,5,NUMERIC,CLEARED,
2026-09-15 16:29:23,LT-101,NORMAL,LOW,69.85,NUMERIC,CLEARED,
2026-09-15 16:29:59,FT-101,NORMAL,LOW,22.84,NUMERIC,CLEARED,
2026-09-15 16:31:40,PT-101,NORMAL,LOW,6.3,NUMERIC,CLEARED,
2026-09-15 16:35:35,PT-101,NORMAL,LOW,4.26,NUMERIC,CLEARED,
2026-09-15 16:39:05,LT-101,NORMAL,LOW,57.76,NUMERIC,CLEARED,
2026-09-15 16:57:14,M-101,NORMAL,LOW,15.49,NUMERIC,CLEARED,
2026-09-15 16:57:27,TT-101,NORMAL,LOW,45.84,NUMERIC,CLEARED,
2026-09-15 16:58:03,M-101,NORMAL,LOW,27,NUMERIC,CLEARED,
2026-09-15 17:33:43,PT-101,NORMAL,LOW,6.68,NUMERIC,CLEARED,
2026-09-15 17:36:14,V-101,NORMAL,LOW,43.57,NUMERIC,CLEARED,
2026-09-15 17:37:44,PT-101,NORMAL,LOW,5.18,NUMERIC,CLEARED,
2026-09-15 17:41:17,PT-101,NORMAL,LOW,4.78,NUMERIC,CLEARED,
2026-09-15 17:41:21,TT-101,NORMAL,LOW,72.02,NUMERIC,CLEARED,
2026-09-15 17:46:48,LT-101,NORMAL,LOW,79.75,NUMERIC,CLEARED,
2026-09-15 17:47:25,FT-101,LOW_FLOW,MEDIUM,4.02,NUMERIC,CLEARED,
2026-09-15 18:00:40,PT-101,NORMAL,LOW,6.21,NUMERIC,CLEARED,
2026-09-15 18:01:37,LT-101,NORMAL,LOW,63.77,NUMERIC,CLEARED,
2026-09-15 18:04:28,TT-101,NORMAL,LOW,47.11,NUMERIC,CLEARED,
2026-09-15 18:12:22,FT-101,NORMAL,LOW,23.55,NUMERIC,CLEARED,
2026-09-15 18:14:15,M-101,NORMAL,LOW,7.55,NUMERIC,CLEARED,
2026-09-15 18:24:07,TT-101,NORMAL,LOW,60.93,NUMERIC,CLEARED,
2026-09-15 18:33:43,PT-101,NORMAL,LOW,6.1,NUMERIC,CLEARED,
2026-09-15 18:39:11,PT-101,NORMAL,LOW,6.61,NUMERIC,CLEARED,
2026-09-15 18:41:38,TT-101,NORMAL,LOW,64.97,NUMERIC,CLEARED,
2026-09-15 18:42:14,V-101,NORMAL,LOW,71.88,NUMERIC,CLEARED,
2026-09-15 18:49:52,M-101,NORMAL,LOW,15.38,NUMERIC,CLEARED,
2026-09-15 18:58:57,M-101,NORMAL,LOW,29.7,NUMERIC,CLEARED,
2026-09-15 19:02:57,TT-101,NORMAL,LOW,62.03,NUMERIC,CLEARED,
2026-09-15 19:08:22,TT-101,NORMAL,LOW,64.66,NUMERIC,CLEARED,
2026-09-15 19:08:52,LT-101,NORMAL,LOW,55.8,NUMERIC,CLEARED,
2026-09-15 19:11:55,LT-101,NORMAL,LOW,40.28,NUMERIC,CLEARED,
2026-09-15 19:15:46,TT-101,NORMAL,LOW,48.53,NUMERIC,CLEARED,
2026-09-15 19:29:21,FT-101,NORMAL,LOW,29.99,NUMERIC,CLEARED,
2026-09-15 19:37:18,FT-101,NORMAL,LOW,37.24,NUMERIC,CLEARED,
2026-09-15 19:42:41,TT-101,NORMAL,LOW,67.35,NUMERIC,CLEARED,
2026-09-15 19:53:10,FT-101,NORMAL,LOW,25.05,NUMERIC,CLEARED,
2026-09-15 19:56:38,V-101,NORMAL,LOW,39.63,NUMERIC,CLEARED,
2026-09-15 20:03:49,FT-101,NORMAL,LOW,21.74,NUMERIC,CLEARED,
2026-09-15 20:10:10,FT-101,LOW_FLOW,MEDIUM,7.06,NUMERIC,ACKNOWLEDGED,
2026-09-15 20:10:39,FT-101,NORMAL,LOW,36.5,NUMERIC,CLEARED,
2026-09-15 20:35:28,LT-101,NORMAL,LOW,59.9,NUMERIC,CLEARED,
2026-09-15 20:45:21,LT-101,NORMAL,LOW,67.67,NUMERIC,CLEARED,
2026-09-15 20:47:11,TT-101,HIGH_TEMPERATURE,HIGH,101.71,NUMERIC,ACTIVE,
2026-09-15 20:54:34,LT-101,NORMAL,LOW,44.34,NUMERIC,CLEARED,
2026-09-15 20:55:22,FT-101,NORMAL,LOW,31.45,NUMERIC,CLEARED,
2026-09-15 21:05:36,TT-101,NORMAL,LOW,64.83,NUMERIC,CLEARED,
2026-09-15 21:09:48,PT-101,NORMAL,LOW,6.08,NUMERIC,CLEARED,
2026-09-15 21:14:14,TT-101,NORMAL,LOW,45.23,NUMERIC,CLEARED,
2026-09-15 21:15:25,V-101,NORMAL,LOW,23.88,NUMERIC,CLEARED,
2026-09-15 21:30:34,PT-101,NORMAL,LOW,,NULL,CLEARED,MISSING_VALUE
2026-09-15 21:34:57,LT-101,NORMAL,LOW,44.73,NUMERIC,CLEARED,
2026-09-15 21:38:26,PT-101,NORMAL,LOW,4.91,NUMERIC,CLEARED,
2026-09-15 21:54:51,TT-101,NORMAL,LOW,51.95,NUMERIC,CLEARED,
2026-09-15 22:01:04,PT-101,NORMAL,LOW,4.49,NUMERIC,CLEARED,
2026-09-15 22:02:39,TT-101,NORMAL,LOW,46.77,NUMERIC,CLEARED,
2026-09-15 22:15:34,FT-101,NORMAL,LOW,33.34,NUMERIC,CLEARED,
2026-09-15 22:20:07,LT-101,LOW_LEVEL,HIGH,16.08,NUMERIC,CLEARED,
2026-09-15 22:20:18,M-101,HIGH_CURRENT,HIGH,57.83,NUMERIC,CLEARED,
2026-09-15 22:21:26,LT-101,NORMAL,LOW,48.41,NUMERIC,CLEARED,
2026-09-15 22:23:13,LT-101,NORMAL,LOW,68.98,NUMERIC,CLEARED,
2026-09-15 22:33:19,LT-101,NORMAL,LOW,52.41,NUMERIC,CLEARED,
2026-09-15 22:56:30,V-101,NORMAL,LOW,55.1,NUMERIC,CLEARED,
2026-09-15 23:02:36,PT-101,NORMAL,LOW,5.39,NUMERIC,CLEARED,
2026-09-15 23:04:07,M-101,HIGH_CURRENT,HIGH,45.38,NUMERIC,CLEARED,
2026-09-15 23:09:27,TT-101,NORMAL,LOW,45.16,NUMERIC,CLEARED,
2026-09-15 23:10:25,TT-101,NORMAL,LOW,68.47,NUMERIC,CLEARED,
2026-09-15 23:20:27,LT-101,NORMAL,LOW,44.99,NUMERIC,CLEARED,
2026-09-15 23:24:25,TT-101,NORMAL,LOW,67.93,NUMERIC,CLEARED,
2026-09-15 23:28:24,P-101,COMMUNICATION_LOST,MEDIUM,,NULL,CLEARED,MISSING_VALUE
2026-09-15 23:32:35,FT-101,NORMAL,LOW,36.67,NUMERIC,CLEARED,
2026-09-15 23:37:54,V-101,NORMAL,LOW,14.74,NUMERIC,CLEARED,
2026-09-15 23:41:59,PT-101,NORMAL,LOW,5.95,NUMERIC,CLEARED,
2026-09-15 23:50:02,V-101,NORMAL,LOW,57.2,NUMERIC,CLEARED,
2026-09-15 23:51:43,FT-101,NORMAL,LOW,33.21,NUMERIC,CLEARED,
2026-09-15 23:53:39,LT-101,NORMAL,LOW,73.48,NUMERIC,CLEARED,
2026-09-15 23:54:04,PT-101,NORMAL,LOW,6.62,NUMERIC,CLEARED,
2026-09-16 00:02:46,PT-101,NORMAL,LOW,4.7,NUMERIC,CLEARED,
2026-09-16 00:03:52,TT-101,NORMAL,LOW,62.2,NUMERIC,CLEARED,
2026-09-16 00:06:12,PT-101,NORMAL,LOW,5.75,NUMERIC,CLEARED,
2026-09-16 00:09:03,LT-101,NORMAL,LOW,70.26,NUMERIC,CLEARED,
2026-09-16 00:35:05,LT-101,NORMAL,LOW,77.27,NUMERIC,CLEARED,
2026-09-16 00:48:06,PT-101,NORMAL,LOW,6.66,NUMERIC,CLEARED,
2026-09-16 00:50:50,LT-101,NORMAL,LOW,66.74,NUMERIC,CLEARED,
2026-09-16 00:52:33,V-101,NORMAL,LOW,,NULL,CLEARED,MISSING_VALUE
2026-09-16 01:09:17,M-101,NORMAL,LOW,12.61,NUMERIC,CLEARED,
2026-09-16 01:10:50,LT-101,NORMAL,LOW,44,NUMERIC,CLEARED,
2026-09-16 01:15:52,LT-101,NORMAL,LOW,41.68,NUMERIC,CLEARED,
2026-09-16 01:19:24,M-101,NORMAL,LOW,1.71,NUMERIC,CLEARED,
2026-09-16 01:31:08,LT-101,NORMAL,LOW,48.69,NUMERIC,CLEARED,
2026-09-16 01:46:08,TT-101,NORMAL,LOW,69.31,NUMERIC,CLEARED,
2026-09-16 01:48:21,LT-101,NORMAL,LOW,49.82,NUMERIC,CLEARED,
2026-09-16 01:54:16,LT-101,LOW_LEVEL,HIGH,18.23,NUMERIC,CLEARED,
2026-09-16 02:01:45,FT-101,HIGH_FLOW,HIGH,58.55,NUMERIC,ACTIVE,
2026-09-16 02:18:24,FT-101,NORMAL,LOW,30.82,NUMERIC,CLEARED,
2026-09-16 02:20:37,TT-101,NORMAL,LOW,71.34,NUMERIC,CLEARED,
2026-09-16 02:25:36,TT-101,NORMAL,LOW,68.75,NUMERIC,CLEARED,
2026-09-16 02:29:54,M-101,NORMAL,LOW,8.4,NUMERIC,CLEARED,
2026-09-16 02:33:40,PT-101,NORMAL,LOW,5.61,NUMERIC,CLEARED,
2026-09-16 02:46:13,PT-101,NORMAL,LOW,4.35,NUMERIC,CLEARED,
2026-09-16 02:47:35,LT-101,NORMAL,LOW,47.51,NUMERIC,CLEARED,
2026-09-16 03:02:18,TT-101,NORMAL,LOW,51.87,NUMERIC,CLEARED,
2026-09-16 03:03:31,FT-101,NORMAL,LOW,30.99,NUMERIC,CLEARED,
2026-09-16 03:11:31,FT-101,NORMAL,LOW,20.35,NUMERIC,CLEARED,
2026-09-16 03:12:03,M-101,NORMAL,LOW,8.21,NUMERIC,CLEARED,
2026-09-16 03:13:52,TT-101,NORMAL,LOW,46.95,NUMERIC,CLEARED,
2026-09-16 03:22:27,FT-101,HIGH_FLOW,HIGH,62.75,NUMERIC,CLEARED,
2026-09-16 03:22:41,PT-101,NORMAL,LOW,6.54,NUMERIC,CLEARED,
2026-09-16 03:27:23,LT-101,NORMAL,LOW,63.15,NUMERIC,CLEARED,
2026-09-16 03:29:41,V-101,NORMAL,LOW,26.32,NUMERIC,CLEARED,
2026-09-16 03:30:51,LT-101,NORMAL,LOW,64.02,NUMERIC,CLEARED,
2026-09-16 03:41:18,TT-101,NORMAL,LOW,61.79,NUMERIC,CLEARED,
2026-09-16 03:48:13,PT-101,NORMAL,LOW,5.41,NUMERIC,CLEARED,
2026-09-16 03:54:44,V-101,NORMAL,LOW,72.66,NUMERIC,CLEARED,
2026-09-16 04:00:26,FT-101,NORMAL,LOW,27.92,NUMERIC,CLEARED,
2026-09-16 04:07:55,M-101,NORMAL,LOW,31.86,NUMERIC,CLEARED,
2026-09-16 04:17:18,V-101,NORMAL,LOW,23.47,NUMERIC,CLEARED,
2026-09-16 04:21:53,P-102,PUMP_FAILURE,CRITICAL,STOPPED,STATE,ACTIVE,
2026-09-16 04:26:51,FT-101,NORMAL,LOW,35.73,NUMERIC,CLEARED,
2026-09-16 04:33:02,PT-101,NORMAL,LOW,5.87,NUMERIC,CLEARED,
2026-09-16 04:34:59,LT-101,NORMAL,LOW,65.58,NUMERIC,CLEARED,
2026-09-16 04:36:57,TT-101,NORMAL,LOW,63.77,NUMERIC,CLEARED,
2026-09-16 04:45:34,M-101,NORMAL,LOW,33.24,NUMERIC,CLEARED,
2026-09-16 04:47:40,V-101,NORMAL,LOW,60.9,NUMERIC,CLEARED,
2026-09-16 04:58:30,TT-101,HIGH_TEMPERATURE,HIGH,102.86,NUMERIC,ACTIVE,
2026-09-16 04:59:49,LT-101,NORMAL,LOW,41.33,NUMERIC,CLEARED,
2026-09-16 05:05:05,TT-101,NORMAL,LOW,48.71,NUMERIC,CLEARED,
2026-09-16 05:06:05,LT-101,NORMAL,LOW,59.78,NUMERIC,CLEARED,
2026-09-16 05:07:01,PT-101,NORMAL,LOW,6.82,NUMERIC,CLEARED,
2026-09-16 05:07:03,PT-101,NORMAL,LOW,6.05,NUMERIC,CLEARED,
2026-09-16 05:19:56,LT-101,NORMAL,LOW,63.36,NUMERIC,CLEARED,
2026-09-16 05:20:58,PT-101,NORMAL,LOW,5.49,NUMERIC,CLEARED,
2026-09-16 05:27:38,TT-101,NORMAL,LOW,58.04,NUMERIC,CLEARED,
2026-09-16 05:27:42,PT-101,LOW_PRESSURE,MEDIUM,1.4,NUMERIC,ACTIVE,
2026-09-16 05:35:41,FT-101,NORMAL,LOW,31.04,NUMERIC,CLEARED,
2026-09-16 05:46:26,LT-101,NORMAL,LOW,68.18,NUMERIC,CLEARED,
2026-09-16 05:55:21,V-101,NORMAL,LOW,21.4,NUMERIC,CLEARED,
2026-09-16 05:56:16,FT-101,NORMAL,LOW,31.88,NUMERIC,CLEARED,
2026-09-16 05:56:36,M-101,NORMAL,LOW,22.53,NUMERIC,CLEARED,
2026-09-16 06:01:57,P-102,PUMP_FAILURE,CRITICAL,STOPPED,STATE,ACKNOWLEDGED,
2026-09-16 06:19:27,PT-101,NORMAL,LOW,6.56,NUMERIC,CLEARED,
2026-09-16 06:20:30,TT-101,NORMAL,LOW,45.7,NUMERIC,CLEARED,
2026-09-16 06:21:51,LT-101,NORMAL,LOW,54.88,NUMERIC,CLEARED,
2026-09-16 06:30:44,FT-101,HIGH_FLOW,HIGH,57.4,NUMERIC,ACTIVE,
2026-09-16 06:30:45,FT-101,NORMAL,LOW,20.91,NUMERIC,CLEARED,
2026-09-16 06:37:34,LT-101,NORMAL,LOW,62.69,NUMERIC,CLEARED,
2026-09-16 06:41:33,PT-101,NORMAL,LOW,4.73,NUMERIC,CLEARED,
2026-09-16 06:51:46,PT-101,NORMAL,LOW,4.15,NUMERIC,CLEARED,
2026-09-16 07:00:43,M-101,NORMAL,LOW,9.13,NUMERIC,CLEARED,
2026-09-16 07:12:38,V-101,NORMAL,LOW,23.09,NUMERIC,CLEARED,
2026-09-16 07:21:18,PT-101,NORMAL,LOW,4.89,NUMERIC,CLEARED,
2026-09-16 07:28:24,FT-101,NORMAL,LOW,38.05,NUMERIC,CLEARED,
2026-09-16 07:31:25,PT-101,NORMAL,LOW,4.52,NUMERIC,CLEARED,
2026-09-16 07:31:36,V-101,NORMAL,LOW,65.9,NUMERIC,CLEARED,
2026-09-16 07:35:14,LT-101,NORMAL,LOW,62.6,NUMERIC,CLEARED,
2026-09-16 07:45:35,FT-101,NORMAL,LOW,20.14,NUMERIC,CLEARED,
2026-09-16 07:51:10,M-101,NORMAL,LOW,8.05,NUMERIC,CLEARED,
2026-09-16 07:58:10,LT-101,NORMAL,LOW,42.1,NUMERIC,CLEARED,
2026-09-16 08:03:07,LT-101,NORMAL,LOW,66.18,NUMERIC,CLEARED,
2026-09-16 08:16:40,TT-101,NORMAL,LOW,63.93,NUMERIC,CLEARED,
2026-09-16 08:19:34,V-101,NORMAL,LOW,78.56,NUMERIC,CLEARED,
2026-09-16 08:19:42,M-101,NORMAL,LOW,33.98,NUMERIC,CLEARED,
2026-09-16 08:34:17,TT-101,NORMAL,LOW,65.55,NUMERIC,CLEARED,
2026-09-16 08:35:30,FT-101,NORMAL,LOW,25.49,NUMERIC,CLEARED,
2026-09-16 08:44:46,PT-101,NORMAL,LOW,5.37,NUMERIC,CLEARED,
2026-09-16 08:56:33,TT-101,NORMAL,LOW,66.23,NUMERIC,CLEARED,
2026-09-16 09:01:22,M-101,NORMAL,LOW,10.53,NUMERIC,CLEARED,
2026-09-16 09:05:11,PT-101,NORMAL,LOW,5.37,NUMERIC,CLEARED,
2026-09-16 09:09:39,LT-101,NORMAL,LOW,41.99,NUMERIC,CLEARED,
2026-09-16 09:11:23,LT-101,NORMAL,LOW,49.13,NUMERIC,CLEARED,
2026-09-16 09:31:03,PT-101,NORMAL,LOW,4.75,NUMERIC,CLEARED,
2026-09-16 09:32:03,LT-101,NORMAL,LOW,57.65,NUMERIC,CLEARED,
2026-09-16 09:33:21,LT-101,NORMAL,LOW,66.63,NUMERIC,CLEARED,
2026-09-16 09:49:49,TT-101,NORMAL,LOW,65.75,NUMERIC,CLEARED,
2026-09-16 09:50:08,PT-101,LOW_PRESSURE,MEDIUM,1.63,NUMERIC,ACTIVE,
2026-09-16 09:59:53,TT-101,NORMAL,LOW,61.04,NUMERIC,CLEARED,
2026-09-16 10:09:30,LT-101,NORMAL,LOW,45.74,NUMERIC,CLEARED,
2026-09-16 10:14:05,PT-101,NORMAL,LOW,6.65,NUMERIC,CLEARED,
2026-09-16 10:19:57,PT-101,NORMAL,LOW,5.07,NUMERIC,CLEARED,
2026-09-16 10:26:13,TT-101,NORMAL,LOW,68.17,NUMERIC,CLEARED,
2026-09-16 10:27:30,M-101,NORMAL,LOW,11.62,NUMERIC,CLEARED,
2026-09-16 10:29:11,LT-101,NORMAL,LOW,63.35,NUMERIC,CLEARED,
2026-09-16 10:33:48,FT-101,NORMAL,LOW,34.33,NUMERIC,CLEARED,
2026-09-16 10:49:04,PT-101,NORMAL,LOW,4.32,NUMERIC,CLEARED,
2026-09-16 10:49:23,PT-101,HIGH_PRESSURE,CRITICAL,9.19,NUMERIC,CLEARED,
2026-09-16 10:50:12,PT-101,NORMAL,LOW,6.53,NUMERIC,CLEARED,
2026-09-16 10:50:19,TT-101,NORMAL,LOW,55.67,NUMERIC,CLEARED,
2026-09-16 10:51:03,V-101,NORMAL,LOW,50.48,NUMERIC,CLEARED,
2026-09-16 10:52:08,FT-101,NORMAL,LOW,28.33,NUMERIC,CLEARED,
2026-09-16 10:53:32,FT-101,NORMAL,LOW,23.56,NUMERIC,CLEARED,
2026-09-16 11:02:53,V-101,NORMAL,LOW,75.82,NUMERIC,CLEARED,
2026-09-16 11:05:12,PT-101,NORMAL,LOW,4.73,NUMERIC,CLEARED,
2026-09-16 11:14:51,V-101,NORMAL,LOW,20.33,NUMERIC,CLEARED,
2026-09-16 11:21:09,M-101,NORMAL,LOW,27.5,NUMERIC,CLEARED,
2026-09-16 11:22:08,FT-101,NORMAL,LOW,33.02,NUMERIC,CLEARED,
2026-09-16 11:27:25,FT-101,NORMAL,LOW,34.62,NUMERIC,CLEARED,
2026-09-16 11:36:57,TT-101,NORMAL,LOW,70.05,NUMERIC,CLEARED,
2026-09-16 11:39:35,FT-101,NORMAL,LOW,37.53,NUMERIC,CLEARED,
2026-09-16 11:46:58,PT-101,NORMAL,LOW,4.42,NUMERIC,CLEARED,
2026-09-16 11:47:49,LT-101,NORMAL,LOW,62.47,NUMERIC,CLEARED,
2026-09-16 11:50:51,TT-101,NORMAL,LOW,62.65,NUMERIC,CLEARED,
2026-09-16 11:52:28,TT-101,NORMAL,LOW,46.16,NUMERIC,CLEARED,
2026-09-16 11:56:26,PT-101,NORMAL,LOW,5.14,NUMERIC,CLEARED,
2026-09-16 11:57:17,TT-101,NORMAL,LOW,46.8,NUMERIC,CLEARED,
2026-09-16 12:01:47,M-101,NORMAL,LOW,13.48,NUMERIC,CLEARED,
2026-09-16 12:02:24,V-101,NORMAL,LOW,55.3,NUMERIC,CLEARED,
2026-09-16 12:09:40,M-101,NORMAL,LOW,10.32,NUMERIC,CLEARED,
2026-09-16 12:13:48,PT-101,NORMAL,LOW,5.38,NUMERIC,CLEARED,
2026-09-16 12:14:16,LT-101,NORMAL,LOW,67.87,NUMERIC,CLEARED,
2026-09-16 12:15:47,LT-101,NORMAL,LOW,41.49,NUMERIC,CLEARED,
2026-09-16 12:20:48,V-101,NORMAL,LOW,8.78,NUMERIC,CLEARED,
2026-09-16 12:22:23,FT-101,NORMAL,LOW,35.12,NUMERIC,CLEARED,
2026-09-16 12:23:43,TT-101,NORMAL,LOW,68.7,NUMERIC,CLEARED,
2026-09-16 12:34:06,TT-101,NORMAL,LOW,71.92,NUMERIC,CLEARED,
2026-09-16 12:41:17,PT-101,NORMAL,LOW,5.07,NUMERIC,CLEARED,
2026-09-16 12:41:56,TT-101,NORMAL,LOW,55.93,NUMERIC,CLEARED,
2026-09-16 12:46:52,TT-101,NORMAL,LOW,58.34,NUMERIC,CLEARED,
2026-09-16 12:51:24,LT-101,NORMAL,LOW,53.61,NUMERIC,CLEARED,
2026-09-16 12:52:17,TT-101,NORMAL,LOW,67.78,NUMERIC,CLEARED,
2026-09-16 12:58:54,LT-101,NORMAL,LOW,73.77,NUMERIC,CLEARED,
2026-09-16 12:59:04,PT-101,NORMAL,LOW,4.04,NUMERIC,CLEARED,
2026-09-16 13:01:03,PT-101,NORMAL,LOW,5.41,NUMERIC,CLEARED,
2026-09-16 13:04:51,PT-101,NORMAL,LOW,5.37,NUMERIC,CLEARED,
2026-09-16 13:05:25,V-101,NORMAL,LOW,51.91,NUMERIC,CLEARED,
2026-09-16 13:22:22,TT-101,NORMAL,LOW,63.74,NUMERIC,CLEARED,
2026-09-16 13:22:47,TT-101,NORMAL,LOW,60.59,NUMERIC,CLEARED,
2026-09-16 13:50:09,M-101,NORMAL,LOW,10.5,NUMERIC,CLEARED,
2026-09-16 14:01:09,M-101,NORMAL,LOW,9.76,NUMERIC,CLEARED,
2026-09-16 14:09:38,M-101,NORMAL,LOW,14.19,NUMERIC,CLEARED,
2026-09-16 14:11:51,V-101,NORMAL,LOW,40.23,NUMERIC,CLEARED,
2026-09-16 14:23:01,TT-101,NORMAL,LOW,63.85,NUMERIC,CLEARED,
2026-09-16 14:27:17,LT-101,NORMAL,LOW,63,NUMERIC,CLEARED,
2026-09-16 14:35:29,PT-101,NORMAL,LOW,5.47,NUMERIC,CLEARED,
2026-09-16 14:44:14,V-101,NORMAL,LOW,0.05,NUMERIC,CLEARED,
2026-09-16 14:45:18,V-101,NORMAL,LOW,14.84,NUMERIC,CLEARED,
2026-09-16 14:48:39,TT-101,NORMAL,LOW,63.93,NUMERIC,CLEARED,
2026-09-16 14:55:28,V-101,NORMAL,LOW,21.03,NUMERIC,CLEARED,
2026-09-16 14:57:44,PT-101,NORMAL,LOW,4.38,NUMERIC,CLEARED,
2026-09-16 14:58:45,PT-101,NORMAL,LOW,4.11,NUMERIC,CLEARED,
2026-09-16 15:13:26,PT-101,NORMAL,LOW,5.56,NUMERIC,CLEARED,
2026-09-16 15:16:11,LT-101,NORMAL,LOW,49.99,NUMERIC,CLEARED,
2026-09-16 15:28:14,PT-101,NORMAL,LOW,4.71,NUMERIC,CLEARED,
2026-09-16 15:30:17,FT-101,NORMAL,LOW,33.68,NUMERIC,CLEARED,
2026-09-16 15:31:54,PT-101,NORMAL,LOW,6.67,NUMERIC,CLEARED,
2026-09-16 15:45:45,PT-101,NORMAL,LOW,4.85,NUMERIC,CLEARED,
2026-09-16 15:52:17,M-101,NORMAL,LOW,15.3,NUMERIC,CLEARED,
2026-09-16 15:52:23,PT-101,NORMAL,LOW,4.18,NUMERIC,CLEARED,
2026-09-16 15:54:58,PT-101,NORMAL,LOW,4.3,NUMERIC,CLEARED,
2026-09-16 15:59:06,M-101,NORMAL,LOW,24.34,NUMERIC,CLEARED,
2026-09-16 15:59:20,M-101,NORMAL,LOW,13.02,NUMERIC,CLEARED,
2026-09-16 16:06:52,PT-101,NORMAL,LOW,6.31,NUMERIC,CLEARED,
2026-09-16 16:10:25,PT-101,NORMAL,LOW,5.41,NUMERIC,CLEARED,
2026-09-16 16:13:11,FT-101,NORMAL,LOW,34.92,NUMERIC,CLEARED,
2026-09-16 16:18:42,FT-101,NORMAL,LOW,29.34,NUMERIC,CLEARED,
2026-09-16 16:22:16,FT-101,NORMAL,LOW,35.88,NUMERIC,CLEARED,
2026-09-16 16:23:45,TT-101,NORMAL,LOW,73.84,NUMERIC,CLEARED,
2026-09-16 16:29:02,M-101,NORMAL,LOW,5.12,NUMERIC,CLEARED,
2026-09-16 16:35:27,V-101,NORMAL,LOW,42.85,NUMERIC,CLEARED,
2026-09-16 16:42:23,FT-101,NORMAL,LOW,39.18,NUMERIC,CLEARED,
2026-09-16 16:42:27,LT-101,NORMAL,LOW,67.39,NUMERIC,CLEARED,
2026-09-16 16:45:02,PT-101,NORMAL,LOW,4.32,NUMERIC,CLEARED,
2026-09-16 16:47:35,V-101,NORMAL,LOW,42.7,NUMERIC,CLEARED,
2026-09-16 17:00:29,PT-101,NORMAL,LOW,6.41,NUMERIC,CLEARED,
2026-09-16 17:27:35,PT-101,NORMAL,LOW,5.84,NUMERIC,CLEARED,
2026-09-16 17:34:12,V-101,NORMAL,LOW,3.99,NUMERIC,CLEARED,
2026-09-16 17:34:28,V-101,NORMAL,LOW,9.02,NUMERIC,CLEARED,
2026-09-16 17:41:57,PT-101,HIGH_PRESSURE,CRITICAL,9.85,NUMERIC,ACTIVE,
2026-09-16 17:49:00,V-101,NORMAL,LOW,21.96,NUMERIC,CLEARED,
2026-09-16 17:56:00,PT-101,NORMAL,LOW,5.11,NUMERIC,CLEARED,
2026-09-16 18:01:13,FT-101,LOW_FLOW,MEDIUM,9.11,NUMERIC,ACKNOWLEDGED,
2026-09-16 18:04:21,TT-101,HIGH_TEMPERATURE,HIGH,103.66,NUMERIC,ACTIVE,
2026-09-16 18:07:07,FT-101,NORMAL,LOW,35.63,NUMERIC,CLEARED,
2026-09-16 18:07:51,LT-101,NORMAL,LOW,77.48,NUMERIC,CLEARED,
2026-09-16 18:12:13,LT-101,NORMAL,LOW,69.93,NUMERIC,CLEARED,
2026-09-16 18:17:37,PT-101,NORMAL,LOW,6.2,NUMERIC,CLEARED,
2026-09-16 18:22:26,PT-101,NORMAL,LOW,6,NUMERIC,CLEARED,
2026-09-16 18:22:56,FT-101,NORMAL,LOW,28.1,NUMERIC,CLEARED,
2026-09-16 18:31:10,PT-101,NORMAL,LOW,6.21,NUMERIC,CLEARED,
2026-09-16 18:31:51,LT-101,HIGH_LEVEL,CRITICAL,98.6,NUMERIC,ACKNOWLEDGED,
2026-09-16 18:40:33,FT-101,NORMAL,LOW,38.91,NUMERIC,CLEARED,
2026-09-16 18:45:51,PT-101,NORMAL,LOW,5.06,NUMERIC,CLEARED,
2026-09-16 18:48:29,FT-101,NORMAL,LOW,24.25,NUMERIC,CLEARED,
2026-09-16 18:51:08,PT-101,NORMAL,LOW,4.08,NUMERIC,CLEARED,
2026-09-16 18:53:13,LT-101,NORMAL,LOW,54.27,NUMERIC,CLEARED,
2026-09-16 18:54:15,PT-101,NORMAL,LOW,5.35,NUMERIC,CLEARED,
2026-09-16 18:54:16,LT-101,NORMAL,LOW,59.55,NUMERIC,CLEARED,
2026-09-16 19:17:43,TT-101,NORMAL,LOW,69,NUMERIC,CLEARED,
2026-09-16 19:19:49,FT-101,NORMAL,LOW,35.42,NUMERIC,CLEARED,
2026-09-16 19:21:32,FT-101,NORMAL,LOW,34.1,NUMERIC,CLEARED,
2026-09-16 19:27:02,PT-101,NORMAL,LOW,6.37,NUMERIC,CLEARED,
2026-09-16 19:27:47,LT-101,NORMAL,LOW,50.36,NUMERIC,CLEARED,
2026-09-16 19:34:32,PT-101,NORMAL,LOW,,NULL,CLEARED,MISSING_VALUE
2026-09-16 19:37:13,V-101,VALVE_FAILURE,HIGH,32.24,NUMERIC,CLEARED,
2026-09-16 19:54:27,TT-101,NORMAL,LOW,69.24,NUMERIC,CLEARED,
2026-09-16 19:55:58,PT-101,NORMAL,LOW,5.14,NUMERIC,CLEARED,
2026-09-16 20:09:59,PT-101,NORMAL,LOW,4.73,NUMERIC,CLEARED,
2026-09-16 20:15:22,P-101,PUMP_FAILURE,CRITICAL,STOPPED,STATE,ACTIVE,
2026-09-16 20:27:07,PT-101,NORMAL,LOW,5.04,NUMERIC,CLEARED,
2026-09-16 20:31:43,FT-101,NORMAL,LOW,27.91,NUMERIC,CLEARED,
2026-09-16 20:32:20,LT-101,NORMAL,LOW,63.38,NUMERIC,CLEARED,
2026-09-16 20:33:36,V-101,NORMAL,LOW,63.18,NUMERIC,CLEARED,
2026-09-16 20:40:06,M-101,NORMAL,LOW,30.26,NUMERIC,CLEARED,
2026-09-16 20:46:57,FT-101,NORMAL,LOW,23.31,NUMERIC,CLEARED,
2026-09-16 20:55:52,LT-101,NORMAL,LOW,64.18,NUMERIC,CLEARED,
2026-09-16 21:01:30,FT-101,HIGH_FLOW,HIGH,60.58,NUMERIC,ACTIVE,
2026-09-16 21:08:56,FT-101,NORMAL,LOW,23.18,NUMERIC,CLEARED,
2026-09-16 21:18:36,TT-101,NORMAL,LOW,67.76,NUMERIC,CLEARED,
2026-09-16 21:22:34,PT-101,NORMAL,LOW,4.93,NUMERIC,CLEARED,
2026-09-16 21:29:32,PT-101,NORMAL,LOW,4.64,NUMERIC,CLEARED,
2026-09-16 21:47:18,TT-101,NORMAL,LOW,74.32,NUMERIC,CLEARED,
2026-09-16 21:52:56,LT-101,NORMAL,LOW,77.1,NUMERIC,CLEARED,
2026-09-16 22:07:19,V-101,NORMAL,LOW,57.22,NUMERIC,CLEARED,
2026-09-16 22:09:17,LT-101,NORMAL,LOW,68.52,NUMERIC,CLEARED,
2026-09-16 22:22:24,M-101,NORMAL,LOW,15.89,NUMERIC,CLEARED,
2026-09-16 22:26:57,V-101,NORMAL,LOW,96,NUMERIC,CLEARED,
2026-09-16 22:42:11,M-101,NORMAL,LOW,33.5,NUMERIC,CLEARED,
2026-09-16 22:48:03,V-101,NORMAL,LOW,33.76,NUMERIC,CLEARED,
2026-09-16 22:48:14,PT-101,NORMAL,LOW,6.79,NUMERIC,CLEARED,
2026-09-16 22:52:36,TT-101,NORMAL,LOW,64.78,NUMERIC,CLEARED,
2026-09-16 22:57:05,P-101,COMMUNICATION_LOST,MEDIUM,,NULL,ACTIVE,MISSING_VALUE
2026-09-16 22:59:35,TT-101,NORMAL,LOW,52.17,NUMERIC,CLEARED,
2026-09-16 23:15:21,PT-101,NORMAL,LOW,4.13,NUMERIC,CLEARED,
2026-09-16 23:27:37,M-101,NORMAL,LOW,9.02,NUMERIC,CLEARED,
2026-09-16 23:37:42,FT-101,NORMAL,LOW,20.33,NUMERIC,CLEARED,
2026-09-16 23:43:45,FT-101,NORMAL,LOW,28.14,NUMERIC,CLEARED,
2026-09-16 23:48:19,TT-101,NORMAL,LOW,70.83,NUMERIC,CLEARED,
2026-09-16 23:53:02,FT-101,NORMAL,LOW,24.36,NUMERIC,CLEARED,
2026-09-16 23:54:17,M-101,NORMAL,LOW,29.09,NUMERIC,CLEARED,
2026-09-16 23:56:38,M-101,NORMAL,LOW,21.71,NUMERIC,CLEARED,
2026-09-17 00:10:10,LT-101,NORMAL,LOW,57.55,NUMERIC,CLEARED,
2026-09-17 00:25:48,LT-101,NORMAL,LOW,48.91,NUMERIC,CLEARED,
2026-09-17 00:32:12,FT-101,NORMAL,LOW,36.98,NUMERIC,CLEARED,
2026-09-17 00:34:54,PT-101,NORMAL,LOW,4.65,NUMERIC,CLEARED,
2026-09-17 00:57:09,TT-101,NORMAL,LOW,52.44,NUMERIC,CLEARED,
2026-09-17 00:58:24,PT-101,NORMAL,LOW,4.21,NUMERIC,CLEARED,
2026-09-17 00:59:45,TT-101,NORMAL,LOW,67.23,NUMERIC,CLEARED,
2026-09-17 01:00:56,PT-101,NORMAL,LOW,4.83,NUMERIC,CLEARED,
2026-09-17 01:05:56,PT-101,NORMAL,LOW,6.02,NUMERIC,CLEARED,
2026-09-17 01:10:36,TT-101,NORMAL,LOW,71.68,NUMERIC,CLEARED,
2026-09-17 01:10:52,PT-101,NORMAL,LOW,6.44,NUMERIC,CLEARED,
2026-09-17 01:26:17,PT-101,NORMAL,LOW,5.05,NUMERIC,CLEARED,
2026-09-17 01:30:17,LT-101,NORMAL,LOW,56.59,NUMERIC,CLEARED,
2026-09-17 01:31:09,PT-101,NORMAL,LOW,5.15,NUMERIC,CLEARED,
2026-09-17 01:32:49,FT-101,NORMAL,LOW,38.58,NUMERIC,CLEARED,
2026-09-17 01:39:35,LT-101,NORMAL,LOW,67.77,NUMERIC,CLEARED,
2026-09-17 01:50:21,FT-101,NORMAL,LOW,29.92,NUMERIC,CLEARED,
2026-09-17 01:52:15,PT-101,HIGH_PRESSURE,CRITICAL,8.91,NUMERIC,CLEARED,
2026-09-17 01:53:59,V-101,VALVE_FAILURE,HIGH,25.72,NUMERIC,ACTIVE,
2026-09-17 01:55:02,TT-101,NORMAL,LOW,48.31,NUMERIC,CLEARED,
2026-09-17 01:56:41,PT-101,NORMAL,LOW,5.81,NUMERIC,CLEARED,
2026-09-17 01:57:28,TT-101,NORMAL,LOW,70.41,NUMERIC,CLEARED,
2026-09-17 01:58:53,TT-101,NORMAL,LOW,45.08,NUMERIC,CLEARED,
2026-09-17 02:04:57,TT-101,NORMAL,LOW,74.93,NUMERIC,CLEARED,
2026-09-17 02:14:35,TT-101,NORMAL,LOW,73.58,NUMERIC,CLEARED,
2026-09-17 02:17:01,PT-101,NORMAL,LOW,6.72,NUMERIC,CLEARED,
2026-09-17 02:20:17,FT-101,NORMAL,LOW,39.34,NUMERIC,CLEARED,
2026-09-17 02:20:24,LT-101,NORMAL,LOW,51.64,NUMERIC,CLEARED,
2026-09-17 02:34:39,M-101,NORMAL,LOW,2.71,NUMERIC,CLEARED,
2026-09-17 02:38:54,PT-101,NORMAL,LOW,5.04,NUMERIC,CLEARED,
2026-09-17 02:49:39,LT-101,NORMAL,LOW,53.09,NUMERIC,CLEARED,
2026-09-17 02:54:36,FT-101,NORMAL,LOW,22.01,NUMERIC,CLEARED,
2026-09-17 02:56:26,M-101,NORMAL,LOW,6.13,NUMERIC,CLEARED,
2026-09-17 03:09:00,V-101,VALVE_FAILURE,HIGH,28.43,NUMERIC,ACTIVE,
2026-09-17 03:19:55,V-101,NORMAL,LOW,99.16,NUMERIC,CLEARED,
2026-09-17 03:25:35,PT-101,NORMAL,LOW,4.94,NUMERIC,CLEARED,
2026-09-17 03:32:29,V-101,NORMAL,LOW,8.08,NUMERIC,CLEARED,
2026-09-17 03:37:00,FT-101,NORMAL,LOW,33.92,NUMERIC,CLEARED,
2026-09-17 03:38:26,LT-101,NORMAL,LOW,40.46,NUMERIC,CLEARED,
2026-09-17 03:39:23,LT-101,LOW_LEVEL,HIGH,15.77,NUMERIC,ACTIVE,
2026-09-17 03:42:02,TT-101,NORMAL,LOW,63.71,NUMERIC,CLEARED,
2026-09-17 03:43:19,FT-101,NORMAL,LOW,23.47,NUMERIC,CLEARED,
2026-09-17 03:44:29,FT-101,NORMAL,LOW,35.91,NUMERIC,CLEARED,
2026-09-17 03:47:03,TT-101,NORMAL,LOW,62.91,NUMERIC,CLEARED,
2026-09-17 03:47:43,LT-101,NORMAL,LOW,40.89,NUMERIC,CLEARED,
2026-09-17 03:54:52,PT-101,NORMAL,LOW,4.77,NUMERIC,CLEARED,
2026-09-17 04:02:13,TT-101,NORMAL,LOW,56.3,NUMERIC,CLEARED,
2026-09-17 04:04:50,FT-101,NORMAL,LOW,39.7,NUMERIC,CLEARED,
2026-09-17 04:08:40,M-101,NORMAL,LOW,4.55,NUMERIC,CLEARED,
2026-09-17 04:14:45,TT-101,NORMAL,LOW,59.43,NUMERIC,CLEARED,
2026-09-17 04:16:31,PT-101,NORMAL,LOW,4.62,NUMERIC,CLEARED,
2026-09-17 04:17:01,PT-101,LOW_PRESSURE,MEDIUM,2.21,NUMERIC,ACTIVE,
2026-09-17 04:18:31,LT-101,NORMAL,LOW,71.22,NUMERIC,CLEARED,
2026-09-17 04:35:35,PT-101,NORMAL,LOW,6.88,NUMERIC,CLEARED,
2026-09-17 04:36:01,LT-101,NORMAL,LOW,49.74,NUMERIC,CLEARED,
2026-09-17 04:37:44,FT-101,NORMAL,LOW,26.45,NUMERIC,CLEARED,
2026-09-17 04:49:03,TT-101,HIGH_TEMPERATURE,HIGH,90.71,NUMERIC,ACTIVE,
2026-09-17 04:49:24,PT-101,NORMAL,LOW,5.96,NUMERIC,CLEARED,
2026-09-17 04:50:05,M-101,NORMAL,LOW,21.09,NUMERIC,CLEARED,
2026-09-17 04:51:42,FT-101,NORMAL,LOW,33.08,NUMERIC,CLEARED,
2026-09-17 04:53:19,PT-101,NORMAL,LOW,6.94,NUMERIC,CLEARED,
2026-09-17 04:53:46,P-102,COMMUNICATION_LOST,MEDIUM,,NULL,ACTIVE,MISSING_VALUE
2026-09-17 04:55:15,PT-101,NORMAL,LOW,6.04,NUMERIC,CLEARED,
2026-09-17 04:56:06,M-101,NORMAL,LOW,4.5,NUMERIC,CLEARED,
2026-09-17 04:58:44,TT-101,NORMAL,LOW,66.13,NUMERIC,CLEARED,
2026-09-17 05:05:49,M-101,NORMAL,LOW,31.66,NUMERIC,CLEARED,
2026-09-17 05:24:25,TT-101,NORMAL,LOW,69.22,NUMERIC,CLEARED,
2026-09-17 05:30:07,TT-101,NORMAL,LOW,47.58,NUMERIC,CLEARED,
2026-09-17 05:31:12,FT-101,NORMAL,LOW,31.67,NUMERIC,CLEARED,
2026-09-17 05:31:18,LT-101,NORMAL,LOW,72.66,NUMERIC,CLEARED,
2026-09-17 05:41:03,V-101,COMMUNICATION_LOST,MEDIUM,,NULL,ACTIVE,MISSING_VALUE
2026-09-17 05:55:37,LT-101,NORMAL,LOW,43.53,NUMERIC,CLEARED,
2026-09-17 05:58:05,V-101,NORMAL,LOW,42.14,NUMERIC,CLEARED,
2026-09-17 05:59:03,PT-101,NORMAL,LOW,5.94,NUMERIC,CLEARED,
2026-09-17 06:02:22,PT-101,NORMAL,LOW,6.69,NUMERIC,CLEARED,
2026-09-17 06:07:04,PT-101,NORMAL,LOW,4.2,NUMERIC,CLEARED,
2026-09-17 06:07:04,LT-101,NORMAL,LOW,72.57,NUMERIC,CLEARED,
2026-09-17 06:11:11,LT-101,NORMAL,LOW,68.39,NUMERIC,CLEARED,
2026-09-17 06:14:38,LT-101,NORMAL,LOW,49.24,NUMERIC,CLEARED,
2026-09-17 06:19:24,FT-101,NORMAL,LOW,20.19,NUMERIC,CLEARED,
2026-09-17 06:21:08,LT-101,NORMAL,LOW,44.29,NUMERIC,CLEARED,
2026-09-17 06:26:50,LT-101,HIGH_LEVEL,CRITICAL,93.28,NUMERIC,CLEARED,
2026-09-17 06:27:47,M-101,NORMAL,LOW,11.73,NUMERIC,CLEARED,
2026-09-17 06:48:19,PT-101,NORMAL,LOW,6.2,NUMERIC,CLEARED,
2026-09-17 06:51:10,LT-101,NORMAL,LOW,71.15,NUMERIC,CLEARED,
2026-09-17 06:59:13,FT-101,LOW_FLOW,MEDIUM,,NULL,ACTIVE,MISSING_VALUE
2026-09-17 07:05:57,FT-101,NORMAL,LOW,30.99,NUMERIC,CLEARED,
2026-09-17 07:12:26,TT-101,NORMAL,LOW,60.86,NUMERIC,CLEARED,
2026-09-17 07:13:49,TT-101,NORMAL,LOW,51.43,NUMERIC,CLEARED,
2026-09-17 07:15:58,PT-101,NORMAL,LOW,5.28,NUMERIC,CLEARED,
2026-09-17 07:20:30,TT-101,NORMAL,LOW,53.09,NUMERIC,CLEARED,
2026-09-17 07:27:51,PT-101,NORMAL,LOW,6.72,NUMERIC,CLEARED,
2026-09-17 07:40:48,FT-101,NORMAL,LOW,25.6,NUMERIC,CLEARED,
2026-09-17 07:42:54,TT-101,NORMAL,LOW,55.67,NUMERIC,CLEARED,
2026-09-17 07:43:21,M-101,NORMAL,LOW,26.41,NUMERIC,CLEARED,
2026-09-17 07:46:33,TT-101,NORMAL,LOW,59.06,NUMERIC,CLEARED,
2026-09-17 07:48:04,PT-101,NORMAL,LOW,5.48,NUMERIC,CLEARED,
2026-09-17 07:51:17,TT-101,NORMAL,LOW,69.84,NUMERIC,CLEARED,
2026-09-17 08:07:12,FT-101,HIGH_FLOW,HIGH,51.29,NUMERIC,CLEARED,
2026-09-17 08:09:39,PT-101,NORMAL,LOW,6.87,NUMERIC,CLEARED,
2026-09-17 08:21:32,FT-101,NORMAL,LOW,30.53,NUMERIC,CLEARED,
2026-09-17 08:22:12,TT-101,NORMAL,LOW,50.44,NUMERIC,CLEARED,
2026-09-17 08:23:14,FT-101,NORMAL,LOW,29.83,NUMERIC,CLEARED,
2026-09-17 08:43:56,PT-101,NORMAL,LOW,5.44,NUMERIC,CLEARED,
2026-09-17 08:45:50,FT-101,NORMAL,LOW,20.28,NUMERIC,CLEARED,
2026-09-17 08:47:09,FT-101,NORMAL,LOW,21.71,NUMERIC,CLEARED,
2026-09-17 08:55:01,PT-101,NORMAL,LOW,6.64,NUMERIC,CLEARED,
2026-09-17 09:10:13,PT-101,NORMAL,LOW,5.29,NUMERIC,CLEARED,
2026-09-17 09:10:17,V-101,NORMAL,LOW,25.23,NUMERIC,CLEARED,
2026-09-17 09:10:43,V-101,NORMAL,LOW,44.38,NUMERIC,CLEARED,
2026-09-17 09:17:27,FT-101,NORMAL,LOW,31.01,NUMERIC,CLEARED,
2026-09-17 09:20:21,V-101,NORMAL,LOW,0.99,NUMERIC,CLEARED,
2026-09-17 09:25:38,PT-101,NORMAL,LOW,6.98,NUMERIC,CLEARED,
2026-09-17 09:35:33,PT-101,NORMAL,LOW,5.7,NUMERIC,CLEARED,
2026-09-17 09:38:43,LT-101,NORMAL,LOW,56.47,NUMERIC,CLEARED,
2026-09-17 09:43:30,LT-101,LOW_LEVEL,HIGH,14.79,NUMERIC,ACKNOWLEDGED,
2026-09-17 09:44:08,LT-101,NORMAL,LOW,46.3,NUMERIC,CLEARED,
2026-09-17 09:48:31,LT-101,NORMAL,LOW,77.24,NUMERIC,CLEARED,
2026-09-17 09:51:26,FT-101,NORMAL,LOW,28.22,NUMERIC,CLEARED,
2026-09-17 09:53:53,FT-101,NORMAL,LOW,24.5,NUMERIC,CLEARED,
2026-09-17 09:56:49,PT-101,NORMAL,LOW,4.05,NUMERIC,CLEARED,
2026-09-17 09:58:57,TT-101,NORMAL,LOW,74.17,NUMERIC,CLEARED,
2026-09-17 10:05:53,M-101,NORMAL,LOW,24.72,NUMERIC,CLEARED,
2026-09-17 10:06:21,M-101,NORMAL,LOW,7.37,NUMERIC,CLEARED,
2026-09-17 10:16:03,FT-101,NORMAL,LOW,30.23,NUMERIC,CLEARED,
2026-09-17 10:18:15,V-101,NORMAL,LOW,64.89,NUMERIC,CLEARED,
2026-09-17 10:33:52,FT-101,NORMAL,LOW,20.64,NUMERIC,CLEARED,
2026-09-17 10:38:38,LT-101,NORMAL,LOW,54.9,NUMERIC,CLEARED,
2026-09-17 10:39:21,LT-101,NORMAL,LOW,46.69,NUMERIC,CLEARED,
2026-09-17 11:03:46,M-101,NORMAL,LOW,27.82,NUMERIC,CLEARED,
2026-09-17 11:07:52,LT-101,NORMAL,LOW,41.7,NUMERIC,CLEARED,
2026-09-17 11:08:30,TT-101,NORMAL,LOW,72.27,NUMERIC,CLEARED,
2026-09-17 11:18:58,M-101,NORMAL,LOW,14.09,NUMERIC,CLEARED,
2026-09-17 11:33:06,V-101,NORMAL,LOW,38.9,NUMERIC,CLEARED,
2026-09-17 11:39:46,LT-101,HIGH_LEVEL,CRITICAL,99.05,NUMERIC,ACTIVE,
2026-09-17 11:40:03,LT-101,NORMAL,LOW,49.38,NUMERIC,CLEARED,
2026-09-17 11:50:04,V-101,NORMAL,LOW,60,NUMERIC,CLEARED,
2026-09-17 12:02:48,V-101,NORMAL,LOW,0.56,NUMERIC,CLEARED,
2026-09-17 12:10:54,LT-101,NORMAL,LOW,52.77,NUMERIC,CLEARED,
2026-09-17 12:17:20,TT-101,HIGH_TEMPERATURE,HIGH,93.46,NUMERIC,ACKNOWLEDGED,
2026-09-17 12:21:11,LT-101,NORMAL,LOW,58.58,NUMERIC,CLEARED,
2026-09-17 12:23:04,PT-101,NORMAL,LOW,6.57,NUMERIC,CLEARED,
2026-09-17 12:26:39,TT-101,HIGH_TEMPERATURE,HIGH,86.16,NUMERIC,CLEARED,
2026-09-17 12:27:42,M-101,NORMAL,LOW,9.24,NUMERIC,CLEARED,
2026-09-17 12:30:23,TT-101,NORMAL,LOW,59.59,NUMERIC,CLEARED,
2026-09-17 12:34:19,LT-101,NORMAL,LOW,73.31,NUMERIC,CLEARED,
2026-09-17 12:53:53,FT-101,NORMAL,LOW,33.58,NUMERIC,CLEARED,
2026-09-17 12:58:58,LT-101,NORMAL,LOW,79.62,NUMERIC,CLEARED,
2026-09-17 13:00:39,V-101,NORMAL,LOW,28.05,NUMERIC,CLEARED,
2026-09-17 13:18:15,LT-101,LOW_LEVEL,HIGH,5.92,NUMERIC,CLEARED,
2026-09-17 13:25:53,LT-101,NORMAL,LOW,49.57,NUMERIC,CLEARED,
2026-09-17 13:42:35,LT-101,NORMAL,LOW,48.87,NUMERIC,CLEARED,
2026-09-17 13:45:08,M-101,NORMAL,LOW,7.36,NUMERIC,CLEARED,
2026-09-17 13:46:39,LT-101,HIGH_LEVEL,CRITICAL,97.24,NUMERIC,CLEARED,
2026-09-17 13:49:26,V-101,NORMAL,LOW,43,NUMERIC,CLEARED,
2026-09-17 13:51:21,TT-101,NORMAL,LOW,74.6,NUMERIC,CLEARED,
2026-09-17 13:51:38,PT-101,NORMAL,LOW,4.98,NUMERIC,CLEARED,
2026-09-17 13:55:25,TT-101,NORMAL,LOW,51.88,NUMERIC,CLEARED,
2026-09-17 13:55:59,PT-101,NORMAL,LOW,5.04,NUMERIC,CLEARED,
2026-09-17 14:03:03,V-101,COMMUNICATION_LOST,MEDIUM,,NULL,ACTIVE,MISSING_VALUE
2026-09-17 14:15:58,PT-101,NORMAL,LOW,6.31,NUMERIC,CLEARED,
2026-09-17 14:20:00,LT-101,NORMAL,LOW,77.47,NUMERIC,CLEARED,
2026-09-17 14:21:26,TT-101,NORMAL,LOW,59.81,NUMERIC,CLEARED,
2026-09-17 14:34:16,TT-101,NORMAL,LOW,70.28,NUMERIC,CLEARED,
2026-09-17 14:39:29,LT-101,NORMAL,LOW,48.78,NUMERIC,CLEARED,
2026-09-17 14:40:19,LT-101,NORMAL,LOW,46.1,NUMERIC,CLEARED,
2026-09-17 14:46:23,FT-101,NORMAL,LOW,37.61,NUMERIC,CLEARED,
2026-09-17 14:46:57,V-101,NORMAL,LOW,84.47,NUMERIC,CLEARED,
2026-09-17 14:49:59,LT-101,NORMAL,LOW,40.62,NUMERIC,CLEARED,
2026-09-17 14:50:23,TT-101,NORMAL,LOW,72.36,NUMERIC,CLEARED,
2026-09-17 14:58:30,FT-101,NORMAL,LOW,34.03,NUMERIC,CLEARED,
2026-09-17 15:11:40,LT-101,NORMAL,LOW,47.04,NUMERIC,CLEARED,
2026-09-17 15:15:32,PT-101,NORMAL,LOW,6.4,NUMERIC,CLEARED,
2026-09-17 15:15:50,PT-101,NORMAL,LOW,6.49,NUMERIC,CLEARED,
2026-09-17 15:26:48,TT-101,NORMAL,LOW,60.3,NUMERIC,CLEARED,
2026-09-17 15:29:04,LT-101,NORMAL,LOW,48.43,NUMERIC,CLEARED,
2026-09-17 15:30:18,PT-101,NORMAL,LOW,6.83,NUMERIC,CLEARED,
2026-09-17 15:33:31,M-101,NORMAL,LOW,9.6,NUMERIC,CLEARED,
2026-09-17 15:42:51,PT-101,NORMAL,LOW,5.11,NUMERIC,CLEARED,
2026-09-17 15:42:53,TT-101,NORMAL,LOW,48.45,NUMERIC,CLEARED,
2026-09-17 15:53:13,M-101,NORMAL,LOW,21.02,NUMERIC,CLEARED,
2026-09-17 15:55:42,TT-101,NORMAL,LOW,70.33,NUMERIC,CLEARED,
2026-09-17 15:56:17,PT-101,NORMAL,LOW,6.52,NUMERIC,CLEARED,
2026-09-17 15:56:37,PT-101,LOW_PRESSURE,MEDIUM,0.29,NUMERIC,ACKNOWLEDGED,
2026-09-17 16:13:48,TT-101,NORMAL,LOW,63.99,NUMERIC,CLEARED,
2026-09-17 16:13:58,PT-101,NORMAL,LOW,6.49,NUMERIC,CLEARED,
2026-09-17 16:15:37,FT-101,NORMAL,LOW,32.26,NUMERIC,CLEARED,
2026-09-17 16:17:34,TT-101,NORMAL,LOW,45.28,NUMERIC,CLEARED,
2026-09-17 16:27:13,TT-101,NORMAL,LOW,67.76,NUMERIC,CLEARED,
2026-09-17 16:29:08,FT-101,NORMAL,LOW,29.71,NUMERIC,CLEARED,
2026-09-17 16:32:45,LT-101,NORMAL,LOW,43.87,NUMERIC,CLEARED,
2026-09-17 16:36:58,FT-101,NORMAL,LOW,24.2,NUMERIC,CLEARED,
2026-09-17 16:40:28,TT-101,NORMAL,LOW,59.52,NUMERIC,CLEARED,
2026-09-17 16:54:30,PT-101,NORMAL,LOW,5.88,NUMERIC,CLEARED,
2026-09-17 17:14:25,TT-101,NORMAL,LOW,66.11,NUMERIC,CLEARED,
2026-09-17 17:18:09,PT-101,LOW_PRESSURE,MEDIUM,0.57,NUMERIC,CLEARED,
2026-09-17 17:20:56,TT-101,NORMAL,LOW,54.69,NUMERIC,CLEARED,
2026-09-17 17:23:19,LT-101,HIGH_LEVEL,CRITICAL,94.51,NUMERIC,CLEARED,
2026-09-17 17:26:01,FT-101,NORMAL,LOW,37.32,NUMERIC,CLEARED,
2026-09-17 17:30:11,FT-101,NORMAL,LOW,29.55,NUMERIC,CLEARED,
2026-09-17 17:31:21,M-101,NORMAL,LOW,22.51,NUMERIC,CLEARED,
2026-09-17 17:35:04,P-102,COMMUNICATION_LOST,MEDIUM,,NULL,CLEARED,MISSING_VALUE
2026-09-17 17:37:29,LT-101,NORMAL,LOW,62.92,NUMERIC,CLEARED,
2026-09-17 17:51:11,V-101,NORMAL,LOW,21.29,NUMERIC,CLEARED,
2026-09-17 17:57:21,PT-101,NORMAL,LOW,4.85,NUMERIC,CLEARED,
2026-09-17 18:00:45,PT-101,LOW_PRESSURE,MEDIUM,0.82,NUMERIC,CLEARED,
2026-09-17 18:03:14,FT-101,NORMAL,LOW,27.82,NUMERIC,CLEARED,
2026-09-17 18:04:14,TT-101,NORMAL,LOW,56.54,NUMERIC,CLEARED,
2026-09-17 18:23:09,TT-101,NORMAL,LOW,67.03,NUMERIC,CLEARED,
2026-09-17 18:28:45,TT-101,NORMAL,LOW,57.23,NUMERIC,CLEARED,
2026-09-17 18:32:03,PT-101,NORMAL,LOW,5.59,NUMERIC,CLEARED,
2026-09-17 18:40:54,V-101,NORMAL,LOW,99.21,NUMERIC,CLEARED,
2026-09-17 18:51:22,M-101,NORMAL,LOW,30.28,NUMERIC,CLEARED,
2026-09-17 18:52:38,PT-101,NORMAL,LOW,5.86,NUMERIC,CLEARED,
2026-09-17 18:54:52,PT-101,NORMAL,LOW,4.95,NUMERIC,CLEARED,
2026-09-17 19:23:52,FT-101,LOW_FLOW,MEDIUM,7.29,NUMERIC,ACTIVE,
2026-09-17 19:31:59,PT-101,NORMAL,LOW,6.24,NUMERIC,CLEARED,
2026-09-17 19:32:41,FT-101,NORMAL,LOW,21.1,NUMERIC,CLEARED,
2026-09-17 19:34:30,LT-101,NORMAL,LOW,61.19,NUMERIC,CLEARED,
2026-09-17 19:42:19,FT-101,NORMAL,LOW,27.99,NUMERIC,CLEARED,
2026-09-17 19:48:24,LT-101,NORMAL,LOW,78.71,NUMERIC,CLEARED,
2026-09-17 19:54:36,FT-101,NORMAL,LOW,27.35,NUMERIC,CLEARED,
2026-09-17 20:00:34,FT-101,NORMAL,LOW,22.34,NUMERIC,CLEARED,
2026-09-17 20:03:18,TT-101,NORMAL,LOW,68.88,NUMERIC,CLEARED,
2026-09-17 20:04:59,PT-101,NORMAL,LOW,6.92,NUMERIC,CLEARED,
2026-09-17 20:07:20,PT-101,NORMAL,LOW,5.27,NUMERIC,CLEARED,
2026-09-17 20:16:54,LT-101,NORMAL,LOW,62.67,NUMERIC,CLEARED,
2026-09-17 20:17:45,LT-101,NORMAL,LOW,73.55,NUMERIC,CLEARED,
2026-09-17 20:25:12,TT-101,NORMAL,LOW,46.8,NUMERIC,CLEARED,
2026-09-17 20:39:16,LT-101,NORMAL,LOW,79.27,NUMERIC,CLEARED,
2026-09-17 20:41:13,TT-101,NORMAL,LOW,54.43,NUMERIC,CLEARED,
2026-09-17 20:43:09,PT-101,NORMAL,LOW,5.83,NUMERIC,CLEARED,
2026-09-17 20:59:13,LT-101,LOW_LEVEL,HIGH,11.68,NUMERIC,CLEARED,
2026-09-17 21:01:55,V-101,NORMAL,LOW,32,NUMERIC,CLEARED,
2026-09-17 21:07:23,PT-101,NORMAL,LOW,4.95,NUMERIC,CLEARED,
2026-09-17 21:32:55,PT-101,NORMAL,LOW,6.24,NUMERIC,CLEARED,
2026-09-17 21:37:31,LT-101,NORMAL,LOW,45.68,NUMERIC,CLEARED,
2026-09-17 21:48:24,V-101,NORMAL,LOW,31.54,NUMERIC,CLEARED,
2026-09-17 21:48:26,FT-101,NORMAL,LOW,33.56,NUMERIC,CLEARED,
2026-09-17 21:49:04,TT-101,NORMAL,LOW,61.73,NUMERIC,CLEARED,
2026-09-17 21:54:01,FT-101,NORMAL,LOW,32.75,NUMERIC,CLEARED,
2026-09-17 21:58:58,LT-101,NORMAL,LOW,77.65,NUMERIC,CLEARED,
2026-09-17 22:03:58,V-101,NORMAL,LOW,71,NUMERIC,CLEARED,
2026-09-17 22:04:39,FT-101,NORMAL,LOW,28.03,NUMERIC,CLEARED,
2026-09-17 22:05:39,LT-101,NORMAL,LOW,67.59,NUMERIC,CLEARED,
2026-09-17 22:07:24,P-101,PUMP_FAILURE,CRITICAL,STOPPED,STATE,CLEARED,
2026-09-17 22:12:39,LT-101,NORMAL,LOW,54.22,NUMERIC,CLEARED,
2026-09-17 22:14:28,V-101,NORMAL,LOW,68.16,NUMERIC,CLEARED,
2026-09-17 22:28:15,LT-101,NORMAL,LOW,73.48,NUMERIC,CLEARED,
2026-09-17 22:33:56,FT-101,NORMAL,LOW,36.85,NUMERIC,CLEARED,
2026-09-17 22:33:59,TT-101,NORMAL,LOW,45,NUMERIC,CLEARED,
2026-09-17 22:36:07,TT-101,NORMAL,LOW,73.93,NUMERIC,CLEARED,
2026-09-17 22:36:35,TT-101,NORMAL,LOW,61.8,NUMERIC,CLEARED,
2026-09-17 22:37:29,LT-101,NORMAL,LOW,50.61,NUMERIC,CLEARED,
2026-09-17 22:38:15,TT-101,NORMAL,LOW,46.65,NUMERIC,CLEARED,
2026-09-17 23:07:34,PT-101,NORMAL,LOW,,NULL,CLEARED,MISSING_VALUE
2026-09-17 23:09:54,TT-101,NORMAL,LOW,57.66,NUMERIC,CLEARED,
2026-09-17 23:12:47,LT-101,NORMAL,LOW,70.77,NUMERIC,CLEARED,
2026-09-17 23:13:05,V-101,NORMAL,LOW,96.67,NUMERIC,CLEARED,
2026-09-17 23:19:38,PT-101,NORMAL,LOW,,NULL,CLEARED,MISSING_VALUE
2026-09-17 23:30:18,FT-101,NORMAL,LOW,23.58,NUMERIC,CLEARED,
2026-09-17 23:34:14,PT-101,NORMAL,LOW,4.42,NUMERIC,CLEARED,
2026-09-17 23:44:00,PT-101,NORMAL,LOW,4.16,NUMERIC,CLEARED,
2026-09-17 23:52:28,TT-101,NORMAL,LOW,53.55,NUMERIC,CLEARED,
2026-09-18 00:04:59,M-101,NORMAL,LOW,17.72,NUMERIC,CLEARED,
2026-09-18 00:22:56,PT-101,NORMAL,LOW,5.79,NUMERIC,CLEARED,
2026-09-18 00:43:46,TT-101,NORMAL,LOW,46.78,NUMERIC,CLEARED,
2026-09-18 00:47:11,LT-101,NORMAL,LOW,73.89,NUMERIC,CLEARED,
2026-09-18 00:49:41,PT-101,NORMAL,LOW,4.28,NUMERIC,CLEARED,
2026-09-18 00:53:22,TT-101,NORMAL,LOW,48.11,NUMERIC,CLEARED,
2026-09-18 01:03:12,TT-101,NORMAL,LOW,53.7,NUMERIC,CLEARED,
2026-09-18 01:03:16,LT-101,NORMAL,LOW,57.24,NUMERIC,CLEARED,
2026-09-18 01:08:09,LT-101,NORMAL,LOW,62.36,NUMERIC,CLEARED,
2026-09-18 01:09:17,TT-101,HIGH_TEMPERATURE,HIGH,91.71,NUMERIC,ACTIVE,
2026-09-18 01:13:17,V-101,NORMAL,LOW,27.25,NUMERIC,CLEARED,
2026-09-18 01:13:56,FT-101,NORMAL,LOW,26.93,NUMERIC,CLEARED,
2026-09-18 01:39:48,TT-101,HIGH_TEMPERATURE,HIGH,101.08,NUMERIC,ACTIVE,
2026-09-18 01:41:51,P-101,PUMP_FAILURE,CRITICAL,STOPPED,STATE,ACKNOWLEDGED,
2026-09-18 01:52:55,LT-101,NORMAL,LOW,43.55,NUMERIC,CLEARED,
2026-09-18 01:56:34,LT-101,NORMAL,LOW,72.29,NUMERIC,CLEARED,
2026-09-18 02:16:38,FT-101,NORMAL,LOW,25.97,NUMERIC,CLEARED,
2026-09-18 02:23:58,PT-101,NORMAL,LOW,6.9,NUMERIC,CLEARED,
2026-09-18 02:34:19,FT-101,NORMAL,LOW,,NULL,CLEARED,MISSING_VALUE
2026-09-18 02:35:21,PT-101,NORMAL,LOW,5.15,NUMERIC,CLEARED,
2026-09-18 02:38:36,LT-101,NORMAL,LOW,66.91,NUMERIC,CLEARED,
2026-09-18 02:40:06,LT-101,NORMAL,LOW,63.61,NUMERIC,CLEARED,
2026-09-18 02:50:22,V-101,NORMAL,LOW,55.68,NUMERIC,CLEARED,
2026-09-18 02:50:54,PT-101,NORMAL,LOW,4.19,NUMERIC,CLEARED,
2026-09-18 03:03:00,FT-101,NORMAL,LOW,24.24,NUMERIC,CLEARED,
2026-09-18 03:05:44,TT-101,NORMAL,LOW,66.01,NUMERIC,CLEARED,
2026-09-18 03:22:01,TT-101,NORMAL,LOW,62.5,NUMERIC,CLEARED,
2026-09-18 03:24:56,M-101,NORMAL,LOW,1.66,NUMERIC,CLEARED,
2026-09-18 03:25:20,LT-101,NORMAL,LOW,50.62,NUMERIC,CLEARED,
2026-09-18 03:26:24,LT-101,NORMAL,LOW,68.65,NUMERIC,CLEARED,
2026-09-18 03:29:24,V-101,NORMAL,LOW,85.13,NUMERIC,CLEARED,
2026-09-18 03:32:49,V-101,NORMAL,LOW,14.89,NUMERIC,CLEARED,
2026-09-18 03:36:52,LT-101,NORMAL,LOW,45.33,NUMERIC,CLEARED,
2026-09-18 03:38:23,TT-101,NORMAL,LOW,63.52,NUMERIC,CLEARED,
2026-09-18 03:42:32,M-101,NORMAL,LOW,1.46,NUMERIC,CLEARED,
2026-09-18 03:47:06,M-101,NORMAL,LOW,3.69,NUMERIC,CLEARED,
2026-09-18 03:55:02,FT-101,NORMAL,LOW,38.56,NUMERIC,CLEARED,
2026-09-18 04:05:54,TT-101,NORMAL,LOW,69.6,NUMERIC,CLEARED,
2026-09-18 04:16:08,TT-101,NORMAL,LOW,74.85,NUMERIC,CLEARED,
2026-09-18 04:25:13,TT-101,NORMAL,LOW,72.95,NUMERIC,CLEARED,
2026-09-18 04:26:29,PT-101,NORMAL,LOW,5.32,NUMERIC,CLEARED,
2026-09-18 04:27:38,LT-101,NORMAL,LOW,62.33,NUMERIC,CLEARED,
2026-09-18 04:33:27,M-101,NORMAL,LOW,5.23,NUMERIC,CLEARED,
2026-09-18 04:33:42,LT-101,NORMAL,LOW,43.56,NUMERIC,CLEARED,
2026-09-18 04:33:51,P-101,PUMP_FAILURE,CRITICAL,STOPPED,STATE,ACKNOWLEDGED,
2026-09-18 04:34:39,LT-101,NORMAL,LOW,68.47,NUMERIC,CLEARED,
2026-09-18 04:36:17,FT-101,HIGH_FLOW,HIGH,60.72,NUMERIC,ACTIVE,
2026-09-18 04:38:04,TT-101,NORMAL,LOW,65.04,NUMERIC,CLEARED,
2026-09-18 04:47:28,LT-101,NORMAL,LOW,49.39,NUMERIC,CLEARED,
2026-09-18 04:47:57,LT-101,NORMAL,LOW,66.3,NUMERIC,CLEARED,
2026-09-18 04:50:27,TT-101,HIGH_TEMPERATURE,HIGH,91.2,NUMERIC,CLEARED,
2026-09-18 04:52:06,V-101,NORMAL,LOW,90.43,NUMERIC,CLEARED,
2026-09-18 05:11:30,FT-101,NORMAL,LOW,36.43,NUMERIC,CLEARED,
2026-09-18 05:12:42,TT-101,NORMAL,LOW,59.99,NUMERIC,CLEARED,
2026-09-18 05:19:32,M-101,NORMAL,LOW,,NULL,CLEARED,MISSING_VALUE
2026-09-18 05:24:03,PT-101,NORMAL,LOW,5.46,NUMERIC,CLEARED,
2026-09-18 05:38:48,PT-101,NORMAL,LOW,4.39,NUMERIC,CLEARED,
2026-09-18 05:40:44,TT-101,NORMAL,LOW,51.48,NUMERIC,CLEARED,
2026-09-18 05:44:22,P-101,PUMP_FAILURE,CRITICAL,STOPPED,STATE,ACTIVE,
2026-09-18 05:59:36,TT-101,NORMAL,LOW,60.84,NUMERIC,CLEARED,
2026-09-18 06:06:53,PT-101,HIGH_PRESSURE,CRITICAL,9.99,NUMERIC,ACTIVE,
2026-09-18 06:10:11,PT-101,NORMAL,LOW,4.14,NUMERIC,CLEARED,
2026-09-18 06:23:05,M-101,NORMAL,LOW,3.57,NUMERIC,CLEARED,
2026-09-18 06:42:08,V-101,NORMAL,LOW,15,NUMERIC,CLEARED,
2026-09-18 06:44:41,PT-101,NORMAL,LOW,7,NUMERIC,CLEARED,
2026-09-18 06:45:06,TT-101,NORMAL,LOW,72.36,NUMERIC,CLEARED,
2026-09-18 06:49:45,LT-101,NORMAL,LOW,58.05,NUMERIC,CLEARED,
2026-09-18 06:55:40,TT-101,NORMAL,LOW,72.76,NUMERIC,CLEARED,
2026-09-18 06:58:50,PT-101,NORMAL,LOW,6.85,NUMERIC,CLEARED,
2026-09-18 07:00:58,PT-101,NORMAL,LOW,6.49,NUMERIC,CLEARED,
2026-09-18 07:06:44,TT-101,NORMAL,LOW,58.21,NUMERIC,CLEARED,
2026-09-18 07:12:21,V-101,NORMAL,LOW,74.05,NUMERIC,CLEARED,
2026-09-18 07:31:17,PT-101,NORMAL,LOW,6.94,NUMERIC,CLEARED,
2026-09-18 07:44:14,PT-101,NORMAL,LOW,5.99,NUMERIC,CLEARED,
2026-09-18 07:48:14,P-101,PUMP_FAILURE,CRITICAL,STOPPED,STATE,ACKNOWLEDGED,
2026-09-18 08:03:47,FT-101,NORMAL,LOW,35.26,NUMERIC,CLEARED,
2026-09-18 08:23:03,LT-101,NORMAL,LOW,67.73,NUMERIC,CLEARED,
2026-09-18 08:24:20,FT-101,NORMAL,LOW,29.38,NUMERIC,CLEARED,
2026-09-18 08:25:14,PT-101,NORMAL,LOW,6.94,NUMERIC,CLEARED,
2026-09-18 08:33:30,FT-101,LOW_FLOW,MEDIUM,3.1,NUMERIC,ACKNOWLEDGED,
2026-09-18 08:38:49,TT-101,NORMAL,LOW,74.76,NUMERIC,CLEARED,
2026-09-18 08:48:05,LT-101,NORMAL,LOW,57.43,NUMERIC,CLEARED,
2026-09-18 08:58:45,FT-101,NORMAL,LOW,39.13,NUMERIC,CLEARED,
2026-09-18 09:06:32,FT-101,NORMAL,LOW,31.96,NUMERIC,CLEARED,
2026-09-18 09:12:32,FT-101,LOW_FLOW,MEDIUM,1.98,NUMERIC,ACKNOWLEDGED,
2026-09-18 09:17:43,PT-101,NORMAL,LOW,6.07,NUMERIC,CLEARED,
2026-09-18 09:21:59,PT-101,NORMAL,LOW,6.2,NUMERIC,CLEARED,
2026-09-18 09:32:13,FT-101,NORMAL,LOW,31.19,NUMERIC,CLEARED,
2026-09-18 09:38:47,PT-101,NORMAL,LOW,6.21,NUMERIC,CLEARED,
2026-09-18 09:40:45,FT-101,NORMAL,LOW,38.81,NUMERIC,CLEARED,
2026-09-18 09:41:42,LT-101,NORMAL,LOW,48.92,NUMERIC,CLEARED,
2026-09-18 09:52:45,PT-101,LOW_PRESSURE,MEDIUM,0.78,NUMERIC,ACTIVE,
2026-09-18 09:56:36,LT-101,NORMAL,LOW,41.48,NUMERIC,CLEARED,
2026-09-18 10:10:01,TT-101,NORMAL,LOW,72.46,NUMERIC,CLEARED,
2026-09-18 10:10:12,LT-101,HIGH_LEVEL,CRITICAL,94.82,NUMERIC,ACKNOWLEDGED,
2026-09-18 10:16:07,M-101,NORMAL,LOW,6.84,NUMERIC,CLEARED,
2026-09-18 10:33:01,M-101,NORMAL,LOW,19.6,NUMERIC,CLEARED,
2026-09-18 10:35:55,PT-101,NORMAL,LOW,6.07,NUMERIC,CLEARED,
2026-09-18 10:54:30,TT-101,NORMAL,LOW,45.34,NUMERIC,CLEARED,
2026-09-18 11:01:48,TT-101,NORMAL,LOW,58.04,NUMERIC,CLEARED,
2026-09-18 11:17:20,PT-101,NORMAL,LOW,5.75,NUMERIC,CLEARED,
2026-09-18 11:21:50,LT-101,NORMAL,LOW,48.53,NUMERIC,CLEARED,
2026-09-18 11:24:05,M-101,NORMAL,LOW,24.4,NUMERIC,CLEARED,
2026-09-18 11:25:49,TT-101,NORMAL,LOW,52.79,NUMERIC,CLEARED,
2026-09-18 11:27:20,TT-101,NORMAL,LOW,65.76,NUMERIC,CLEARED,
2026-09-18 11:31:47,TT-101,NORMAL,LOW,48.69,NUMERIC,CLEARED,
2026-09-18 11:39:23,TT-101,NORMAL,LOW,72.83,NUMERIC,CLEARED,
2026-09-18 11:41:08,LT-101,NORMAL,LOW,50.85,NUMERIC,CLEARED,
2026-09-18 11:41:39,M-101,NORMAL,LOW,26.39,NUMERIC,CLEARED,
2026-09-18 11:45:56,LT-101,NORMAL,LOW,62.22,NUMERIC,CLEARED,
2026-09-18 12:10:48,LT-101,NORMAL,LOW,70.19,NUMERIC,CLEARED,
2026-09-18 12:15:36,V-101,NORMAL,LOW,80.83,NUMERIC,CLEARED,
2026-09-18 12:36:08,M-101,NORMAL,LOW,13.13,NUMERIC,CLEARED,
2026-09-18 12:40:15,TT-101,NORMAL,LOW,73.3,NUMERIC,CLEARED,
2026-09-18 12:49:30,TT-101,NORMAL,LOW,52.58,NUMERIC,CLEARED,
2026-09-18 12:51:25,PT-101,NORMAL,LOW,4.47,NUMERIC,CLEARED,
2026-09-18 12:53:18,LT-101,NORMAL,LOW,76.31,NUMERIC,CLEARED,
2026-09-18 12:54:40,PT-101,NORMAL,LOW,5.46,NUMERIC,CLEARED,
2026-09-18 12:59:08,PT-101,NORMAL,LOW,4.54,NUMERIC,CLEARED,
2026-09-18 13:00:22,PT-101,NORMAL,LOW,4.14,NUMERIC,CLEARED,
2026-09-18 13:06:44,P-101,COMMUNICATION_LOST,MEDIUM,,NULL,ACTIVE,MISSING_VALUE
2026-09-18 13:09:46,LT-101,NORMAL,LOW,51.8,NUMERIC,CLEARED,
2026-09-18 13:17:53,FT-101,NORMAL,LOW,22.48,NUMERIC,CLEARED,
2026-09-18 13:24:27,TT-101,NORMAL,LOW,49.21,NUMERIC,CLEARED,
2026-09-18 13:30:12,FT-101,NORMAL,LOW,23.75,NUMERIC,CLEARED,
2026-09-18 13:31:46,TT-101,NORMAL,LOW,63.07,NUMERIC,CLEARED,
2026-09-18 13:35:20,M-101,NORMAL,LOW,24.14,NUMERIC,CLEARED,
2026-09-18 13:38:44,LT-101,NORMAL,LOW,43.83,NUMERIC,CLEARED,
2026-09-18 13:41:21,M-101,NORMAL,LOW,11.63,NUMERIC,CLEARED,
2026-09-18 13:43:11,TT-101,NORMAL,LOW,52.29,NUMERIC,CLEARED,
2026-09-18 13:45:54,FT-101,NORMAL,LOW,34.02,NUMERIC,CLEARED,
2026-09-18 13:59:01,PT-101,NORMAL,LOW,6.67,NUMERIC,CLEARED,
2026-09-18 13:59:52,TT-101,NORMAL,LOW,51.83,NUMERIC,CLEARED,
2026-09-18 14:22:50,M-101,NORMAL,LOW,29.8,NUMERIC,CLEARED,
2026-09-18 14:29:47,PT-101,NORMAL,LOW,5.7,NUMERIC,CLEARED,
2026-09-18 14:36:15,TT-101,NORMAL,LOW,56.13,NUMERIC,CLEARED,
2026-09-18 14:36:28,PT-101,NORMAL,LOW,4.13,NUMERIC,CLEARED,
2026-09-18 14:41:36,M-101,NORMAL,LOW,34.71,NUMERIC,CLEARED,
2026-09-18 14:43:00,TT-101,HIGH_TEMPERATURE,HIGH,98.07,NUMERIC,CLEARED,
2026-09-18 14:55:02,LT-101,NORMAL,LOW,61.69,NUMERIC,CLEARED,
2026-09-18 14:55:55,LT-101,NORMAL,LOW,46.7,NUMERIC,CLEARED,
2026-09-18 15:02:51,V-101,NORMAL,LOW,30.52,NUMERIC,CLEARED,
2026-09-18 15:08:32,LT-101,NORMAL,LOW,75.14,NUMERIC,CLEARED,
2026-09-18 15:21:37,PT-101,NORMAL,LOW,6.31,NUMERIC,CLEARED,
2026-09-18 15:36:49,FT-101,NORMAL,LOW,20.03,NUMERIC,CLEARED,
2026-09-18 15:39:36,LT-101,NORMAL,LOW,41.73,NUMERIC,CLEARED,
2026-09-18 15:43:56,LT-101,NORMAL,LOW,53,NUMERIC,CLEARED,
2026-09-18 15:47:03,PT-101,NORMAL,LOW,4.46,NUMERIC,CLEARED,
2026-09-18 15:56:39,FT-101,NORMAL,LOW,39.32,NUMERIC,CLEARED,
2026-09-18 16:16:45,FT-101,NORMAL,LOW,20.24,NUMERIC,CLEARED,
2026-09-18 16:19:47,V-101,NORMAL,LOW,22.83,NUMERIC,CLEARED,
2026-09-18 16:21:39,M-101,NORMAL,LOW,7.8,NUMERIC,CLEARED,
2026-09-18 16:28:29,LT-101,NORMAL,LOW,56.01,NUMERIC,CLEARED,
2026-09-18 16:40:04,LT-101,NORMAL,LOW,58.95,NUMERIC,CLEARED,
2026-09-18 16:40:05,TT-101,NORMAL,LOW,56.23,NUMERIC,CLEARED,
2026-09-18 16:42:59,PT-101,HIGH_PRESSURE,CRITICAL,8.59,NUMERIC,ACTIVE,
2026-09-18 16:46:37,PT-101,NORMAL,LOW,4.57,NUMERIC,CLEARED,
2026-09-18 16:52:49,LT-101,HIGH_LEVEL,CRITICAL,96.53,NUMERIC,ACKNOWLEDGED,
2026-09-18 17:00:02,LT-101,NORMAL,LOW,47.59,NUMERIC,CLEARED,
2026-09-18 17:03:37,V-101,NORMAL,LOW,45.34,NUMERIC,CLEARED,
2026-09-18 17:05:41,PT-101,NORMAL,LOW,5.61,NUMERIC,CLEARED,
2026-09-18 17:07:41,M-101,NORMAL,LOW,21.15,NUMERIC,CLEARED,
2026-09-18 17:15:47,M-101,NORMAL,LOW,12.75,NUMERIC,CLEARED,
2026-09-18 17:16:26,TT-101,NORMAL,LOW,68.58,NUMERIC,CLEARED,
2026-09-18 17:20:48,PT-101,NORMAL,LOW,6.26,NUMERIC,CLEARED,
2026-09-18 17:24:24,LT-101,NORMAL,LOW,74.83,NUMERIC,CLEARED,
2026-09-18 17:26:17,FT-101,NORMAL,LOW,38.27,NUMERIC,CLEARED,
2026-09-18 17:26:54,PT-101,NORMAL,LOW,4.33,NUMERIC,CLEARED,
2026-09-18 17:28:12,PT-101,NORMAL,LOW,4.81,NUMERIC,CLEARED,
2026-09-18 17:30:06,FT-101,NORMAL,LOW,38.87,NUMERIC,CLEARED,
2026-09-18 17:40:15,LT-101,NORMAL,LOW,56.27,NUMERIC,CLEARED,
2026-09-18 17:40:49,FT-101,NORMAL,LOW,38.29,NUMERIC,CLEARED,
2026-09-18 17:43:04,LT-101,NORMAL,LOW,69.4,NUMERIC,CLEARED,
2026-09-18 17:55:15,M-101,NORMAL,LOW,0.15,NUMERIC,CLEARED,
2026-09-18 17:58:42,PT-101,NORMAL,LOW,5.21,NUMERIC,CLEARED,
2026-09-18 18:03:32,V-101,NORMAL,LOW,95.26,NUMERIC,CLEARED,
2026-09-18 18:03:47,V-101,NORMAL,LOW,66.55,NUMERIC,CLEARED,
2026-09-18 18:07:34,LT-101,NORMAL,LOW,76.61,NUMERIC,CLEARED,
2026-09-18 18:19:57,TT-101,NORMAL,LOW,63.39,NUMERIC,CLEARED,
2026-09-18 18:23:31,FT-101,LOW_FLOW,MEDIUM,7,NUMERIC,CLEARED,
2026-09-18 18:27:09,PT-101,NORMAL,LOW,4.16,NUMERIC,CLEARED,
2026-09-18 18:28:05,LT-101,NORMAL,LOW,74.94,NUMERIC,CLEARED,
2026-09-18 18:28:54,LT-101,NORMAL,LOW,72.98,NUMERIC,CLEARED,
2026-09-18 18:44:51,LT-101,LOW_LEVEL,HIGH,12.21,NUMERIC,CLEARED,
2026-09-18 18:50:00,FT-101,NORMAL,LOW,25.12,NUMERIC,CLEARED,
2026-09-18 19:12:01,TT-101,NORMAL,LOW,55.25,NUMERIC,CLEARED,
2026-09-18 19:13:12,LT-101,NORMAL,LOW,,NULL,CLEARED,MISSING_VALUE
2026-09-18 19:15:26,M-101,HIGH_CURRENT,HIGH,56.85,NUMERIC,ACTIVE,
2026-09-18 19:16:29,FT-101,NORMAL,LOW,24.99,NUMERIC,CLEARED,
2026-09-18 19:18:52,LT-101,NORMAL,LOW,45.34,NUMERIC,CLEARED,
2026-09-18 19:25:29,LT-101,NORMAL,LOW,71,NUMERIC,CLEARED,
2026-09-18 19:27:17,LT-101,NORMAL,LOW,70.31,NUMERIC,CLEARED,
2026-09-18 19:32:53,TT-101,NORMAL,LOW,74.36,NUMERIC,CLEARED,
2026-09-18 19:33:17,M-101,NORMAL,LOW,4.58,NUMERIC,CLEARED,
2026-09-18 19:45:05,FT-101,NORMAL,LOW,33.52,NUMERIC,CLEARED,
2026-09-18 19:58:34,M-101,NORMAL,LOW,3.48,NUMERIC,CLEARED,
2026-09-18 20:05:52,FT-101,NORMAL,LOW,39.63,NUMERIC,CLEARED,
2026-09-18 20:13:43,V-101,NORMAL,LOW,95.06,NUMERIC,CLEARED,
2026-09-18 20:14:25,LT-101,NORMAL,LOW,44.13,NUMERIC,CLEARED,
2026-09-18 20:23:26,LT-101,NORMAL,LOW,67.25,NUMERIC,CLEARED,
2026-09-18 20:26:50,V-101,NORMAL,LOW,36.3,NUMERIC,CLEARED,
2026-09-18 20:30:49,PT-101,NORMAL,LOW,5.38,NUMERIC,CLEARED,
2026-09-18 20:42:01,LT-101,NORMAL,LOW,66.72,NUMERIC,CLEARED,
2026-09-18 20:46:16,V-101,NORMAL,LOW,41.85,NUMERIC,CLEARED,
2026-09-18 20:49:03,V-101,NORMAL,LOW,77.27,NUMERIC,CLEARED,
2026-09-18 20:51:25,PT-101,HIGH_PRESSURE,CRITICAL,9.06,NUMERIC,ACTIVE,
2026-09-18 21:04:50,TT-101,NORMAL,LOW,55.41,NUMERIC,CLEARED,
2026-09-18 21:05:15,LT-101,NORMAL,LOW,53.26,NUMERIC,CLEARED,
2026-09-18 21:06:21,TT-101,NORMAL,LOW,66.26,NUMERIC,CLEARED,
2026-09-18 21:25:30,LT-101,NORMAL,LOW,59.33,NUMERIC,CLEARED,
2026-09-18 21:31:06,PT-101,NORMAL,LOW,4.3,NUMERIC,CLEARED,
2026-09-18 21:36:14,PT-101,NORMAL,LOW,4.36,NUMERIC,CLEARED,
2026-09-18 21:41:00,PT-101,NORMAL,LOW,6.63,NUMERIC,CLEARED,
2026-09-18 21:45:42,TT-101,NORMAL,LOW,54.85,NUMERIC,CLEARED,
2026-09-18 21:46:07,LT-101,NORMAL,LOW,76.83,NUMERIC,CLEARED,
2026-09-18 21:46:57,LT-101,NORMAL,LOW,45.35,NUMERIC,CLEARED,
2026-09-18 21:49:19,TT-101,NORMAL,LOW,58.7,NUMERIC,CLEARED,
2026-09-18 22:04:14,TT-101,NORMAL,LOW,68.04,NUMERIC,CLEARED,
2026-09-18 22:05:39,FT-101,NORMAL,LOW,35.38,NUMERIC,CLEARED,
2026-09-18 22:08:21,PT-101,NORMAL,LOW,6.95,NUMERIC,CLEARED,
2026-09-18 22:10:04,LT-101,HIGH_LEVEL,CRITICAL,91.56,NUMERIC,ACTIVE,
2026-09-18 22:10:33,PT-101,NORMAL,LOW,4.88,NUMERIC,CLEARED,
2026-09-18 22:11:13,FT-101,NORMAL,LOW,23.67,NUMERIC,CLEARED,
2026-09-18 22:18:37,M-101,NORMAL,LOW,4.98,NUMERIC,CLEARED,
2026-09-18 22:21:32,TT-101,NORMAL,LOW,61.66,NUMERIC,CLEARED,
2026-09-18 22:23:02,FT-101,NORMAL,LOW,37.71,NUMERIC,CLEARED,
2026-09-18 22:36:17,LT-101,NORMAL,LOW,45.82,NUMERIC,CLEARED,
2026-09-18 22:38:01,FT-101,NORMAL,LOW,25.22,NUMERIC,CLEARED,
2026-09-18 22:39:11,TT-101,NORMAL,LOW,49.53,NUMERIC,CLEARED,
2026-09-18 22:43:15,PT-101,NORMAL,LOW,6.18,NUMERIC,CLEARED,
2026-09-18 22:48:34,V-101,NORMAL,LOW,65.92,NUMERIC,CLEARED,
2026-09-18 22:55:39,LT-101,NORMAL,LOW,76.24,NUMERIC,CLEARED,
2026-09-18 23:06:22,M-101,NORMAL,LOW,34.57,NUMERIC,CLEARED,
2026-09-18 23:08:30,TT-101,NORMAL,LOW,68.45,NUMERIC,CLEARED,
2026-09-18 23:10:19,TT-101,NORMAL,LOW,62.27,NUMERIC,CLEARED,
2026-09-18 23:19:45,PT-101,NORMAL,LOW,5.45,NUMERIC,CLEARED,
2026-09-18 23:20:50,M-101,NORMAL,LOW,9.22,NUMERIC,CLEARED,
2026-09-18 23:25:07,FT-101,NORMAL,LOW,33.96,NUMERIC,CLEARED,
2026-09-18 23:32:55,FT-101,NORMAL,LOW,21.45,NUMERIC,CLEARED,
2026-09-18 23:53:36,PT-101,NORMAL,LOW,6.3,NUMERIC,CLEARED,
2026-09-19 00:10:15,FT-101,NORMAL,LOW,31.22,NUMERIC,CLEARED,
2026-09-19 00:14:12,LT-101,NORMAL,LOW,58.59,NUMERIC,CLEARED,
2026-09-19 00:19:34,LT-101,NORMAL,LOW,40.58,NUMERIC,CLEARED,
2026-09-19 00:29:05,TT-101,NORMAL,LOW,70.87,NUMERIC,CLEARED,
2026-09-19 00:32:34,PT-101,NORMAL,LOW,6.27,NUMERIC,CLEARED,
2026-09-19 00:51:48,PT-101,LOW_PRESSURE,MEDIUM,0.76,NUMERIC,CLEARED,
2026-09-19 00:54:23,PT-101,NORMAL,LOW,4.31,NUMERIC,CLEARED,
2026-09-19 01:02:37,PT-101,NORMAL,LOW,6.4,NUMERIC,CLEARED,
2026-09-19 01:05:04,V-101,NORMAL,LOW,99.69,NUMERIC,CLEARED,
2026-09-19 01:13:29,PT-101,NORMAL,LOW,6.46,NUMERIC,CLEARED,
2026-09-19 01:30:09,LT-101,NORMAL,LOW,62.39,NUMERIC,CLEARED,
2026-09-19 01:32:22,FT-101,NORMAL,LOW,31.6,NUMERIC,CLEARED,
2026-09-19 01:43:43,V-101,NORMAL,LOW,82.03,NUMERIC,CLEARED,
2026-09-19 01:45:45,TT-101,NORMAL,LOW,56.33,NUMERIC,CLEARED,
2026-09-19 01:49:10,TT-101,NORMAL,LOW,56.09,NUMERIC,CLEARED,
2026-09-19 01:56:17,M-101,NORMAL,LOW,21.57,NUMERIC,CLEARED,
2026-09-19 01:59:04,V-101,NORMAL,LOW,70.08,NUMERIC,CLEARED,
2026-09-19 02:04:49,PT-101,NORMAL,LOW,5.25,NUMERIC,CLEARED,
2026-09-19 02:08:10,V-101,VALVE_FAILURE,HIGH,9.39,NUMERIC,CLEARED,
2026-09-19 02:25:02,FT-101,NORMAL,LOW,38.78,NUMERIC,CLEARED,
2026-09-19 02:28:38,LT-101,NORMAL,LOW,53.75,NUMERIC,CLEARED,
2026-09-19 02:31:29,LT-101,NORMAL,LOW,53.13,NUMERIC,CLEARED,
2026-09-19 02:49:48,PT-101,HIGH_PRESSURE,CRITICAL,9.45,NUMERIC,CLEARED,
2026-09-19 02:53:27,PT-101,NORMAL,LOW,6.51,NUMERIC,CLEARED,
2026-09-19 02:53:51,P-101,PUMP_FAILURE,CRITICAL,STOPPED,STATE,CLEARED,
2026-09-19 02:55:43,PT-101,NORMAL,LOW,5.91,NUMERIC,CLEARED,
2026-09-19 03:06:11,PT-101,NORMAL,LOW,4.72,NUMERIC,CLEARED,
2026-09-19 03:21:04,M-101,NORMAL,LOW,12.41,NUMERIC,CLEARED,
2026-09-19 03:27:58,LT-101,NORMAL,LOW,69.5,NUMERIC,CLEARED,
2026-09-19 03:36:49,FT-101,NORMAL,LOW,30.95,NUMERIC,CLEARED,
2026-09-19 03:38:16,FT-101,NORMAL,LOW,35.66,NUMERIC,CLEARED,
2026-09-19 03:47:57,TT-101,NORMAL,LOW,73.21,NUMERIC,CLEARED,
2026-09-19 03:52:51,FT-101,NORMAL,LOW,24.42,NUMERIC,CLEARED,
2026-09-19 04:01:14,TT-101,NORMAL,LOW,48.35,NUMERIC,CLEARED,
2026-09-19 04:02:43,FT-101,NORMAL,LOW,21.85,NUMERIC,CLEARED,
2026-09-19 04:05:38,FT-101,NORMAL,LOW,24.24,NUMERIC,CLEARED,
2026-09-19 04:21:30,FT-101,HIGH_FLOW,HIGH,61.85,NUMERIC,ACTIVE,
2026-09-19 04:33:46,TT-101,NORMAL,LOW,59.71,NUMERIC,CLEARED,
2026-09-19 04:52:12,FT-101,NORMAL,LOW,31.62,NUMERIC,CLEARED,
2026-09-19 04:56:25,FT-101,NORMAL,LOW,26.31,NUMERIC,CLEARED,
2026-09-19 05:02:21,V-101,NORMAL,LOW,83.42,NUMERIC,CLEARED,
2026-09-19 05:19:40,TT-101,NORMAL,LOW,50.44,NUMERIC,CLEARED,
2026-09-19 05:20:22,TT-101,NORMAL,LOW,50.17,NUMERIC,CLEARED,
2026-09-19 05:26:24,TT-101,HIGH_TEMPERATURE,HIGH,86.58,NUMERIC,ACTIVE,
2026-09-19 05:27:06,FT-101,NORMAL,LOW,37.07,NUMERIC,CLEARED,
2026-09-19 05:31:36,LT-101,NORMAL,LOW,74.8,NUMERIC,CLEARED,
2026-09-19 05:34:32,PT-101,NORMAL,LOW,5.84,NUMERIC,CLEARED,
2026-09-19 05:41:59,V-101,VALVE_FAILURE,HIGH,30.76,NUMERIC,CLEARED,
2026-09-19 05:46:11,FT-101,NORMAL,LOW,26.4,NUMERIC,CLEARED,
2026-09-19 05:55:04,FT-101,NORMAL,LOW,31.45,NUMERIC,CLEARED,
2026-09-19 06:14:41,LT-101,NORMAL,LOW,55,NUMERIC,CLEARED,
2026-09-19 06:43:35,LT-101,NORMAL,LOW,50.1,NUMERIC,CLEARED,
2026-09-19 06:50:05,LT-101,NORMAL,LOW,41.93,NUMERIC,CLEARED,
2026-09-19 06:53:43,LT-101,LOW_LEVEL,HIGH,6.33,NUMERIC,ACTIVE,
2026-09-19 07:00:25,TT-101,NORMAL,LOW,68.89,NUMERIC,CLEARED,
2026-09-19 07:06:48,PT-101,NORMAL,LOW,6.61,NUMERIC,CLEARED,
2026-09-19 07:15:12,LT-101,NORMAL,LOW,44.23,NUMERIC,CLEARED,
2026-09-19 07:27:25,PT-101,NORMAL,LOW,6.01,NUMERIC,CLEARED,
2026-09-19 07:29:20,LT-101,NORMAL,LOW,71.02,NUMERIC,CLEARED,
2026-09-19 07:32:32,FT-101,NORMAL,LOW,28.58,NUMERIC,CLEARED,
2026-09-19 07:33:09,V-101,NORMAL,LOW,8.46,NUMERIC,CLEARED,
2026-09-19 07:37:15,FT-101,NORMAL,LOW,23.32,NUMERIC,CLEARED,
2026-09-19 07:41:51,PT-101,NORMAL,LOW,4.15,NUMERIC,CLEARED,
2026-09-19 07:44:08,LT-101,NORMAL,LOW,44.32,NUMERIC,CLEARED,
2026-09-19 07:48:35,FT-101,HIGH_FLOW,HIGH,54.09,NUMERIC,ACKNOWLEDGED,
2026-09-19 07:48:54,V-101,NORMAL,LOW,91.71,NUMERIC,CLEARED,
2026-09-19 07:51:29,PT-101,NORMAL,LOW,,NULL,CLEARED,MISSING_VALUE
2026-09-19 07:54:45,V-101,NORMAL,LOW,8.45,NUMERIC,CLEARED,
2026-09-19 07:57:12,LT-101,NORMAL,LOW,65.53,NUMERIC,CLEARED,
2026-09-19 07:58:05,PT-101,NORMAL,LOW,5.83,NUMERIC,CLEARED,
2026-09-19 08:00:38,PT-101,NORMAL,LOW,5.8,NUMERIC,CLEARED,
2026-09-19 08:13:20,V-101,NORMAL,LOW,95.19,NUMERIC,CLEARED,
2026-09-19 08:18:52,FT-101,NORMAL,LOW,39.36,NUMERIC,CLEARED,
2026-09-19 08:25:58,PT-101,NORMAL,LOW,4.9,NUMERIC,CLEARED,
2026-09-19 08:29:56,LT-101,NORMAL,LOW,44.86,NUMERIC,CLEARED,
2026-09-19 08:31:35,FT-101,NORMAL,LOW,35.6,NUMERIC,CLEARED,
2026-09-19 08:38:30,TT-101,NORMAL,LOW,58.43,NUMERIC,CLEARED,
2026-09-19 08:52:20,TT-101,NORMAL,LOW,57.58,NUMERIC,CLEARED,
2026-09-19 08:54:34,P-102,PUMP_FAILURE,CRITICAL,STOPPED,STATE,CLEARED,
2026-09-19 09:03:38,TT-101,NORMAL,LOW,68.05,NUMERIC,CLEARED,
2026-09-19 09:06:03,PT-101,NORMAL,LOW,6.34,NUMERIC,CLEARED,
2026-09-19 09:08:41,TT-101,NORMAL,LOW,61.51,NUMERIC,CLEARED,
2026-09-19 09:13:55,PT-101,NORMAL,LOW,5.24,NUMERIC,CLEARED,
2026-09-19 09:21:41,PT-101,NORMAL,LOW,5.69,NUMERIC,CLEARED,
2026-09-19 09:24:24,LT-101,NORMAL,LOW,74.81,NUMERIC,CLEARED,
2026-09-19 09:27:23,TT-101,NORMAL,LOW,55.52,NUMERIC,CLEARED,
2026-09-19 09:27:47,LT-101,LOW_LEVEL,HIGH,6.62,NUMERIC,CLEARED,
2026-09-19 09:33:16,TT-101,NORMAL,LOW,63.31,NUMERIC,CLEARED,
2026-09-19 09:44:10,FT-101,NORMAL,LOW,33.3,NUMERIC,CLEARED,
2026-09-19 09:51:07,FT-101,NORMAL,LOW,34.23,NUMERIC,CLEARED,
2026-09-19 10:00:12,FT-101,NORMAL,LOW,32.99,NUMERIC,CLEARED,
2026-09-19 10:02:09,LT-101,NORMAL,LOW,58.45,NUMERIC,CLEARED,
2026-09-19 10:05:51,LT-101,NORMAL,LOW,46.54,NUMERIC,CLEARED,
2026-09-19 10:22:13,TT-101,NORMAL,LOW,64.9,NUMERIC,CLEARED,
2026-09-19 10:22:19,M-101,NORMAL,LOW,16.55,NUMERIC,CLEARED,
2026-09-19 10:26:16,LT-101,LOW_LEVEL,HIGH,10.41,NUMERIC,CLEARED,
2026-09-19 10:27:01,LT-101,NORMAL,LOW,61.28,NUMERIC,CLEARED,
2026-09-19 10:32:06,PT-101,LOW_PRESSURE,MEDIUM,0.93,NUMERIC,ACTIVE,
2026-09-19 10:37:10,PT-101,NORMAL,LOW,4.1,NUMERIC,CLEARED,
2026-09-19 10:45:06,LT-101,NORMAL,LOW,76.18,NUMERIC,CLEARED,
2026-09-19 10:47:50,LT-101,NORMAL,LOW,47.33,NUMERIC,CLEARED,
2026-09-19 10:53:00,P-101,NORMAL,LOW,,NULL,CLEARED,MISSING_VALUE
2026-09-19 10:57:13,LT-101,NORMAL,LOW,60.97,NUMERIC,CLEARED,
2026-09-19 10:58:25,LT-101,NORMAL,LOW,47.03,NUMERIC,CLEARED,
2026-09-19 11:01:39,LT-101,NORMAL,LOW,56.67,NUMERIC,CLEARED,
2026-09-19 11:04:14,TT-101,NORMAL,LOW,64.58,NUMERIC,CLEARED,
2026-09-19 11:05:07,PT-101,NORMAL,LOW,5.64,NUMERIC,CLEARED,
2026-09-19 11:14:39,LT-101,NORMAL,LOW,46.71,NUMERIC,CLEARED,
2026-09-19 11:18:34,P-102,COMMUNICATION_LOST,MEDIUM,,NULL,ACTIVE,MISSING_VALUE
2026-09-19 11:24:00,FT-101,NORMAL,LOW,32.5,NUMERIC,CLEARED,
2026-09-19 11:38:26,TT-101,NORMAL,LOW,48.47,NUMERIC,CLEARED,
2026-09-19 11:46:10,LT-101,NORMAL,LOW,55.32,NUMERIC,CLEARED,
2026-09-19 11:53:05,PT-101,NORMAL,LOW,5.67,NUMERIC,CLEARED,
2026-09-19 11:54:15,LT-101,NORMAL,LOW,63.62,NUMERIC,CLEARED,
2026-09-19 12:09:52,PT-101,NORMAL,LOW,6.44,NUMERIC,CLEARED,
2026-09-19 12:12:13,M-101,NORMAL,LOW,27.56,NUMERIC,CLEARED,
2026-09-19 12:13:12,PT-101,NORMAL,LOW,6.35,NUMERIC,CLEARED,
2026-09-19 12:17:06,TT-101,NORMAL,LOW,49.64,NUMERIC,CLEARED,
2026-09-19 12:17:18,PT-101,NORMAL,LOW,5.3,NUMERIC,CLEARED,
2026-09-19 12:21:14,LT-101,NORMAL,LOW,70.02,NUMERIC,CLEARED,
2026-09-19 12:22:44,FT-101,NORMAL,LOW,38.53,NUMERIC,CLEARED,
2026-09-19 12:23:12,LT-101,LOW_LEVEL,HIGH,12.9,NUMERIC,CLEARED,
2026-09-19 12:25:40,LT-101,NORMAL,LOW,42.09,NUMERIC,CLEARED,
2026-09-19 12:27:43,PT-101,NORMAL,LOW,4.44,NUMERIC,CLEARED,
2026-09-19 12:27:59,FT-101,NORMAL,LOW,20.9,NUMERIC,CLEARED,
2026-09-19 12:34:08,TT-101,NORMAL,LOW,58.13,NUMERIC,CLEARED,
2026-09-19 12:35:11,FT-101,NORMAL,LOW,37.95,NUMERIC,CLEARED,
2026-09-19 12:42:59,P-102,PUMP_FAILURE,CRITICAL,STOPPED,STATE,ACTIVE,
2026-09-19 12:54:49,M-101,HIGH_CURRENT,HIGH,49.29,NUMERIC,ACTIVE,
2026-09-19 13:02:40,LT-101,NORMAL,LOW,79.65,NUMERIC,CLEARED,
2026-09-19 13:04:01,PT-101,NORMAL,LOW,6.39,NUMERIC,CLEARED,
2026-09-19 13:14:20,LT-101,NORMAL,LOW,40.22,NUMERIC,CLEARED,
2026-09-19 13:17:58,FT-101,NORMAL,LOW,28.63,NUMERIC,CLEARED,
2026-09-19 13:20:15,PT-101,NORMAL,LOW,6.5,NUMERIC,CLEARED,
2026-09-19 13:31:31,TT-101,NORMAL,LOW,50.39,NUMERIC,CLEARED,
2026-09-19 13:38:33,M-101,NORMAL,LOW,0.68,NUMERIC,CLEARED,
2026-09-19 13:40:15,PT-101,NORMAL,LOW,4.15,NUMERIC,CLEARED,
2026-09-19 13:41:29,TT-101,NORMAL,LOW,46.46,NUMERIC,CLEARED,
2026-09-19 13:47:25,TT-101,NORMAL,LOW,69.01,NUMERIC,CLEARED,
2026-09-19 13:50:47,V-101,NORMAL,LOW,25.78,NUMERIC,CLEARED,
2026-09-19 13:57:23,LT-101,NORMAL,LOW,73.63,NUMERIC,CLEARED,
2026-09-19 13:58:22,FT-101,NORMAL,LOW,20.52,NUMERIC,CLEARED,
2026-09-19 14:00:17,FT-101,NORMAL,LOW,26.15,NUMERIC,CLEARED,
2026-09-19 14:15:22,TT-101,NORMAL,LOW,53.29,NUMERIC,CLEARED,
2026-09-19 14:18:38,M-101,NORMAL,LOW,18.29,NUMERIC,CLEARED,
2026-09-19 14:28:51,LT-101,NORMAL,LOW,69.99,NUMERIC,CLEARED,
2026-09-19 14:54:02,TT-101,NORMAL,LOW,55.4,NUMERIC,CLEARED,
2026-09-19 14:54:36,M-101,NORMAL,LOW,19.29,NUMERIC,CLEARED,
2026-09-19 14:57:40,LT-101,NORMAL,LOW,76.6,NUMERIC,CLEARED,
2026-09-19 15:06:26,PT-101,NORMAL,LOW,5.42,NUMERIC,CLEARED,
2026-09-19 15:08:46,TT-101,NORMAL,LOW,70.51,NUMERIC,CLEARED,
2026-09-19 15:10:42,FT-101,NORMAL,LOW,,NULL,CLEARED,MISSING_VALUE
2026-09-19 15:11:46,M-101,NORMAL,LOW,4.51,NUMERIC,CLEARED,
2026-09-19 15:15:56,TT-101,NORMAL,LOW,51.67,NUMERIC,CLEARED,
2026-09-19 15:16:37,FT-101,NORMAL,LOW,20.75,NUMERIC,CLEARED,
2026-09-19 15:27:31,PT-101,NORMAL,LOW,6.68,NUMERIC,CLEARED,
2026-09-19 15:30:27,TT-101,NORMAL,LOW,55.99,NUMERIC,CLEARED,
2026-09-19 15:36:10,M-101,NORMAL,LOW,32.2,NUMERIC,CLEARED,
2026-09-19 15:42:44,TT-101,NORMAL,LOW,52.89,NUMERIC,CLEARED,
2026-09-19 15:49:00,LT-101,NORMAL,LOW,40.54,NUMERIC,CLEARED,
2026-09-19 15:59:09,FT-101,NORMAL,LOW,35.16,NUMERIC,CLEARED,
2026-09-19 16:09:54,FT-101,NORMAL,LOW,37.26,NUMERIC,CLEARED,
2026-09-19 16:15:32,FT-101,NORMAL,LOW,37.58,NUMERIC,CLEARED,
2026-09-19 16:15:43,LT-101,NORMAL,LOW,52.01,NUMERIC,CLEARED,
2026-09-19 16:36:51,FT-101,NORMAL,LOW,35.05,NUMERIC,CLEARED,
2026-09-19 16:50:04,LT-101,NORMAL,LOW,52.98,NUMERIC,CLEARED,
2026-09-19 16:52:24,PT-101,NORMAL,LOW,5.33,NUMERIC,CLEARED,
2026-09-19 16:56:44,PT-101,NORMAL,LOW,6.09,NUMERIC,CLEARED,
2026-09-19 17:11:26,FT-101,NORMAL,LOW,36.49,NUMERIC,CLEARED,
2026-09-19 17:12:53,V-101,NORMAL,LOW,14.21,NUMERIC,CLEARED,
2026-09-19 17:13:41,LT-101,NORMAL,LOW,76.67,NUMERIC,CLEARED,
2026-09-19 17:15:29,V-101,NORMAL,LOW,42.6,NUMERIC,CLEARED,
2026-09-19 17:18:59,M-101,NORMAL,LOW,21.44,NUMERIC,CLEARED,
2026-09-19 17:38:57,TT-101,NORMAL,LOW,45.04,NUMERIC,CLEARED,
2026-09-19 17:51:11,M-101,NORMAL,LOW,19.49,NUMERIC,CLEARED,
2026-09-19 17:54:43,FT-101,NORMAL,LOW,33.05,NUMERIC,CLEARED,
2026-09-19 18:00:11,PT-101,NORMAL,LOW,6.44,NUMERIC,CLEARED,
2026-09-19 18:02:51,LT-101,NORMAL,LOW,60.76,NUMERIC,CLEARED,
2026-09-19 18:03:00,P-101,NORMAL,LOW,,NULL,CLEARED,MISSING_VALUE
2026-09-19 18:06:22,TT-101,HIGH_TEMPERATURE,HIGH,99.89,NUMERIC,ACTIVE,
2026-09-19 18:11:22,PT-101,NORMAL,LOW,6.78,NUMERIC,CLEARED,
2026-09-19 18:22:04,M-101,NORMAL,LOW,1.56,NUMERIC,CLEARED,
2026-09-19 18:28:25,PT-101,NORMAL,LOW,6.23,NUMERIC,CLEARED,
2026-09-19 18:31:48,FT-101,NORMAL,LOW,33.96,NUMERIC,CLEARED,
2026-09-19 18:33:52,TT-101,NORMAL,LOW,65.65,NUMERIC,CLEARED,
2026-09-19 18:35:54,LT-101,NORMAL,LOW,49.69,NUMERIC,CLEARED,
2026-09-19 18:39:42,PT-101,NORMAL,LOW,4.81,NUMERIC,CLEARED,
2026-09-19 18:49:30,M-101,NORMAL,LOW,26.55,NUMERIC,CLEARED,
2026-09-19 18:49:52,LT-101,NORMAL,LOW,64.19,NUMERIC,CLEARED,
2026-09-19 18:49:56,PT-101,NORMAL,LOW,5.38,NUMERIC,CLEARED,
2026-09-19 18:57:53,LT-101,NORMAL,LOW,70.37,NUMERIC,CLEARED,
2026-09-19 19:00:33,M-101,NORMAL,LOW,23.32,NUMERIC,CLEARED,
2026-09-19 19:06:21,M-101,NORMAL,LOW,34.29,NUMERIC,CLEARED,
2026-09-19 19:07:05,TT-101,HIGH_TEMPERATURE,HIGH,90.18,NUMERIC,ACKNOWLEDGED,
2026-09-19 19:12:46,M-101,NORMAL,LOW,26.82,NUMERIC,CLEARED,
2026-09-19 19:16:55,PT-101,HIGH_PRESSURE,CRITICAL,9.89,NUMERIC,CLEARED,
2026-09-19 19:19:02,TT-101,HIGH_TEMPERATURE,HIGH,96.04,NUMERIC,ACKNOWLEDGED,
2026-09-19 19:23:05,LT-101,NORMAL,LOW,56.73,NUMERIC,CLEARED,
2026-09-19 19:25:26,PT-101,NORMAL,LOW,4.55,NUMERIC,CLEARED,
2026-09-19 19:32:33,LT-101,NORMAL,LOW,40,NUMERIC,CLEARED,
2026-09-19 19:35:00,TT-101,HIGH_TEMPERATURE,HIGH,99.49,NUMERIC,ACTIVE,
2026-09-19 19:35:06,LT-101,NORMAL,LOW,61.55,NUMERIC,CLEARED,
2026-09-19 19:35:30,LT-101,NORMAL,LOW,71.04,NUMERIC,CLEARED,
2026-09-19 19:42:38,LT-101,NORMAL,LOW,44.33,NUMERIC,CLEARED,
2026-09-19 19:47:00,TT-101,NORMAL,LOW,54.55,NUMERIC,CLEARED,
2026-09-19 20:05:12,TT-101,NORMAL,LOW,56.22,NUMERIC,CLEARED,
2026-09-19 20:05:26,FT-101,NORMAL,LOW,25.17,NUMERIC,CLEARED,
2026-09-19 20:17:00,TT-101,NORMAL,LOW,,NULL,CLEARED,MISSING_VALUE
2026-09-19 20:18:45,LT-101,NORMAL,LOW,42.92,NUMERIC,CLEARED,
2026-09-19 20:21:09,TT-101,NORMAL,LOW,67.65,NUMERIC,CLEARED,
2026-09-19 20:23:25,LT-101,NORMAL,LOW,47.01,NUMERIC,CLEARED,
2026-09-19 20:32:42,M-101,NORMAL,LOW,34.39,NUMERIC,CLEARED,
2026-09-19 20:37:38,TT-101,NORMAL,LOW,59.36,NUMERIC,CLEARED,
2026-09-19 20:42:41,M-101,NORMAL,LOW,34.35,NUMERIC,CLEARED,
2026-09-19 20:45:01,PT-101,NORMAL,LOW,5.71,NUMERIC,CLEARED,
2026-09-19 20:49:03,FT-101,NORMAL,LOW,35.42,NUMERIC,CLEARED,
2026-09-19 20:57:26,M-101,NORMAL,LOW,16.1,NUMERIC,CLEARED,
2026-09-19 20:58:59,LT-101,NORMAL,LOW,44.73,NUMERIC,CLEARED,
2026-09-19 21:06:53,LT-101,NORMAL,LOW,63.55,NUMERIC,CLEARED,
2026-09-19 21:08:38,TT-101,NORMAL,LOW,45.79,NUMERIC,CLEARED,
2026-09-19 21:22:56,PT-101,NORMAL,LOW,5.79,NUMERIC,CLEARED,
2026-09-19 21:24:01,TT-101,NORMAL,LOW,62,NUMERIC,CLEARED,
2026-09-19 21:24:46,LT-101,NORMAL,LOW,61.67,NUMERIC,CLEARED,
2026-09-19 21:30:59,LT-101,NORMAL,LOW,69.74,NUMERIC,CLEARED,
2026-09-19 21:31:24,LT-101,NORMAL,LOW,54.63,NUMERIC,CLEARED,
2026-09-19 21:32:31,V-101,NORMAL,LOW,2.98,NUMERIC,CLEARED,
2026-09-19 21:33:19,FT-101,NORMAL,LOW,30.96,NUMERIC,CLEARED,
2026-09-19 21:38:10,PT-101,NORMAL,LOW,4.93,NUMERIC,CLEARED,
2026-09-19 21:43:44,TT-101,NORMAL,LOW,66.85,NUMERIC,CLEARED,
2026-09-19 21:51:24,FT-101,NORMAL,LOW,30.6,NUMERIC,CLEARED,
2026-09-19 21:55:48,PT-101,NORMAL,LOW,4.15,NUMERIC,CLEARED,
2026-09-19 22:03:37,PT-101,NORMAL,LOW,6.14,NUMERIC,CLEARED,
2026-09-19 22:04:07,TT-101,NORMAL,LOW,51.15,NUMERIC,CLEARED,
2026-09-19 22:11:13,PT-101,NORMAL,LOW,6.44,NUMERIC,CLEARED,
2026-09-19 22:12:13,FT-101,LOW_FLOW,MEDIUM,6.5,NUMERIC,ACTIVE,
2026-09-19 22:17:05,V-101,NORMAL,LOW,17.71,NUMERIC,CLEARED,
2026-09-19 22:18:23,LT-101,NORMAL,LOW,65.8,NUMERIC,CLEARED,
2026-09-19 22:20:12,PT-101,NORMAL,LOW,5.52,NUMERIC,CLEARED,
2026-09-19 22:22:31,V-101,NORMAL,LOW,53.74,NUMERIC,CLEARED,
2026-09-19 22:42:25,M-101,NORMAL,LOW,11.95,NUMERIC,CLEARED,
2026-09-19 22:51:14,LT-101,LOW_LEVEL,HIGH,17.87,NUMERIC,CLEARED,
2026-09-19 22:52:27,PT-101,NORMAL,LOW,5.14,NUMERIC,CLEARED,
2026-09-19 22:56:11,TT-101,NORMAL,LOW,69.44,NUMERIC,CLEARED,
2026-09-19 23:05:22,TT-101,NORMAL,LOW,63.26,NUMERIC,CLEARED,
2026-09-19 23:07:26,FT-101,NORMAL,LOW,27.63,NUMERIC,CLEARED,
2026-09-19 23:12:52,LT-101,NORMAL,LOW,60.23,NUMERIC,CLEARED,
2026-09-19 23:14:33,V-101,NORMAL,LOW,59.88,NUMERIC,CLEARED,
2026-09-19 23:14:38,FT-101,NORMAL,LOW,25.62,NUMERIC,CLEARED,
2026-09-19 23:27:32,LT-101,NORMAL,LOW,71.7,NUMERIC,CLEARED,
2026-09-19 23:35:13,P-101,PUMP_FAILURE,CRITICAL,STOPPED,STATE,CLEARED,
2026-09-19 23:43:30,M-101,NORMAL,LOW,1.82,NUMERIC,CLEARED,
2026-09-19 23:43:37,TT-101,NORMAL,LOW,64.63,NUMERIC,CLEARED,
2026-09-19 23:48:12,V-101,NORMAL,LOW,10.62,NUMERIC,CLEARED,
2026-09-19 23:51:09,LT-101,NORMAL,LOW,42.09,NUMERIC,CLEARED,
2026-09-19 23:55:51,PT-101,NORMAL,LOW,4.36,NUMERIC,CLEARED,
2026-09-20 00:01:53,PT-101,HIGH_PRESSURE,CRITICAL,,NULL,CLEARED,MISSING_VALUE
2026-09-20 00:04:30,PT-101,NORMAL,LOW,5.2,NUMERIC,CLEARED,
2026-09-20 00:07:53,PT-101,NORMAL,LOW,4.47,NUMERIC,CLEARED,
2026-09-20 00:08:46,LT-101,NORMAL,LOW,48.66,NUMERIC,CLEARED,
2026-09-20 00:28:34,TT-101,NORMAL,LOW,49.24,NUMERIC,CLEARED,
2026-09-20 00:50:05,PT-101,NORMAL,LOW,4.45,NUMERIC,CLEARED,
2026-09-20 00:50:33,LT-101,NORMAL,LOW,63.9,NUMERIC,CLEARED,
2026-09-20 01:02:33,LT-101,HIGH_LEVEL,CRITICAL,94.25,NUMERIC,ACTIVE,
2026-09-20 01:04:12,V-101,NORMAL,LOW,63.86,NUMERIC,CLEARED,
2026-09-20 01:12:22,P-102,NORMAL,LOW,,NULL,CLEARED,MISSING_VALUE
2026-09-20 01:23:53,M-101,NORMAL,LOW,28.75,NUMERIC,CLEARED,
2026-09-20 01:31:23,LT-101,NORMAL,LOW,46.14,NUMERIC,CLEARED,
2026-09-20 01:40:31,TT-101,NORMAL,LOW,66.52,NUMERIC,CLEARED,
2026-09-20 01:44:29,PT-101,NORMAL,LOW,4.15,NUMERIC,CLEARED,
2026-09-20 01:45:20,P-101,PUMP_FAILURE,CRITICAL,STOPPED,STATE,ACTIVE,
2026-09-20 01:45:27,FT-101,NORMAL,LOW,38.6,NUMERIC,CLEARED,
2026-09-20 01:51:36,M-101,HIGH_CURRENT,HIGH,53.62,NUMERIC,ACTIVE,
2026-09-20 01:58:23,TT-101,NORMAL,LOW,54.22,NUMERIC,CLEARED,
2026-09-20 02:02:49,TT-101,NORMAL,LOW,67.5,NUMERIC,CLEARED,
2026-09-20 02:09:46,TT-101,NORMAL,LOW,66.19,NUMERIC,CLEARED,
2026-09-20 02:10:36,PT-101,NORMAL,LOW,6.52,NUMERIC,CLEARED,
2026-09-20 02:15:35,FT-101,NORMAL,LOW,32.25,NUMERIC,CLEARED,
2026-09-20 02:16:46,V-101,NORMAL,LOW,12.95,NUMERIC,CLEARED,
2026-09-20 02:24:07,LT-101,NORMAL,LOW,42.85,NUMERIC,CLEARED,
2026-09-20 02:24:27,FT-101,NORMAL,LOW,36.48,NUMERIC,CLEARED,
2026-09-20 02:25:36,FT-101,NORMAL,LOW,26.71,NUMERIC,CLEARED,
2026-09-20 02:35:44,LT-101,NORMAL,LOW,52,NUMERIC,CLEARED,
2026-09-20 02:42:46,V-101,NORMAL,LOW,51.21,NUMERIC,CLEARED,
2026-09-20 02:45:18,FT-101,NORMAL,LOW,33.12,NUMERIC,CLEARED,
2026-09-20 02:49:04,P-101,PUMP_FAILURE,CRITICAL,STOPPED,STATE,CLEARED,
2026-09-20 02:51:38,PT-101,NORMAL,LOW,5.97,NUMERIC,CLEARED,
2026-09-20 03:19:26,LT-101,NORMAL,LOW,78.11,NUMERIC,CLEARED,
2026-09-20 03:22:12,P-101,NORMAL,LOW,,NULL,CLEARED,MISSING_VALUE
2026-09-20 03:30:31,V-101,NORMAL,LOW,38.39,NUMERIC,CLEARED,
2026-09-20 03:32:12,P-101,PUMP_FAILURE,CRITICAL,STOPPED,STATE,CLEARED,
2026-09-20 03:50:23,V-101,NORMAL,LOW,65.16,NUMERIC,CLEARED,
2026-09-20 03:59:19,FT-101,NORMAL,LOW,22.38,NUMERIC,CLEARED,
2026-09-20 04:09:44,TT-101,NORMAL,LOW,56.2,NUMERIC,CLEARED,
2026-09-20 04:12:18,TT-101,NORMAL,LOW,63.5,NUMERIC,CLEARED,
2026-09-20 04:30:46,TT-101,NORMAL,LOW,49.05,NUMERIC,CLEARED,
2026-09-20 04:40:15,FT-101,NORMAL,LOW,27.74,NUMERIC,CLEARED,
2026-09-20 04:45:15,PT-101,NORMAL,LOW,,NULL,CLEARED,MISSING_VALUE
2026-09-20 04:53:12,FT-101,NORMAL,LOW,33.15,NUMERIC,CLEARED,
2026-09-20 04:54:22,PT-101,NORMAL,LOW,4.4,NUMERIC,CLEARED,
2026-09-20 04:56:54,FT-101,NORMAL,LOW,27.2,NUMERIC,CLEARED,
2026-09-20 04:58:39,PT-101,NORMAL,LOW,5.27,NUMERIC,CLEARED,
2026-09-20 05:00:37,PT-101,NORMAL,LOW,5.72,NUMERIC,CLEARED,
2026-09-20 05:05:19,TT-101,HIGH_TEMPERATURE,HIGH,91.41,NUMERIC,ACTIVE,
2026-09-20 05:07:55,FT-101,NORMAL,LOW,28.03,NUMERIC,CLEARED,
2026-09-20 05:09:01,PT-101,NORMAL,LOW,5.39,NUMERIC,CLEARED,
2026-09-20 05:21:34,PT-101,NORMAL,LOW,5.68,NUMERIC,CLEARED,
2026-09-20 05:23:34,V-101,NORMAL,LOW,41.81,NUMERIC,CLEARED,
2026-09-20 05:25:57,PT-101,NORMAL,LOW,6.59,NUMERIC,CLEARED,
2026-09-20 05:39:32,FT-101,NORMAL,LOW,33.86,NUMERIC,CLEARED,
2026-09-20 05:39:36,PT-101,NORMAL,LOW,6.83,NUMERIC,CLEARED,
2026-09-20 05:43:56,LT-101,NORMAL,LOW,56.43,NUMERIC,CLEARED,
2026-09-20 05:54:05,LT-101,NORMAL,LOW,53.07,NUMERIC,CLEARED,
2026-09-20 06:02:04,PT-101,LOW_PRESSURE,MEDIUM,2.04,NUMERIC,ACTIVE,
2026-09-20 06:17:17,TT-101,NORMAL,LOW,60.31,NUMERIC,CLEARED,
2026-09-20 06:20:54,LT-101,NORMAL,LOW,68.98,NUMERIC,CLEARED,
2026-09-20 06:28:27,PT-101,NORMAL,LOW,6.2,NUMERIC,CLEARED,
2026-09-20 06:31:40,PT-101,NORMAL,LOW,6.26,NUMERIC,CLEARED,
2026-09-20 06:41:30,PT-101,NORMAL,LOW,6.65,NUMERIC,CLEARED,
2026-09-20 06:42:58,TT-101,NORMAL,LOW,60.62,NUMERIC,CLEARED,
2026-09-20 06:47:12,V-101,NORMAL,LOW,96.78,NUMERIC,CLEARED,
2026-09-20 06:53:05,FT-101,NORMAL,LOW,24.88,NUMERIC,CLEARED,
2026-09-20 06:57:07,V-101,NORMAL,LOW,38.81,NUMERIC,CLEARED,
2026-09-20 07:01:04,LT-101,NORMAL,LOW,49.02,NUMERIC,CLEARED,
2026-09-20 07:01:26,V-101,NORMAL,LOW,32.82,NUMERIC,CLEARED,
2026-09-20 07:04:03,PT-101,NORMAL,LOW,4.83,NUMERIC,CLEARED,
2026-09-20 07:06:32,TT-101,NORMAL,LOW,64.75,NUMERIC,CLEARED,
2026-09-20 07:09:33,M-101,NORMAL,LOW,34.49,NUMERIC,CLEARED,
2026-09-20 07:11:05,PT-101,NORMAL,LOW,6.92,NUMERIC,CLEARED,
2026-09-20 07:11:19,LT-101,NORMAL,LOW,60.19,NUMERIC,CLEARED,
2026-09-20 07:13:35,LT-101,NORMAL,LOW,62.21,NUMERIC,CLEARED,
2026-09-20 07:22:36,PT-101,NORMAL,LOW,5.48,NUMERIC,CLEARED,
2026-09-20 07:36:48,LT-101,NORMAL,LOW,41.72,NUMERIC,CLEARED,
2026-09-20 07:40:08,PT-101,NORMAL,LOW,6.25,NUMERIC,CLEARED,
2026-09-20 07:47:45,PT-101,NORMAL,LOW,4.15,NUMERIC,CLEARED,
2026-09-20 07:49:25,PT-101,NORMAL,LOW,5.45,NUMERIC,CLEARED,
2026-09-20 07:52:38,FT-101,NORMAL,LOW,29.17,NUMERIC,CLEARED,
2026-09-20 07:53:16,PT-101,NORMAL,LOW,5.38,NUMERIC,CLEARED,
2026-09-20 07:54:51,PT-101,NORMAL,LOW,5.8,NUMERIC,CLEARED,
2026-09-20 07:56:30,TT-101,HIGH_TEMPERATURE,HIGH,90.2,NUMERIC,CLEARED,
2026-09-20 07:58:57,TT-101,HIGH_TEMPERATURE,HIGH,89.1,NUMERIC,ACTIVE,
2026-09-20 07:59:12,LT-101,NORMAL,LOW,74.71,NUMERIC,CLEARED,
2026-09-20 08:02:54,TT-101,HIGH_TEMPERATURE,HIGH,96.78,NUMERIC,CLEARED,
2026-09-20 08:04:36,TT-101,NORMAL,LOW,55.26,NUMERIC,CLEARED,
2026-09-20 08:15:36,LT-101,LOW_LEVEL,HIGH,19.1,NUMERIC,ACTIVE,
2026-09-20 08:18:01,FT-101,NORMAL,LOW,27.26,NUMERIC,CLEARED,
2026-09-20 08:27:04,LT-101,NORMAL,LOW,65.18,NUMERIC,CLEARED,
2026-09-20 08:37:21,LT-101,NORMAL,LOW,54.63,NUMERIC,CLEARED,
2026-09-20 08:39:46,LT-101,NORMAL,LOW,52.96,NUMERIC,CLEARED,
2026-09-20 09:00:59,LT-101,NORMAL,LOW,47.29,NUMERIC,CLEARED,
2026-09-20 09:03:51,TT-101,NORMAL,LOW,49.51,NUMERIC,CLEARED,
2026-09-20 09:07:45,FT-101,NORMAL,LOW,32.22,NUMERIC,CLEARED,
2026-09-20 09:08:40,LT-101,NORMAL,LOW,42.56,NUMERIC,CLEARED,
2026-09-20 09:17:48,FT-101,NORMAL,LOW,21.61,NUMERIC,CLEARED,
2026-09-20 09:23:54,LT-101,NORMAL,LOW,63.66,NUMERIC,CLEARED,
2026-09-20 09:42:03,V-101,NORMAL,LOW,1.62,NUMERIC,CLEARED,
2026-09-20 09:43:12,FT-101,NORMAL,LOW,37.28,NUMERIC,CLEARED,
2026-09-20 09:44:29,PT-101,NORMAL,LOW,4.53,NUMERIC,CLEARED,
2026-09-20 09:45:36,V-101,NORMAL,LOW,31.62,NUMERIC,CLEARED,
2026-09-20 09:52:29,M-101,NORMAL,LOW,27.09,NUMERIC,CLEARED,
2026-09-20 09:54:42,TT-101,NORMAL,LOW,62.51,NUMERIC,CLEARED,
2026-09-20 10:05:49,V-101,NORMAL,LOW,87.33,NUMERIC,CLEARED,
2026-09-20 10:18:20,PT-101,NORMAL,LOW,5.2,NUMERIC,CLEARED,
2026-09-20 10:19:09,TT-101,NORMAL,LOW,60.81,NUMERIC,CLEARED,
2026-09-20 10:19:16,LT-101,NORMAL,LOW,54.2,NUMERIC,CLEARED,
2026-09-20 10:23:20,PT-101,NORMAL,LOW,5.73,NUMERIC,CLEARED,
2026-09-20 10:25:11,P-102,NORMAL,LOW,,NULL,CLEARED,MISSING_VALUE
2026-09-20 10:28:23,FT-101,NORMAL,LOW,33.87,NUMERIC,CLEARED,
2026-09-20 10:28:47,TT-101,NORMAL,LOW,57.82,NUMERIC,CLEARED,
2026-09-20 10:35:28,LT-101,NORMAL,LOW,67.86,NUMERIC,CLEARED,
2026-09-20 10:40:24,FT-101,NORMAL,LOW,27.07,NUMERIC,CLEARED,
2026-09-20 10:47:06,LT-101,NORMAL,LOW,55.37,NUMERIC,CLEARED,
2026-09-20 10:51:35,FT-101,NORMAL,LOW,30.14,NUMERIC,CLEARED,
2026-09-20 10:53:36,LT-101,NORMAL,LOW,72.64,NUMERIC,CLEARED,
2026-09-20 10:54:31,TT-101,NORMAL,LOW,68.52,NUMERIC,CLEARED,
2026-09-20 10:56:51,PT-101,NORMAL,LOW,,NULL,CLEARED,MISSING_VALUE
2026-09-20 11:01:53,TT-101,HIGH_TEMPERATURE,HIGH,94.59,NUMERIC,ACTIVE,
2026-09-20 11:04:49,FT-101,NORMAL,LOW,27.86,NUMERIC,CLEARED,
2026-09-20 11:10:04,LT-101,NORMAL,LOW,60.83,NUMERIC,CLEARED,
2026-09-20 11:14:06,M-101,NORMAL,LOW,28.49,NUMERIC,CLEARED,
2026-09-20 11:14:22,TT-101,NORMAL,LOW,50.06,NUMERIC,CLEARED,
2026-09-20 11:17:11,LT-101,NORMAL,LOW,47.42,NUMERIC,CLEARED,
2026-09-20 11:19:16,FT-101,NORMAL,LOW,37.38,NUMERIC,CLEARED,
2026-09-20 11:20:04,LT-101,NORMAL,LOW,74.6,NUMERIC,CLEARED,
2026-09-20 11:21:24,V-101,NORMAL,LOW,37.91,NUMERIC,CLEARED,
2026-09-20 11:23:56,FT-101,NORMAL,LOW,22.32,NUMERIC,CLEARED,
2026-09-20 11:30:40,V-101,NORMAL,LOW,20.47,NUMERIC,CLEARED,
2026-09-20 11:38:59,PT-101,NORMAL,LOW,5.81,NUMERIC,CLEARED,
2026-09-20 11:44:30,P-101,PUMP_FAILURE,CRITICAL,STOPPED,STATE,CLEARED,
2026-09-20 11:45:12,M-101,NORMAL,LOW,33.99,NUMERIC,CLEARED,
2026-09-20 11:49:38,TT-101,NORMAL,LOW,63.04,NUMERIC,CLEARED,
2026-09-20 11:55:04,FT-101,NORMAL,LOW,39.97,NUMERIC,CLEARED,
2026-09-20 11:57:25,FT-101,NORMAL,LOW,26.77,NUMERIC,CLEARED,
2026-09-20 12:02:36,TT-101,NORMAL,LOW,48.2,NUMERIC,CLEARED,
2026-09-20 12:16:26,FT-101,NORMAL,LOW,37.15,NUMERIC,CLEARED,
2026-09-20 12:29:25,FT-101,NORMAL,LOW,38.56,NUMERIC,CLEARED,
2026-09-20 12:30:01,PT-101,NORMAL,LOW,6.39,NUMERIC,CLEARED,
2026-09-20 12:37:26,TT-101,NORMAL,LOW,66.03,NUMERIC,CLEARED,
2026-09-20 12:42:52,PT-101,NORMAL,LOW,4.6,NUMERIC,CLEARED,
2026-09-20 12:44:07,FT-101,NORMAL,LOW,32.7,NUMERIC,CLEARED,
2026-09-20 12:46:43,LT-101,NORMAL,LOW,41.79,NUMERIC,CLEARED,
2026-09-20 12:49:49,TT-101,NORMAL,LOW,57.25,NUMERIC,CLEARED,
2026-09-20 12:52:13,PT-101,NORMAL,LOW,4.38,NUMERIC,CLEARED,
2026-09-20 12:53:57,PT-101,NORMAL,LOW,6.33,NUMERIC,CLEARED,
2026-09-20 12:56:07,M-101,NORMAL,LOW,26.25,NUMERIC,CLEARED,
2026-09-20 12:57:05,PT-101,NORMAL,LOW,5.94,NUMERIC,CLEARED,
2026-09-20 13:10:22,TT-101,NORMAL,LOW,60.11,NUMERIC,CLEARED,
2026-09-20 13:22:57,FT-101,NORMAL,LOW,35.03,NUMERIC,CLEARED,
2026-09-20 13:30:35,PT-101,NORMAL,LOW,4.71,NUMERIC,CLEARED,
2026-09-20 13:40:03,M-101,NORMAL,LOW,25.48,NUMERIC,CLEARED,
2026-09-20 13:48:38,PT-101,NORMAL,LOW,4.97,NUMERIC,CLEARED,
2026-09-20 13:49:35,M-101,NORMAL,LOW,2.35,NUMERIC,CLEARED,
2026-09-20 13:53:08,PT-101,NORMAL,LOW,6.23,NUMERIC,CLEARED,
2026-09-20 13:59:07,V-101,NORMAL,LOW,18.84,NUMERIC,CLEARED,
2026-09-20 14:09:02,FT-101,NORMAL,LOW,28.6,NUMERIC,CLEARED,
2026-09-20 14:09:04,TT-101,NORMAL,LOW,46.98,NUMERIC,CLEARED,
2026-09-20 14:10:33,PT-101,NORMAL,LOW,4.27,NUMERIC,CLEARED,
2026-09-20 14:20:54,LT-101,NORMAL,LOW,71.84,NUMERIC,CLEARED,
2026-09-20 14:21:46,LT-101,NORMAL,LOW,46.14,NUMERIC,CLEARED,
2026-09-20 14:25:50,FT-101,NORMAL,LOW,31.69,NUMERIC,CLEARED,
2026-09-20 14:28:26,LT-101,NORMAL,LOW,72.89,NUMERIC,CLEARED,
2026-09-20 14:37:41,PT-101,NORMAL,LOW,4.43,NUMERIC,CLEARED,
2026-09-20 14:38:36,TT-101,NORMAL,LOW,50.84,NUMERIC,CLEARED,
2026-09-20 14:50:53,LT-101,NORMAL,LOW,70.2,NUMERIC,CLEARED,
2026-09-20 14:58:00,TT-101,NORMAL,LOW,50.89,NUMERIC,CLEARED,
2026-09-20 15:03:47,TT-101,NORMAL,LOW,56.67,NUMERIC,CLEARED,
2026-09-20 15:11:08,TT-101,NORMAL,LOW,66.12,NUMERIC,CLEARED,
2026-09-20 15:13:58,LT-101,NORMAL,LOW,70.34,NUMERIC,CLEARED,
2026-09-20 15:16:59,FT-101,NORMAL,LOW,26.91,NUMERIC,CLEARED,
2026-09-20 15:18:01,M-101,NORMAL,LOW,3.11,NUMERIC,CLEARED,
2026-09-20 15:20:45,TT-101,NORMAL,LOW,53.26,NUMERIC,CLEARED,
2026-09-20 15:23:01,M-101,NORMAL,LOW,10.71,NUMERIC,CLEARED,
2026-09-20 15:26:10,LT-101,NORMAL,LOW,75.08,NUMERIC,CLEARED,
2026-09-20 15:35:39,V-101,NORMAL,LOW,61.23,NUMERIC,CLEARED,
2026-09-20 15:41:51,PT-101,NORMAL,LOW,5.8,NUMERIC,CLEARED,
2026-09-20 15:42:50,PT-101,NORMAL,LOW,4.19,NUMERIC,CLEARED,
2026-09-20 15:52:19,FT-101,NORMAL,LOW,30.91,NUMERIC,CLEARED,
2026-09-20 15:56:20,FT-101,NORMAL,LOW,21.39,NUMERIC,CLEARED,
2026-09-20 15:56:22,TT-101,NORMAL,LOW,62.1,NUMERIC,CLEARED,
2026-09-20 15:58:32,LT-101,NORMAL,LOW,59.1,NUMERIC,CLEARED,
2026-09-20 15:58:42,V-101,NORMAL,LOW,67.12,NUMERIC,CLEARED,
2026-09-20 16:08:45,FT-101,LOW_FLOW,MEDIUM,7.16,NUMERIC,ACTIVE,
2026-09-20 16:09:28,LT-101,NORMAL,LOW,62.7,NUMERIC,CLEARED,
2026-09-20 16:17:10,LT-101,NORMAL,LOW,59.31,NUMERIC,CLEARED,
2026-09-20 16:20:40,LT-101,NORMAL,LOW,52.27,NUMERIC,CLEARED,
2026-09-20 16:23:04,TT-101,NORMAL,LOW,65.09,NUMERIC,CLEARED,
2026-09-20 16:25:49,FT-101,NORMAL,LOW,23.51,NUMERIC,CLEARED,
2026-09-20 16:35:43,LT-101,NORMAL,LOW,40.1,NUMERIC,CLEARED,
2026-09-20 16:42:55,FT-101,NORMAL,LOW,35.92,NUMERIC,CLEARED,
2026-09-20 16:51:51,PT-101,NORMAL,LOW,4.17,NUMERIC,CLEARED,
2026-09-20 17:04:24,FT-101,NORMAL,LOW,29.8,NUMERIC,CLEARED,
2026-09-20 17:06:09,M-101,NORMAL,LOW,8.56,NUMERIC,CLEARED,
2026-09-20 17:17:03,LT-101,NORMAL,LOW,41.51,NUMERIC,CLEARED,
2026-09-20 17:21:08,LT-101,NORMAL,LOW,48.49,NUMERIC,CLEARED,
2026-09-20 17:21:24,PT-101,NORMAL,LOW,5.19,NUMERIC,CLEARED,
2026-09-20 17:21:38,FT-101,NORMAL,LOW,35.33,NUMERIC,CLEARED,
2026-09-20 17:28:32,LT-101,NORMAL,LOW,62.94,NUMERIC,CLEARED,
2026-09-20 17:31:23,FT-101,NORMAL,LOW,24.83,NUMERIC,CLEARED,
2026-09-20 17:38:38,LT-101,NORMAL,LOW,71.62,NUMERIC,CLEARED,
2026-09-20 17:44:39,TT-101,NORMAL,LOW,45.37,NUMERIC,CLEARED,
2026-09-20 17:45:33,LT-101,LOW_LEVEL,HIGH,16.32,NUMERIC,CLEARED,
2026-09-20 17:48:29,LT-101,NORMAL,LOW,40.15,NUMERIC,CLEARED,
2026-09-20 17:51:03,M-101,NORMAL,LOW,8.69,NUMERIC,CLEARED,
2026-09-20 17:54:56,LT-101,NORMAL,LOW,54.1,NUMERIC,CLEARED,
2026-09-20 18:02:32,PT-101,NORMAL,LOW,6.8,NUMERIC,CLEARED,
2026-09-20 18:06:56,FT-101,NORMAL,LOW,31.53,NUMERIC,CLEARED,
2026-09-20 18:09:22,FT-101,NORMAL,LOW,32.61,NUMERIC,CLEARED,
2026-09-20 18:15:58,LT-101,NORMAL,LOW,61.81,NUMERIC,CLEARED,
2026-09-20 18:16:14,V-101,NORMAL,LOW,25.32,NUMERIC,CLEARED,
2026-09-20 18:19:54,TT-101,NORMAL,LOW,61.83,NUMERIC,CLEARED,
2026-09-20 18:23:16,FT-101,NORMAL,LOW,28.83,NUMERIC,CLEARED,
2026-09-20 18:25:10,PT-101,HIGH_PRESSURE,CRITICAL,8.65,NUMERIC,CLEARED,
2026-09-20 18:25:30,FT-101,NORMAL,LOW,38.17,NUMERIC,CLEARED,
2026-09-20 18:33:26,PT-101,NORMAL,LOW,6.92,NUMERIC,CLEARED,
2026-09-20 18:40:10,M-101,NORMAL,LOW,19.86,NUMERIC,CLEARED,
2026-09-20 18:51:45,M-101,NORMAL,LOW,18,NUMERIC,CLEARED,
2026-09-20 18:55:31,PT-101,NORMAL,LOW,5.57,NUMERIC,CLEARED,
2026-09-20 18:56:05,FT-101,NORMAL,LOW,32.62,NUMERIC,CLEARED,
2026-09-20 19:14:11,TT-101,NORMAL,LOW,60.58,NUMERIC,CLEARED,
2026-09-20 19:28:23,LT-101,NORMAL,LOW,72.39,NUMERIC,CLEARED,
2026-09-20 19:30:52,LT-101,NORMAL,LOW,54.41,NUMERIC,CLEARED,
2026-09-20 19:33:26,V-101,NORMAL,LOW,38.75,NUMERIC,CLEARED,
2026-09-20 19:34:52,PT-101,NORMAL,LOW,4.63,NUMERIC,CLEARED,
2026-09-20 19:48:26,PT-101,NORMAL,LOW,6.91,NUMERIC,CLEARED,
2026-09-20 19:54:14,PT-101,NORMAL,LOW,6.05,NUMERIC,CLEARED,
2026-09-20 20:03:35,TT-101,NORMAL,LOW,69.37,NUMERIC,CLEARED,
2026-09-20 20:05:18,PT-101,NORMAL,LOW,6.09,NUMERIC,CLEARED,
2026-09-20 20:15:03,LT-101,NORMAL,LOW,51.32,NUMERIC,CLEARED,
2026-09-20 20:15:27,PT-101,NORMAL,LOW,5.05,NUMERIC,CLEARED,
2026-09-20 20:22:03,V-101,NORMAL,LOW,88.45,NUMERIC,CLEARED,
2026-09-20 20:26:47,FT-101,NORMAL,LOW,23.6,NUMERIC,CLEARED,
2026-09-20 20:31:34,LT-101,NORMAL,LOW,,NULL,CLEARED,MISSING_VALUE
2026-09-20 20:34:03,FT-101,NORMAL,LOW,20.67,NUMERIC,CLEARED,
2026-09-20 20:43:37,LT-101,NORMAL,LOW,72.51,NUMERIC,CLEARED,
2026-09-20 20:45:54,LT-101,NORMAL,LOW,45.62,NUMERIC,CLEARED,
2026-09-20 20:55:12,V-101,NORMAL,LOW,12.57,NUMERIC,CLEARED,
2026-09-20 20:56:15,FT-101,HIGH_FLOW,HIGH,61.46,NUMERIC,ACTIVE,
2026-09-20 20:59:32,TT-101,HIGH_TEMPERATURE,HIGH,98.48,NUMERIC,CLEARED,
2026-09-20 21:01:28,M-101,NORMAL,LOW,18.4,NUMERIC,CLEARED,
2026-09-20 21:06:37,FT-101,NORMAL,LOW,25.38,NUMERIC,CLEARED,
2026-09-20 21:18:42,V-101,NORMAL,LOW,11.84,NUMERIC,CLEARED,
2026-09-20 21:19:23,FT-101,NORMAL,LOW,39.53,NUMERIC,CLEARED,
2026-09-20 21:23:42,LT-101,NORMAL,LOW,64.27,NUMERIC,CLEARED,
2026-09-20 21:24:02,P-102,PUMP_FAILURE,CRITICAL,STOPPED,STATE,ACTIVE,
2026-09-20 21:27:48,V-101,NORMAL,LOW,96.86,NUMERIC,CLEARED,
2026-09-20 21:30:18,V-101,NORMAL,LOW,17.6,NUMERIC,CLEARED,
2026-09-20 21:35:53,TT-101,HIGH_TEMPERATURE,HIGH,98.89,NUMERIC,ACTIVE,
2026-09-20 21:53:40,PT-101,NORMAL,LOW,4.54,NUMERIC,CLEARED,
2026-09-20 21:53:54,FT-101,NORMAL,LOW,24.16,NUMERIC,CLEARED,
2026-09-20 22:03:22,FT-101,NORMAL,LOW,22.96,NUMERIC,CLEARED,
2026-09-20 22:19:08,TT-101,NORMAL,LOW,68.3,NUMERIC,CLEARED,
2026-09-20 22:21:29,LT-101,NORMAL,LOW,50.07,NUMERIC,CLEARED,
2026-09-20 22:31:33,TT-101,NORMAL,LOW,50.84,NUMERIC,CLEARED,
2026-09-20 22:36:17,FT-101,LOW_FLOW,MEDIUM,4.25,NUMERIC,ACTIVE,
2026-09-20 22:40:06,PT-101,NORMAL,LOW,5.45,NUMERIC,CLEARED,
2026-09-20 22:42:25,PT-101,NORMAL,LOW,4.65,NUMERIC,CLEARED,
2026-09-20 22:57:20,M-101,NORMAL,LOW,7.58,NUMERIC,CLEARED,
2026-09-20 22:59:50,FT-101,NORMAL,LOW,27.38,NUMERIC,CLEARED,
2026-09-20 23:01:59,LT-101,NORMAL,LOW,46.31,NUMERIC,CLEARED,
2026-09-20 23:04:12,V-101,NORMAL,LOW,17.21,NUMERIC,CLEARED,
2026-09-20 23:07:18,TT-101,NORMAL,LOW,57.41,NUMERIC,CLEARED,
2026-09-20 23:09:17,LT-101,NORMAL,LOW,67.03,NUMERIC,CLEARED,
2026-09-20 23:10:31,LT-101,NORMAL,LOW,64.65,NUMERIC,CLEARED,
2026-09-20 23:23:28,FT-101,NORMAL,LOW,25.75,NUMERIC,CLEARED,
2026-09-20 23:28:40,TT-101,NORMAL,LOW,60.53,NUMERIC,CLEARED,
2026-09-20 23:28:56,TT-101,NORMAL,LOW,74.21,NUMERIC,CLEARED,
2026-09-20 23:33:33,FT-101,NORMAL,LOW,26.16,NUMERIC,CLEARED,
2026-09-20 23:36:50,PT-101,NORMAL,LOW,5.65,NUMERIC,CLEARED,
2026-09-20 23:39:29,FT-101,NORMAL,LOW,33.44,NUMERIC,CLEARED,
2026-09-20 23:49:46,FT-101,NORMAL,LOW,,NULL,CLEARED,MISSING_VALUE
2026-09-20 23:52:03,FT-101,NORMAL,LOW,33.83,NUMERIC,CLEARED,
2026-09-20 23:56:19,FT-101,NORMAL,LOW,33.32,NUMERIC,CLEARED,
2026-09-20 23:56:42,M-101,NORMAL,LOW,7.49,NUMERIC,CLEARED,
2026-09-20 23:58:25,TT-101,NORMAL,LOW,59.41,NUMERIC,CLEARED,
2026-09-21 00:01:05,PT-101,NORMAL,LOW,5.47,NUMERIC,CLEARED,
2026-09-21 00:02:58,P-102,COMMUNICATION_LOST,MEDIUM,,NULL,ACTIVE,MISSING_VALUE
2026-09-21 00:03:25,PT-101,NORMAL,LOW,6.61,NUMERIC,CLEARED,
2026-09-21 00:09:07,PT-101,NORMAL,LOW,5.4,NUMERIC,CLEARED,
2026-09-21 00:15:51,TT-101,HIGH_TEMPERATURE,HIGH,95.44,NUMERIC,CLEARED,
2026-09-21 00:22:01,M-101,NORMAL,LOW,24.78,NUMERIC,CLEARED,
2026-09-21 00:26:02,TT-101,NORMAL,LOW,51.15,NUMERIC,CLEARED,
2026-09-21 00:30:11,LT-101,NORMAL,LOW,51.45,NUMERIC,CLEARED,
2026-09-21 00:31:31,V-101,NORMAL,LOW,63.39,NUMERIC,CLEARED,
2026-09-21 00:40:55,LT-101,NORMAL,LOW,76.46,NUMERIC,CLEARED,
2026-09-21 00:42:13,TT-101,NORMAL,LOW,45.99,NUMERIC,CLEARED,
2026-09-21 00:46:16,TT-101,NORMAL,LOW,58.58,NUMERIC,CLEARED,
2026-09-21 01:19:38,FT-101,NORMAL,LOW,29.5,NUMERIC,CLEARED,
2026-09-21 01:24:22,P-102,PUMP_FAILURE,CRITICAL,STOPPED,STATE,ACTIVE,
2026-09-21 01:25:04,FT-101,NORMAL,LOW,30.44,NUMERIC,CLEARED,
2026-09-21 01:25:22,LT-101,NORMAL,LOW,47.21,NUMERIC,CLEARED,
2026-09-21 01:26:11,LT-101,NORMAL,LOW,63.8,NUMERIC,CLEARED,
2026-09-21 01:31:20,LT-101,NORMAL,LOW,70.12,NUMERIC,CLEARED,
2026-09-21 01:39:35,FT-101,NORMAL,LOW,36.42,NUMERIC,CLEARED,
2026-09-21 01:43:41,FT-101,NORMAL,LOW,21.93,NUMERIC,CLEARED,
2026-09-21 01:44:05,PT-101,NORMAL,LOW,4.52,NUMERIC,CLEARED,
2026-09-21 01:46:20,M-101,NORMAL,LOW,5.77,NUMERIC,CLEARED,
2026-09-21 01:58:03,FT-101,NORMAL,LOW,31.81,NUMERIC,CLEARED,
2026-09-21 01:59:41,LT-101,NORMAL,LOW,57.71,NUMERIC,CLEARED,
2026-09-21 02:05:08,V-101,NORMAL,LOW,97.72,NUMERIC,CLEARED,
2026-09-21 02:17:24,V-101,NORMAL,LOW,33.51,NUMERIC,CLEARED,
2026-09-21 02:22:43,LT-101,NORMAL,LOW,60.28,NUMERIC,CLEARED,
2026-09-21 02:26:48,PT-101,NORMAL,LOW,5.8,NUMERIC,CLEARED,
2026-09-21 02:27:15,M-101,NORMAL,LOW,14.55,NUMERIC,CLEARED,
2026-09-21 02:38:13,LT-101,NORMAL,LOW,69.67,NUMERIC,CLEARED,
2026-09-21 02:38:50,FT-101,NORMAL,LOW,35.79,NUMERIC,CLEARED,
2026-09-21 02:39:51,FT-101,NORMAL,LOW,35.73,NUMERIC,CLEARED,
2026-09-21 02:46:52,LT-101,NORMAL,LOW,45.76,NUMERIC,CLEARED,
2026-09-21 02:49:28,V-101,NORMAL,LOW,56.84,NUMERIC,CLEARED,
2026-09-21 02:49:55,V-101,NORMAL,LOW,5.3,NUMERIC,CLEARED,
2026-09-21 03:00:41,FT-101,NORMAL,LOW,27.65,NUMERIC,CLEARED,
2026-09-21 03:03:26,FT-101,NORMAL,LOW,37.11,NUMERIC,CLEARED,
2026-09-21 03:03:58,PT-101,NORMAL,LOW,5.8,NUMERIC,CLEARED,
2026-09-21 03:10:47,TT-101,NORMAL,LOW,52.93,NUMERIC,CLEARED,
2026-09-21 03:19:29,FT-101,HIGH_FLOW,HIGH,64.99,NUMERIC,ACTIVE,
2026-09-21 03:23:09,TT-101,NORMAL,LOW,46.19,NUMERIC,CLEARED,
2026-09-21 03:24:01,LT-101,NORMAL,LOW,40.48,NUMERIC,CLEARED,
2026-09-21 03:26:19,TT-101,NORMAL,LOW,66.44,NUMERIC,CLEARED,
2026-09-21 03:27:22,PT-101,NORMAL,LOW,5.16,NUMERIC,CLEARED,
2026-09-21 03:32:41,M-101,NORMAL,LOW,20.55,NUMERIC,CLEARED,
2026-09-21 03:44:30,PT-101,NORMAL,LOW,6.84,NUMERIC,CLEARED,
2026-09-21 03:53:01,LT-101,NORMAL,LOW,71.13,NUMERIC,CLEARED,
2026-09-21 03:57:57,FT-101,NORMAL,LOW,27.96,NUMERIC,CLEARED,
2026-09-21 03:58:04,FT-101,NORMAL,LOW,31.3,NUMERIC,CLEARED,
2026-09-21 04:06:19,TT-101,HIGH_TEMPERATURE,HIGH,87.48,NUMERIC,CLEARED,
2026-09-21 04:06:26,M-101,NORMAL,LOW,20.42,NUMERIC,CLEARED,
2026-09-21 04:10:19,V-101,VALVE_FAILURE,HIGH,29.79,NUMERIC,CLEARED,
2026-09-21 04:19:41,M-101,NORMAL,LOW,20.06,NUMERIC,CLEARED,
2026-09-21 04:23:01,LT-101,NORMAL,LOW,57.56,NUMERIC,CLEARED,
2026-09-21 04:30:34,FT-101,NORMAL,LOW,37.72,NUMERIC,CLEARED,
2026-09-21 04:38:23,LT-101,NORMAL,LOW,62.81,NUMERIC,CLEARED,
2026-09-21 04:39:47,TT-101,NORMAL,LOW,58.6,NUMERIC,CLEARED,
2026-09-21 04:44:19,FT-101,NORMAL,LOW,33.76,NUMERIC,CLEARED,
2026-09-21 04:56:02,LT-101,NORMAL,LOW,75.48,NUMERIC,CLEARED,
2026-09-21 05:01:17,LT-101,NORMAL,LOW,42.63,NUMERIC,CLEARED,
2026-09-21 05:02:02,TT-101,NORMAL,LOW,66.99,NUMERIC,CLEARED,
2026-09-21 05:04:26,TT-101,NORMAL,LOW,48.05,NUMERIC,CLEARED,
2026-09-21 05:19:21,V-101,NORMAL,LOW,61.96,NUMERIC,CLEARED,
2026-09-21 05:23:48,FT-101,NORMAL,LOW,20.91,NUMERIC,CLEARED,
2026-09-21 05:33:17,TT-101,NORMAL,LOW,61.4,NUMERIC,CLEARED,
2026-09-21 05:40:47,M-101,NORMAL,LOW,,NULL,CLEARED,MISSING_VALUE
2026-09-21 05:50:27,M-101,NORMAL,LOW,15.65,NUMERIC,CLEARED,
2026-09-21 05:56:40,M-101,NORMAL,LOW,2.46,NUMERIC,CLEARED,
2026-09-21 06:06:25,LT-101,NORMAL,LOW,73.23,NUMERIC,CLEARED,
2026-09-21 06:07:32,FT-101,NORMAL,LOW,29.49,NUMERIC,CLEARED,
2026-09-21 06:30:12,FT-101,LOW_FLOW,MEDIUM,7.98,NUMERIC,ACTIVE,
2026-09-21 06:32:39,LT-101,NORMAL,LOW,59.36,NUMERIC,CLEARED,
2026-09-21 06:38:29,LT-101,NORMAL,LOW,57.15,NUMERIC,CLEARED,
2026-09-21 06:50:35,M-101,NORMAL,LOW,2.46,NUMERIC,CLEARED,
2026-09-21 06:53:32,TT-101,NORMAL,LOW,49.8,NUMERIC,CLEARED,
2026-09-21 06:55:24,M-101,NORMAL,LOW,5.66,NUMERIC,CLEARED,
2026-09-21 07:05:30,TT-101,NORMAL,LOW,55.53,NUMERIC,CLEARED,
2026-09-21 07:06:38,PT-101,NORMAL,LOW,6,NUMERIC,CLEARED,
2026-09-21 07:06:41,TT-101,NORMAL,LOW,63.21,NUMERIC,CLEARED,
2026-09-21 07:08:42,FT-101,NORMAL,LOW,24,NUMERIC,CLEARED,
2026-09-21 07:17:01,TT-101,NORMAL,LOW,60.32,NUMERIC,CLEARED,
2026-09-21 07:19:09,LT-101,NORMAL,LOW,56.72,NUMERIC,CLEARED,
2026-09-21 07:21:20,LT-101,LOW_LEVEL,HIGH,10.97,NUMERIC,ACKNOWLEDGED,
2026-09-21 07:26:35,LT-101,NORMAL,LOW,45.32,NUMERIC,CLEARED,
2026-09-21 07:36:39,PT-101,NORMAL,LOW,5.53,NUMERIC,CLEARED,
2026-09-21 07:40:11,TT-101,HIGH_TEMPERATURE,HIGH,90.94,NUMERIC,ACTIVE,
2026-09-21 07:50:13,PT-101,NORMAL,LOW,5.2,NUMERIC,CLEARED,
2026-09-21 07:51:25,M-101,HIGH_CURRENT,HIGH,43.09,NUMERIC,ACTIVE,
2026-09-21 07:54:21,FT-101,NORMAL,LOW,22.5,NUMERIC,CLEARED,
2026-09-21 07:56:42,M-101,NORMAL,LOW,33.97,NUMERIC,CLEARED,
2026-09-21 07:58:20,LT-101,NORMAL,LOW,70.08,NUMERIC,CLEARED,
2026-09-21 07:58:33,FT-101,NORMAL,LOW,39.5,NUMERIC,CLEARED,
2026-09-21 08:16:15,LT-101,HIGH_LEVEL,CRITICAL,98.94,NUMERIC,ACTIVE,
2026-09-21 08:17:20,TT-101,NORMAL,LOW,67.1,NUMERIC,CLEARED,
2026-09-21 08:19:23,PT-101,NORMAL,LOW,5.91,NUMERIC,CLEARED,
2026-09-21 08:23:06,FT-101,NORMAL,LOW,28.66,NUMERIC,CLEARED,
2026-09-21 08:25:58,PT-101,NORMAL,LOW,5.34,NUMERIC,CLEARED,
2026-09-21 08:27:02,M-101,NORMAL,LOW,3.95,NUMERIC,CLEARED,
2026-09-21 08:28:32,M-101,NORMAL,LOW,32.12,NUMERIC,CLEARED,
2026-09-21 08:36:02,M-101,NORMAL,LOW,19.35,NUMERIC,CLEARED,
2026-09-21 08:42:44,LT-101,NORMAL,LOW,67.15,NUMERIC,CLEARED,
2026-09-21 08:45:39,P-101,PUMP_FAILURE,CRITICAL,STOPPED,STATE,ACKNOWLEDGED,
2026-09-21 08:50:03,PT-101,LOW_PRESSURE,MEDIUM,1.84,NUMERIC,CLEARED,
2026-09-21 08:50:17,FT-101,NORMAL,LOW,36.78,NUMERIC,CLEARED,
2026-09-21 08:52:40,FT-101,NORMAL,LOW,31.34,NUMERIC,CLEARED,
2026-09-21 08:58:12,M-101,NORMAL,LOW,14.26,NUMERIC,CLEARED,
2026-09-21 09:00:59,LT-101,NORMAL,LOW,70.79,NUMERIC,CLEARED,
2026-09-21 09:11:56,LT-101,NORMAL,LOW,48.91,NUMERIC,CLEARED,
2026-09-21 09:20:03,M-101,NORMAL,LOW,32.59,NUMERIC,CLEARED,
2026-09-21 09:21:46,M-101,NORMAL,LOW,34.39,NUMERIC,CLEARED,
2026-09-21 09:23:14,FT-101,NORMAL,LOW,35.09,NUMERIC,CLEARED,
2026-09-21 09:24:03,V-101,NORMAL,LOW,38.41,NUMERIC,CLEARED,
2026-09-21 09:24:42,PT-101,NORMAL,LOW,6.8,NUMERIC,CLEARED,
2026-09-21 09:35:44,FT-101,NORMAL,LOW,27.24,NUMERIC,CLEARED,
2026-09-21 09:45:03,LT-101,NORMAL,LOW,73.72,NUMERIC,CLEARED,
2026-09-21 09:45:25,LT-101,NORMAL,LOW,65.66,NUMERIC,CLEARED,
2026-09-21 09:52:16,PT-101,NORMAL,LOW,5.28,NUMERIC,CLEARED,
2026-09-21 09:56:24,P-102,PUMP_FAILURE,CRITICAL,STOPPED,STATE,ACKNOWLEDGED,
2026-09-21 10:02:29,LT-101,NORMAL,LOW,70.3,NUMERIC,CLEARED,
2026-09-21 10:06:42,PT-101,NORMAL,LOW,6.02,NUMERIC,CLEARED,
2026-09-21 10:10:28,P-101,PUMP_FAILURE,CRITICAL,STOPPED,STATE,ACTIVE,
2026-09-21 10:14:47,LT-101,NORMAL,LOW,49.8,NUMERIC,CLEARED,
2026-09-21 10:24:20,PT-101,LOW_PRESSURE,MEDIUM,2.29,NUMERIC,ACTIVE,
2026-09-21 10:28:35,TT-101,HIGH_TEMPERATURE,HIGH,92.62,NUMERIC,ACKNOWLEDGED,
2026-09-21 10:29:04,TT-101,NORMAL,LOW,55.15,NUMERIC,CLEARED,
2026-09-21 10:30:34,FT-101,HIGH_FLOW,HIGH,54.85,NUMERIC,ACTIVE,
2026-09-21 10:35:24,LT-101,NORMAL,LOW,78.87,NUMERIC,CLEARED,
2026-09-21 10:40:13,M-101,NORMAL,LOW,2.63,NUMERIC,CLEARED,
2026-09-21 10:41:02,FT-101,HIGH_FLOW,HIGH,53.7,NUMERIC,ACTIVE,
2026-09-21 10:48:29,M-101,NORMAL,LOW,31.53,NUMERIC,CLEARED,
2026-09-21 10:49:58,LT-101,NORMAL,LOW,61.19,NUMERIC,CLEARED,
2026-09-21 10:55:45,PT-101,NORMAL,LOW,5.25,NUMERIC,CLEARED,
2026-09-21 10:58:23,M-101,HIGH_CURRENT,HIGH,53.1,NUMERIC,ACTIVE,
2026-09-21 10:59:37,TT-101,NORMAL,LOW,45.86,NUMERIC,CLEARED,
2026-09-21 11:04:51,LT-101,NORMAL,LOW,61.27,NUMERIC,CLEARED,
2026-09-21 11:11:55,TT-101,NORMAL,LOW,49.63,NUMERIC,CLEARED,
2026-09-21 11:21:32,PT-101,NORMAL,LOW,4.1,NUMERIC,CLEARED,
2026-09-21 11:32:16,PT-101,NORMAL,LOW,6.87,NUMERIC,CLEARED,
2026-09-21 11:36:24,PT-101,NORMAL,LOW,6.62,NUMERIC,CLEARED,
2026-09-21 11:44:13,V-101,NORMAL,LOW,37.59,NUMERIC,CLEARED,
2026-09-21 11:55:21,LT-101,LOW_LEVEL,HIGH,7.13,NUMERIC,ACTIVE,
2026-09-21 11:57:46,PT-101,NORMAL,LOW,5.67,NUMERIC,CLEARED,
2026-09-21 12:01:06,PT-101,NORMAL,LOW,4.23,NUMERIC,CLEARED,
2026-09-21 12:04:17,V-101,NORMAL,LOW,81.58,NUMERIC,CLEARED,
2026-09-21 12:11:58,V-101,NORMAL,LOW,68.58,NUMERIC,CLEARED,
2026-09-21 12:14:19,PT-101,NORMAL,LOW,5.95,NUMERIC,CLEARED,
2026-09-21 12:20:59,LT-101,NORMAL,LOW,45.52,NUMERIC,CLEARED,
2026-09-21 12:28:40,PT-101,LOW_PRESSURE,MEDIUM,1.06,NUMERIC,ACKNOWLEDGED,
2026-09-21 12:44:16,TT-101,NORMAL,LOW,67.76,NUMERIC,CLEARED,
2026-09-21 12:45:25,FT-101,NORMAL,LOW,28.22,NUMERIC,CLEARED,
2026-09-21 12:57:33,LT-101,NORMAL,LOW,79.74,NUMERIC,CLEARED,
2026-09-21 12:58:31,LT-101,LOW_LEVEL,HIGH,6.59,NUMERIC,CLEARED,
2026-09-21 12:58:47,TT-101,NORMAL,LOW,49.62,NUMERIC,CLEARED,
2026-09-21 13:08:14,LT-101,NORMAL,LOW,78.4,NUMERIC,CLEARED,
2026-09-21 13:08:17,TT-101,NORMAL,LOW,72.77,NUMERIC,CLEARED,
2026-09-21 13:09:35,LT-101,LOW_LEVEL,HIGH,7.07,NUMERIC,CLEARED,
2026-09-21 13:19:39,PT-101,NORMAL,LOW,6.81,NUMERIC,CLEARED,
2026-09-21 13:27:38,V-101,NORMAL,LOW,67.17,NUMERIC,CLEARED,
2026-09-21 13:31:08,LT-101,NORMAL,LOW,52.43,NUMERIC,CLEARED,
2026-09-21 13:33:55,TT-101,NORMAL,LOW,52.16,NUMERIC,CLEARED,
2026-09-21 13:38:40,FT-101,NORMAL,LOW,27.76,NUMERIC,CLEARED,
2026-09-21 13:42:10,M-101,HIGH_CURRENT,HIGH,55.37,NUMERIC,CLEARED,
2026-09-21 13:48:01,PT-101,NORMAL,LOW,4.49,NUMERIC,CLEARED,
2026-09-21 13:49:52,V-101,NORMAL,LOW,75.35,NUMERIC,CLEARED,
2026-09-21 13:52:18,LT-101,NORMAL,LOW,57.54,NUMERIC,CLEARED,
2026-09-21 14:00:46,LT-101,NORMAL,LOW,57.72,NUMERIC,CLEARED,
2026-09-21 14:09:00,P-101,NORMAL,LOW,,NULL,CLEARED,MISSING_VALUE
2026-09-21 14:19:05,PT-101,NORMAL,LOW,5.44,NUMERIC,CLEARED,
2026-09-21 14:21:20,PT-101,NORMAL,LOW,5.92,NUMERIC,CLEARED,
2026-09-21 14:28:00,LT-101,NORMAL,LOW,50.42,NUMERIC,CLEARED,
2026-09-21 14:29:06,FT-101,NORMAL,LOW,26.32,NUMERIC,CLEARED,
2026-09-21 14:32:51,FT-101,NORMAL,LOW,36.95,NUMERIC,CLEARED,
2026-09-21 14:34:44,V-101,NORMAL,LOW,5.89,NUMERIC,CLEARED,
2026-09-21 14:36:48,LT-101,NORMAL,LOW,48.52,NUMERIC,CLEARED,
2026-09-21 14:42:58,PT-101,NORMAL,LOW,5.29,NUMERIC,CLEARED,
2026-09-21 14:56:04,TT-101,NORMAL,LOW,53.01,NUMERIC,CLEARED,
2026-09-21 15:01:44,PT-101,NORMAL,LOW,4.28,NUMERIC,CLEARED,
2026-09-21 15:08:00,PT-101,NORMAL,LOW,4.49,NUMERIC,CLEARED,
2026-09-21 15:11:15,TT-101,NORMAL,LOW,56.72,NUMERIC,CLEARED,
2026-09-21 15:11:15,PT-101,NORMAL,LOW,4.66,NUMERIC,CLEARED,
2026-09-21 15:26:44,PT-101,NORMAL,LOW,4.54,NUMERIC,CLEARED,
2026-09-21 15:30:28,PT-101,NORMAL,LOW,5.35,NUMERIC,CLEARED,
2026-09-21 15:32:24,FT-101,HIGH_FLOW,HIGH,53.99,NUMERIC,CLEARED,
2026-09-21 15:34:52,FT-101,LOW_FLOW,MEDIUM,3.75,NUMERIC,ACKNOWLEDGED,
2026-09-21 15:41:45,PT-101,NORMAL,LOW,4.56,NUMERIC,CLEARED,
2026-09-21 15:42:31,PT-101,NORMAL,LOW,4.95,NUMERIC,CLEARED,
2026-09-21 15:47:48,TT-101,NORMAL,LOW,69.1,NUMERIC,CLEARED,
2026-09-21 15:49:16,PT-101,NORMAL,LOW,5.61,NUMERIC,CLEARED,
2026-09-21 15:54:26,FT-101,NORMAL,LOW,30.74,NUMERIC,CLEARED,
2026-09-21 16:00:13,LT-101,NORMAL,LOW,68.05,NUMERIC,CLEARED,
2026-09-21 16:20:50,TT-101,NORMAL,LOW,59.99,NUMERIC,CLEARED,
2026-09-21 16:24:14,PT-101,NORMAL,LOW,4.57,NUMERIC,CLEARED,
2026-09-21 16:26:13,V-101,NORMAL,LOW,58.11,NUMERIC,CLEARED,
2026-09-21 16:33:26,FT-101,HIGH_FLOW,HIGH,55.47,NUMERIC,CLEARED,
2026-09-21 16:35:17,LT-101,NORMAL,LOW,75.65,NUMERIC,CLEARED,
2026-09-21 16:38:36,PT-101,NORMAL,LOW,6.52,NUMERIC,CLEARED,
2026-09-21 16:41:52,LT-101,NORMAL,LOW,51.72,NUMERIC,CLEARED,
2026-09-21 16:46:13,PT-101,NORMAL,LOW,6.46,NUMERIC,CLEARED,
2026-09-21 16:46:29,M-101,NORMAL,LOW,9.68,NUMERIC,CLEARED,
2026-09-21 16:50:49,LT-101,NORMAL,LOW,61.97,NUMERIC,CLEARED,
2026-09-21 16:50:58,TT-101,NORMAL,LOW,49.86,NUMERIC,CLEARED,
2026-09-21 16:52:21,LT-101,NORMAL,LOW,77.74,NUMERIC,CLEARED,
2026-09-21 16:59:09,FT-101,NORMAL,LOW,33.49,NUMERIC,CLEARED,
2026-09-21 16:59:29,PT-101,NORMAL,LOW,4.1,NUMERIC,CLEARED,
2026-09-21 17:00:56,FT-101,NORMAL,LOW,22.43,NUMERIC,CLEARED,
2026-09-21 17:05:48,FT-101,NORMAL,LOW,28.81,NUMERIC,CLEARED,
2026-09-21 17:26:07,LT-101,NORMAL,LOW,73.52,NUMERIC,CLEARED,
2026-09-21 17:42:58,LT-101,NORMAL,LOW,77.12,NUMERIC,CLEARED,
2026-09-21 17:43:17,PT-101,NORMAL,LOW,5.13,NUMERIC,CLEARED,
2026-09-21 17:44:00,V-101,NORMAL,LOW,99.02,NUMERIC,CLEARED,
2026-09-21 17:55:14,FT-101,NORMAL,LOW,21.15,NUMERIC,CLEARED,
2026-09-21 18:09:26,TT-101,NORMAL,LOW,54.1,NUMERIC,CLEARED,
2026-09-21 18:09:52,PT-101,NORMAL,LOW,6.48,NUMERIC,CLEARED,
2026-09-21 18:17:28,TT-101,NORMAL,LOW,61.55,NUMERIC,CLEARED,
2026-09-21 18:26:20,FT-101,NORMAL,LOW,22.86,NUMERIC,CLEARED,
2026-09-21 18:29:24,V-101,NORMAL,LOW,86.43,NUMERIC,CLEARED,
2026-09-21 18:30:56,TT-101,NORMAL,LOW,48.07,NUMERIC,CLEARED,
2026-09-21 18:49:58,V-101,NORMAL,LOW,55.74,NUMERIC,CLEARED,
2026-09-21 18:53:03,PT-101,NORMAL,LOW,5.19,NUMERIC,CLEARED,
2026-09-21 19:02:13,LT-101,NORMAL,LOW,47.72,NUMERIC,CLEARED,
2026-09-21 19:06:25,PT-101,NORMAL,LOW,4.83,NUMERIC,CLEARED,
2026-09-21 19:08:15,FT-101,NORMAL,LOW,36.25,NUMERIC,CLEARED,
2026-09-21 19:14:02,FT-101,NORMAL,LOW,37.42,NUMERIC,CLEARED,
2026-09-21 19:16:43,TT-101,NORMAL,LOW,47.77,NUMERIC,CLEARED,
2026-09-21 19:27:32,LT-101,NORMAL,LOW,63.54,NUMERIC,CLEARED,
2026-09-21 19:28:34,LT-101,NORMAL,LOW,,NULL,CLEARED,MISSING_VALUE
2026-09-21 19:31:06,FT-101,NORMAL,LOW,21.73,NUMERIC,CLEARED,
2026-09-21 19:34:45,TT-101,NORMAL,LOW,50.76,NUMERIC,CLEARED,
2026-09-21 19:41:26,PT-101,NORMAL,LOW,6.02,NUMERIC,CLEARED,
2026-09-21 19:44:42,LT-101,NORMAL,LOW,65.64,NUMERIC,CLEARED,
2026-09-21 19:51:41,LT-101,NORMAL,LOW,49.96,NUMERIC,CLEARED,
2026-09-21 19:53:46,M-101,NORMAL,LOW,29.88,NUMERIC,CLEARED,
2026-09-21 19:55:02,TT-101,NORMAL,LOW,60.05,NUMERIC,CLEARED,
2026-09-21 20:04:16,PT-101,NORMAL,LOW,5.05,NUMERIC,CLEARED,
2026-09-21 20:08:27,FT-101,NORMAL,LOW,22.58,NUMERIC,CLEARED,
2026-09-21 20:13:29,TT-101,NORMAL,LOW,57.93,NUMERIC,CLEARED,
2026-09-21 20:16:03,M-101,NORMAL,LOW,0.4,NUMERIC,CLEARED,
2026-09-21 20:16:26,LT-101,NORMAL,LOW,54.06,NUMERIC,CLEARED,
2026-09-21 20:39:30,LT-101,NORMAL,LOW,67.82,NUMERIC,CLEARED,
2026-09-21 20:42:05,FT-101,NORMAL,LOW,20.19,NUMERIC,CLEARED,
2026-09-21 20:49:53,LT-101,HIGH_LEVEL,CRITICAL,99.14,NUMERIC,ACTIVE,
2026-09-21 21:03:46,FT-101,NORMAL,LOW,25.33,NUMERIC,CLEARED,
2026-09-21 21:24:24,PT-101,NORMAL,LOW,5.07,NUMERIC,CLEARED,
2026-09-21 21:31:24,TT-101,NORMAL,LOW,70.67,NUMERIC,CLEARED,
2026-09-21 21:39:14,M-101,NORMAL,LOW,28.46,NUMERIC,CLEARED,
2026-09-21 21:39:16,TT-101,NORMAL,LOW,72.28,NUMERIC,CLEARED,
2026-09-21 21:39:57,LT-101,NORMAL,LOW,49.84,NUMERIC,CLEARED,
2026-09-21 21:42:33,V-101,NORMAL,LOW,6.37,NUMERIC,CLEARED,
2026-09-21 21:42:46,FT-101,NORMAL,LOW,37.43,NUMERIC,CLEARED,
2026-09-21 21:51:17,FT-101,NORMAL,LOW,29.69,NUMERIC,CLEARED,
2026-09-21 21:51:32,LT-101,NORMAL,LOW,42.76,NUMERIC,CLEARED,
2026-09-21 21:59:45,FT-101,NORMAL,LOW,26.82,NUMERIC,CLEARED,
2026-09-21 22:02:11,LT-101,NORMAL,LOW,64.94,NUMERIC,CLEARED,
2026-09-21 22:05:21,LT-101,HIGH_LEVEL,CRITICAL,99.83,NUMERIC,CLEARED,
2026-09-21 22:11:56,LT-101,NORMAL,LOW,78.61,NUMERIC,CLEARED,
2026-09-21 22:25:27,LT-101,LOW_LEVEL,HIGH,15,NUMERIC,CLEARED,
2026-09-21 22:46:19,LT-101,LOW_LEVEL,HIGH,11.14,NUMERIC,CLEARED,
2026-09-21 22:49:40,FT-101,NORMAL,LOW,32.86,NUMERIC,CLEARED,
2026-09-21 22:50:20,FT-101,NORMAL,LOW,20.57,NUMERIC,CLEARED,
2026-09-21 22:50:57,PT-101,NORMAL,LOW,4.38,NUMERIC,CLEARED,
2026-09-21 22:51:55,TT-101,NORMAL,LOW,47.61,NUMERIC,CLEARED,
2026-09-21 23:10:21,PT-101,NORMAL,LOW,4.26,NUMERIC,CLEARED,
2026-09-21 23:10:51,TT-101,HIGH_TEMPERATURE,HIGH,100.79,NUMERIC,CLEARED,
2026-09-21 23:14:04,V-101,NORMAL,LOW,17.06,NUMERIC,CLEARED,
2026-09-21 23:15:25,LT-101,NORMAL,LOW,41.11,NUMERIC,CLEARED,
2026-09-21 23:19:10,PT-101,NORMAL,LOW,4.16,NUMERIC,CLEARED,
2026-09-21 23:20:01,PT-101,NORMAL,LOW,4.54,NUMERIC,CLEARED,
2026-09-21 23:30:31,FT-101,NORMAL,LOW,36.44,NUMERIC,CLEARED,
2026-09-21 23:40:40,PT-101,NORMAL,LOW,6.26,NUMERIC,CLEARED,
2026-09-21 23:55:11,V-101,NORMAL,LOW,2.56,NUMERIC,CLEARED,
2026-09-21 23:57:18,M-101,NORMAL,LOW,32.86,NUMERIC,CLEARED,
2026-09-21 23:57:40,PT-101,NORMAL,LOW,6.82,NUMERIC,CLEARED,
2026-09-22 00:09:25,PT-101,NORMAL,LOW,6.95,NUMERIC,CLEARED,
2026-09-22 00:14:18,V-101,NORMAL,LOW,54.03,NUMERIC,CLEARED,
2026-09-22 00:15:38,LT-101,NORMAL,LOW,62.13,NUMERIC,CLEARED,
2026-09-22 00:16:33,M-101,NORMAL,LOW,11.77,NUMERIC,CLEARED,
2026-09-22 00:19:08,FT-101,NORMAL,LOW,24.95,NUMERIC,CLEARED,
2026-09-22 00:21:08,FT-101,NORMAL,LOW,24.71,NUMERIC,CLEARED,
2026-09-22 00:28:41,M-101,NORMAL,LOW,34.35,NUMERIC,CLEARED,
2026-09-22 00:29:28,PT-101,NORMAL,LOW,4.69,NUMERIC,CLEARED,
2026-09-22 00:35:50,FT-101,NORMAL,LOW,21.63,NUMERIC,CLEARED,
2026-09-22 00:39:49,M-101,NORMAL,LOW,32.34,NUMERIC,CLEARED,
2026-09-22 00:44:19,TT-101,NORMAL,LOW,55.13,NUMERIC,CLEARED,
2026-09-22 00:49:24,M-101,NORMAL,LOW,8.82,NUMERIC,CLEARED,
2026-09-22 00:55:37,LT-101,NORMAL,LOW,,NULL,CLEARED,MISSING_VALUE
2026-09-22 00:59:19,TT-101,NORMAL,LOW,71.49,NUMERIC,CLEARED,
2026-09-22 01:03:09,M-101,NORMAL,LOW,24.15,NUMERIC,CLEARED,
2026-09-22 01:03:22,TT-101,NORMAL,LOW,52.29,NUMERIC,CLEARED,
2026-09-22 01:08:00,M-101,NORMAL,LOW,13.07,NUMERIC,CLEARED,
2026-09-22 01:13:30,FT-101,NORMAL,LOW,27.55,NUMERIC,CLEARED,
2026-09-22 01:16:39,M-101,NORMAL,LOW,30.47,NUMERIC,CLEARED,
2026-09-22 01:16:47,TT-101,NORMAL,LOW,58.92,NUMERIC,CLEARED,
2026-09-22 01:19:18,FT-101,NORMAL,LOW,36.81,NUMERIC,CLEARED,
2026-09-22 01:19:32,FT-101,NORMAL,LOW,37.06,NUMERIC,CLEARED,
2026-09-22 01:25:06,PT-101,NORMAL,LOW,6.47,NUMERIC,CLEARED,
2026-09-22 01:37:08,PT-101,NORMAL,LOW,4.16,NUMERIC,CLEARED,
2026-09-22 01:43:28,FT-101,NORMAL,LOW,39.51,NUMERIC,CLEARED,
2026-09-22 01:47:57,V-101,NORMAL,LOW,14.9,NUMERIC,CLEARED,
2026-09-22 01:52:48,PT-101,NORMAL,LOW,5.82,NUMERIC,CLEARED,
2026-09-22 02:01:47,PT-101,NORMAL,LOW,5.94,NUMERIC,CLEARED,
2026-09-22 02:08:35,PT-101,NORMAL,LOW,6.72,NUMERIC,CLEARED,
2026-09-22 02:19:06,M-101,NORMAL,LOW,14.9,NUMERIC,CLEARED,
2026-09-22 02:23:47,FT-101,NORMAL,LOW,34.66,NUMERIC,CLEARED,
2026-09-22 02:29:38,M-101,NORMAL,LOW,18.6,NUMERIC,CLEARED,
2026-09-22 02:30:39,M-101,NORMAL,LOW,27.78,NUMERIC,CLEARED,
2026-09-22 02:33:39,FT-101,NORMAL,LOW,36.46,NUMERIC,CLEARED,
2026-09-22 02:47:23,LT-101,NORMAL,LOW,57,NUMERIC,CLEARED,
2026-09-22 02:59:33,LT-101,NORMAL,LOW,64.09,NUMERIC,CLEARED,
2026-09-22 03:05:19,PT-101,NORMAL,LOW,5.61,NUMERIC,CLEARED,
2026-09-22 03:15:52,TT-101,NORMAL,LOW,67.97,NUMERIC,CLEARED,
2026-09-22 03:16:11,LT-101,NORMAL,LOW,79.53,NUMERIC,CLEARED,
2026-09-22 03:18:11,LT-101,NORMAL,LOW,79.16,NUMERIC,CLEARED,
2026-09-22 03:29:28,PT-101,NORMAL,LOW,5.37,NUMERIC,CLEARED,
2026-09-22 03:32:17,PT-101,LOW_PRESSURE,MEDIUM,0.92,NUMERIC,CLEARED,
2026-09-22 03:44:54,PT-101,NORMAL,LOW,4.98,NUMERIC,CLEARED,
2026-09-22 03:49:10,LT-101,NORMAL,LOW,42.17,NUMERIC,CLEARED,
2026-09-22 03:58:07,V-101,VALVE_FAILURE,HIGH,5.66,NUMERIC,ACKNOWLEDGED,
2026-09-22 04:07:24,V-101,NORMAL,LOW,71.73,NUMERIC,CLEARED,
2026-09-22 04:24:57,TT-101,NORMAL,LOW,71.78,NUMERIC,CLEARED,
2026-09-22 04:27:47,PT-101,NORMAL,LOW,5.33,NUMERIC,CLEARED,
2026-09-22 04:28:13,TT-101,NORMAL,LOW,45.99,NUMERIC,CLEARED,
2026-09-22 04:28:39,LT-101,NORMAL,LOW,68.24,NUMERIC,CLEARED,
2026-09-22 04:32:04,TT-101,NORMAL,LOW,56.45,NUMERIC,CLEARED,
2026-09-22 04:42:11,PT-101,NORMAL,LOW,6.53,NUMERIC,CLEARED,
2026-09-22 04:44:40,TT-101,NORMAL,LOW,60.34,NUMERIC,CLEARED,
2026-09-22 04:46:34,LT-101,NORMAL,LOW,60.15,NUMERIC,CLEARED,
2026-09-22 04:50:33,M-101,NORMAL,LOW,11.61,NUMERIC,CLEARED,
2026-09-22 04:53:24,FT-101,NORMAL,LOW,39.31,NUMERIC,CLEARED,
2026-09-22 04:53:34,PT-101,NORMAL,LOW,4.86,NUMERIC,CLEARED,
2026-09-22 05:01:19,P-102,COMMUNICATION_LOST,MEDIUM,,NULL,ACKNOWLEDGED,MISSING_VALUE
2026-09-22 05:07:43,TT-101,NORMAL,LOW,74.33,NUMERIC,CLEARED,
2026-09-22 05:10:00,M-101,NORMAL,LOW,16.97,NUMERIC,CLEARED,
2026-09-22 05:18:29,V-101,NORMAL,LOW,66.43,NUMERIC,CLEARED,
2026-09-22 05:21:02,TT-101,NORMAL,LOW,45.77,NUMERIC,CLEARED,
2026-09-22 05:23:53,PT-101,NORMAL,LOW,6.44,NUMERIC,CLEARED,
2026-09-22 05:25:31,M-101,NORMAL,LOW,24.9,NUMERIC,CLEARED,
2026-09-22 05:37:45,LT-101,NORMAL,LOW,64.6,NUMERIC,CLEARED,
2026-09-22 05:41:32,LT-101,NORMAL,LOW,60.53,NUMERIC,CLEARED,
2026-09-22 05:43:01,PT-101,NORMAL,LOW,5.98,NUMERIC,CLEARED,
2026-09-22 05:48:26,PT-101,NORMAL,LOW,5.19,NUMERIC,CLEARED,
2026-09-22 05:55:25,TT-101,NORMAL,LOW,74.54,NUMERIC,CLEARED,
2026-09-22 05:56:33,LT-101,NORMAL,LOW,42.29,NUMERIC,CLEARED,
2026-09-22 06:34:19,M-101,NORMAL,LOW,19.61,NUMERIC,CLEARED,
2026-09-22 06:37:25,LT-101,NORMAL,LOW,58.84,NUMERIC,CLEARED,
2026-09-22 06:46:13,LT-101,NORMAL,LOW,44.93,NUMERIC,CLEARED,
2026-09-22 06:46:36,LT-101,NORMAL,LOW,73.93,NUMERIC,CLEARED,
2026-09-22 06:52:37,V-101,NORMAL,LOW,60.36,NUMERIC,CLEARED,
2026-09-22 06:56:09,FT-101,HIGH_FLOW,HIGH,53.95,NUMERIC,ACTIVE,
2026-09-22 06:58:24,TT-101,NORMAL,LOW,48.26,NUMERIC,CLEARED,
2026-09-22 07:08:09,PT-101,NORMAL,LOW,4.44,NUMERIC,CLEARED,
2026-09-22 07:24:49,TT-101,HIGH_TEMPERATURE,HIGH,102.16,NUMERIC,ACKNOWLEDGED,
2026-09-22 07:53:38,LT-101,NORMAL,LOW,54.46,NUMERIC,CLEARED,
2026-09-22 07:54:41,FT-101,NORMAL,LOW,34.42,NUMERIC,CLEARED,
2026-09-22 08:08:38,TT-101,NORMAL,LOW,64.8,NUMERIC,CLEARED,
2026-09-22 08:25:03,LT-101,HIGH_LEVEL,CRITICAL,95.13,NUMERIC,CLEARED,
2026-09-22 08:30:36,PT-101,HIGH_PRESSURE,CRITICAL,9.04,NUMERIC,ACTIVE,
2026-09-22 08:30:55,PT-101,NORMAL,LOW,4.19,NUMERIC,CLEARED,
2026-09-22 08:37:30,TT-101,HIGH_TEMPERATURE,HIGH,100.3,NUMERIC,ACTIVE,
2026-09-22 08:40:26,TT-101,NORMAL,LOW,59.49,NUMERIC,CLEARED,
2026-09-22 08:41:17,TT-101,NORMAL,LOW,54.26,NUMERIC,CLEARED,
2026-09-22 08:53:16,PT-101,NORMAL,LOW,4.91,NUMERIC,CLEARED,
2026-09-22 08:59:49,FT-101,NORMAL,LOW,30.13,NUMERIC,CLEARED,
2026-09-22 09:10:37,PT-101,NORMAL,LOW,6.57,NUMERIC,CLEARED,
2026-09-22 09:15:18,PT-101,NORMAL,LOW,4.08,NUMERIC,CLEARED,
2026-09-22 09:18:02,TT-101,NORMAL,LOW,70.58,NUMERIC,CLEARED,
2026-09-22 09:26:08,PT-101,NORMAL,LOW,5.04,NUMERIC,CLEARED,
2026-09-22 09:31:43,LT-101,NORMAL,LOW,64.76,NUMERIC,CLEARED,
2026-09-22 09:34:31,LT-101,NORMAL,LOW,45.29,NUMERIC,CLEARED,
2026-09-22 09:35:19,V-101,NORMAL,LOW,29.09,NUMERIC,CLEARED,
2026-09-22 09:35:46,V-101,NORMAL,LOW,30.89,NUMERIC,CLEARED,
2026-09-22 09:39:20,FT-101,NORMAL,LOW,23.96,NUMERIC,CLEARED,
2026-09-22 09:59:06,FT-101,NORMAL,LOW,29.66,NUMERIC,CLEARED,
2026-09-22 10:01:27,FT-101,NORMAL,LOW,37.31,NUMERIC,CLEARED,
2026-09-22 10:12:29,P-102,NORMAL,LOW,,NULL,CLEARED,MISSING_VALUE
2026-09-22 10:13:49,TT-101,NORMAL,LOW,64.36,NUMERIC,CLEARED,
2026-09-22 10:15:54,TT-101,NORMAL,LOW,56.85,NUMERIC,CLEARED,
2026-09-22 10:18:39,PT-101,NORMAL,LOW,6.76,NUMERIC,CLEARED,
2026-09-22 10:24:20,V-101,NORMAL,LOW,29.21,NUMERIC,CLEARED,
2026-09-22 10:25:52,LT-101,NORMAL,LOW,57.85,NUMERIC,CLEARED,
2026-09-22 10:26:05,PT-101,NORMAL,LOW,5.07,NUMERIC,CLEARED,
2026-09-22 10:27:31,TT-101,NORMAL,LOW,68.01,NUMERIC,CLEARED,
2026-09-22 10:28:47,PT-101,NORMAL,LOW,4.32,NUMERIC,CLEARED,
2026-09-22 10:41:41,FT-101,NORMAL,LOW,38.15,NUMERIC,CLEARED,
2026-09-22 10:45:48,FT-101,NORMAL,LOW,39.37,NUMERIC,CLEARED,
2026-09-22 10:49:54,LT-101,LOW_LEVEL,HIGH,14.75,NUMERIC,ACKNOWLEDGED,
2026-09-22 11:03:18,FT-101,NORMAL,LOW,35.67,NUMERIC,CLEARED,
2026-09-22 11:03:40,LT-101,NORMAL,LOW,40.43,NUMERIC,CLEARED,
2026-09-22 11:10:00,LT-101,NORMAL,LOW,51.02,NUMERIC,CLEARED,
2026-09-22 11:11:17,LT-101,NORMAL,LOW,55.52,NUMERIC,CLEARED,
2026-09-22 11:11:50,TT-101,NORMAL,LOW,64.11,NUMERIC,CLEARED,
2026-09-22 11:19:02,TT-101,HIGH_TEMPERATURE,HIGH,95.65,NUMERIC,CLEARED,
2026-09-22 11:19:05,FT-101,NORMAL,LOW,34.5,NUMERIC,CLEARED,
2026-09-22 11:24:19,TT-101,NORMAL,LOW,55.39,NUMERIC,CLEARED,
2026-09-22 11:31:52,TT-101,NORMAL,LOW,45.6,NUMERIC,CLEARED,
2026-09-22 11:38:57,TT-101,NORMAL,LOW,46.84,NUMERIC,CLEARED,
2026-09-22 11:46:29,V-101,NORMAL,LOW,73.52,NUMERIC,CLEARED,
2026-09-22 11:48:57,FT-101,NORMAL,LOW,31.66,NUMERIC,CLEARED,
2026-09-22 11:53:47,FT-101,NORMAL,LOW,38.53,NUMERIC,CLEARED,
2026-09-22 11:54:49,V-101,NORMAL,LOW,6.49,NUMERIC,CLEARED,
2026-09-22 11:58:06,M-101,NORMAL,LOW,16.67,NUMERIC,CLEARED,
2026-09-22 11:58:33,FT-101,NORMAL,LOW,39.87,NUMERIC,CLEARED,
2026-09-22 11:59:14,PT-101,NORMAL,LOW,6.94,NUMERIC,CLEARED,
2026-09-22 12:04:26,TT-101,NORMAL,LOW,72.77,NUMERIC,CLEARED,
2026-09-22 12:08:47,PT-101,NORMAL,LOW,7,NUMERIC,CLEARED,
2026-09-22 12:12:19,LT-101,NORMAL,LOW,58.17,NUMERIC,CLEARED,
2026-09-22 12:12:24,TT-101,NORMAL,LOW,70.81,NUMERIC,CLEARED,
2026-09-22 12:16:30,LT-101,NORMAL,LOW,44.1,NUMERIC,CLEARED,
2026-09-22 12:16:56,TT-101,NORMAL,LOW,73.32,NUMERIC,CLEARED,
2026-09-22 12:17:05,TT-101,NORMAL,LOW,72.7,NUMERIC,CLEARED,
2026-09-22 12:29:52,V-101,NORMAL,LOW,87.18,NUMERIC,CLEARED,
2026-09-22 12:49:50,LT-101,HIGH_LEVEL,CRITICAL,98.3,NUMERIC,ACTIVE,
2026-09-22 12:52:06,LT-101,NORMAL,LOW,72.08,NUMERIC,CLEARED,
2026-09-22 13:02:48,M-101,NORMAL,LOW,7.61,NUMERIC,CLEARED,
2026-09-22 13:04:45,FT-101,NORMAL,LOW,21.55,NUMERIC,CLEARED,
2026-09-22 13:10:21,PT-101,NORMAL,LOW,6.2,NUMERIC,CLEARED,
2026-09-22 13:11:35,LT-101,NORMAL,LOW,79.41,NUMERIC,CLEARED,
2026-09-22 13:20:35,PT-101,NORMAL,LOW,6.64,NUMERIC,CLEARED,
2026-09-22 13:24:01,LT-101,NORMAL,LOW,77.67,NUMERIC,CLEARED,
2026-09-22 13:27:09,TT-101,NORMAL,LOW,57.26,NUMERIC,CLEARED,
2026-09-22 13:33:15,V-101,NORMAL,LOW,72.79,NUMERIC,CLEARED,
2026-09-22 13:37:09,LT-101,NORMAL,LOW,58.28,NUMERIC,CLEARED,
2026-09-22 13:41:09,FT-101,NORMAL,LOW,21.06,NUMERIC,CLEARED,
2026-09-22 13:44:37,PT-101,LOW_PRESSURE,MEDIUM,0.98,NUMERIC,ACTIVE,
2026-09-22 13:46:09,LT-101,NORMAL,LOW,73.79,NUMERIC,CLEARED,
2026-09-22 13:49:17,V-101,NORMAL,LOW,33.48,NUMERIC,CLEARED,
2026-09-22 13:50:48,V-101,NORMAL,LOW,65.24,NUMERIC,CLEARED,
2026-09-22 14:00:53,FT-101,NORMAL,LOW,26.66,NUMERIC,CLEARED,
2026-09-22 14:02:05,LT-101,NORMAL,LOW,48.88,NUMERIC,CLEARED,
2026-09-22 14:03:39,LT-101,NORMAL,LOW,46.55,NUMERIC,CLEARED,
2026-09-22 14:30:30,PT-101,NORMAL,LOW,5.25,NUMERIC,CLEARED,
2026-09-22 14:39:38,TT-101,NORMAL,LOW,63.81,NUMERIC,CLEARED,
2026-09-22 14:39:39,TT-101,NORMAL,LOW,50.45,NUMERIC,CLEARED,
2026-09-22 14:40:42,LT-101,LOW_LEVEL,HIGH,9.9,NUMERIC,ACTIVE,
2026-09-22 14:44:07,LT-101,LOW_LEVEL,HIGH,18.79,NUMERIC,ACTIVE,
2026-09-22 14:46:00,V-101,NORMAL,LOW,87.13,NUMERIC,CLEARED,
2026-09-22 14:49:03,LT-101,HIGH_LEVEL,CRITICAL,96.96,NUMERIC,CLEARED,
2026-09-22 14:51:02,LT-101,LOW_LEVEL,HIGH,6.15,NUMERIC,ACTIVE,
2026-09-22 15:05:10,LT-101,NORMAL,LOW,79.1,NUMERIC,CLEARED,
2026-09-22 15:26:12,PT-101,NORMAL,LOW,6.67,NUMERIC,CLEARED,
2026-09-22 15:33:37,LT-101,NORMAL,LOW,44.16,NUMERIC,CLEARED,
2026-09-22 15:33:46,V-101,NORMAL,LOW,47.58,NUMERIC,CLEARED,
2026-09-22 15:44:47,LT-101,NORMAL,LOW,66.59,NUMERIC,CLEARED,
2026-09-22 15:47:57,PT-101,NORMAL,LOW,4.71,NUMERIC,CLEARED,
2026-09-22 16:20:47,PT-101,NORMAL,LOW,5.75,NUMERIC,CLEARED,
2026-09-22 16:21:53,FT-101,NORMAL,LOW,35.96,NUMERIC,CLEARED,
2026-09-22 16:28:07,LT-101,NORMAL,LOW,44.2,NUMERIC,CLEARED,
2026-09-22 16:46:29,FT-101,NORMAL,LOW,27.66,NUMERIC,CLEARED,
2026-09-22 16:50:01,FT-101,NORMAL,LOW,33.83,NUMERIC,CLEARED,
2026-09-22 16:53:01,M-101,NORMAL,LOW,5.23,NUMERIC,CLEARED,
2026-09-22 16:53:31,FT-101,NORMAL,LOW,35.42,NUMERIC,CLEARED,
2026-09-22 16:58:44,PT-101,NORMAL,LOW,5.85,NUMERIC,CLEARED,
2026-09-22 17:01:56,TT-101,NORMAL,LOW,50.43,NUMERIC,CLEARED,
2026-09-22 17:09:41,PT-101,NORMAL,LOW,6.04,NUMERIC,CLEARED,
2026-09-22 17:10:52,FT-101,LOW_FLOW,MEDIUM,4.92,NUMERIC,ACKNOWLEDGED,
2026-09-22 17:28:49,LT-101,NORMAL,LOW,47.63,NUMERIC,CLEARED,
2026-09-22 17:47:42,TT-101,NORMAL,LOW,65.8,NUMERIC,CLEARED,
2026-09-22 17:58:40,M-101,NORMAL,LOW,15.06,NUMERIC,CLEARED,
2026-09-22 18:00:59,V-101,NORMAL,LOW,59.54,NUMERIC,CLEARED,
2026-09-22 18:04:21,TT-101,NORMAL,LOW,69.04,NUMERIC,CLEARED,
2026-09-22 18:10:39,FT-101,NORMAL,LOW,20.79,NUMERIC,CLEARED,
2026-09-22 18:12:24,TT-101,NORMAL,LOW,70.36,NUMERIC,CLEARED,
2026-09-22 18:31:04,TT-101,NORMAL,LOW,54.41,NUMERIC,CLEARED,
2026-09-22 18:31:56,PT-101,NORMAL,LOW,6.71,NUMERIC,CLEARED,
2026-09-22 18:51:10,FT-101,NORMAL,LOW,20.03,NUMERIC,CLEARED,
2026-09-22 18:52:10,FT-101,NORMAL,LOW,24.31,NUMERIC,CLEARED,
2026-09-22 18:57:32,V-101,NORMAL,LOW,61,NUMERIC,CLEARED,
2026-09-22 18:58:51,LT-101,NORMAL,LOW,43.43,NUMERIC,CLEARED,
2026-09-22 19:10:41,TT-101,NORMAL,LOW,58.11,NUMERIC,CLEARED,
2026-09-22 19:11:28,FT-101,NORMAL,LOW,24.31,NUMERIC,CLEARED,
2026-09-22 19:12:51,PT-101,NORMAL,LOW,4.41,NUMERIC,CLEARED,
2026-09-22 19:17:06,LT-101,NORMAL,LOW,49.28,NUMERIC,CLEARED,
2026-09-22 19:19:12,PT-101,NORMAL,LOW,5.82,NUMERIC,CLEARED,
2026-09-22 19:23:56,LT-101,NORMAL,LOW,74,NUMERIC,CLEARED,
2026-09-22 19:25:06,PT-101,NORMAL,LOW,6.14,NUMERIC,CLEARED,
2026-09-22 19:27:00,PT-101,HIGH_PRESSURE,CRITICAL,9.11,NUMERIC,ACTIVE,
2026-09-22 19:28:51,TT-101,NORMAL,LOW,70.03,NUMERIC,CLEARED,
2026-09-22 19:40:01,TT-101,NORMAL,LOW,46.84,NUMERIC,CLEARED,
2026-09-22 19:54:25,FT-101,NORMAL,LOW,32.84,NUMERIC,CLEARED,
2026-09-22 19:58:39,TT-101,NORMAL,LOW,70.74,NUMERIC,CLEARED,
2026-09-22 19:59:41,TT-101,NORMAL,LOW,65.82,NUMERIC,CLEARED,
2026-09-22 20:03:17,FT-101,NORMAL,LOW,26.45,NUMERIC,CLEARED,
2026-09-22 20:08:29,FT-101,NORMAL,LOW,25.33,NUMERIC,CLEARED,
2026-09-22 20:20:28,FT-101,NORMAL,LOW,28.48,NUMERIC,CLEARED,
2026-09-22 20:49:55,PT-101,NORMAL,LOW,6.53,NUMERIC,CLEARED,
2026-09-22 20:49:56,TT-101,NORMAL,LOW,71.77,NUMERIC,CLEARED,
2026-09-22 20:50:20,FT-101,NORMAL,LOW,29.41,NUMERIC,CLEARED,
2026-09-22 20:58:37,PT-101,NORMAL,LOW,4.78,NUMERIC,CLEARED,
2026-09-22 21:02:26,FT-101,NORMAL,LOW,26.36,NUMERIC,CLEARED,
2026-09-22 21:03:28,TT-101,NORMAL,LOW,73.45,NUMERIC,CLEARED,
2026-09-22 21:08:13,PT-101,NORMAL,LOW,6.69,NUMERIC,CLEARED,
2026-09-22 21:12:17,LT-101,NORMAL,LOW,73.59,NUMERIC,CLEARED,
2026-09-22 21:13:24,PT-101,LOW_PRESSURE,MEDIUM,1.22,NUMERIC,ACKNOWLEDGED,
2026-09-22 21:17:58,PT-101,NORMAL,LOW,6.94,NUMERIC,CLEARED,
2026-09-22 21:28:42,LT-101,NORMAL,LOW,60.74,NUMERIC,CLEARED,
2026-09-22 21:42:37,LT-101,NORMAL,LOW,60.55,NUMERIC,CLEARED,
2026-09-22 21:47:35,FT-101,NORMAL,LOW,21.47,NUMERIC,CLEARED,
2026-09-22 21:48:30,V-101,NORMAL,LOW,59.5,NUMERIC,CLEARED,
2026-09-22 21:53:12,PT-101,NORMAL,LOW,5.63,NUMERIC,CLEARED,
2026-09-22 21:56:15,FT-101,NORMAL,LOW,32.46,NUMERIC,CLEARED,
2026-09-22 22:00:06,LT-101,NORMAL,LOW,41.38,NUMERIC,CLEARED,
2026-09-22 22:00:17,V-101,NORMAL,LOW,49.64,NUMERIC,CLEARED,
2026-09-22 22:14:57,PT-101,NORMAL,LOW,5.16,NUMERIC,CLEARED,
2026-09-22 22:16:07,PT-101,NORMAL,LOW,5.87,NUMERIC,CLEARED,
2026-09-22 22:22:48,V-101,NORMAL,LOW,33.73,NUMERIC,CLEARED,
2026-09-22 22:26:49,TT-101,NORMAL,LOW,64.18,NUMERIC,CLEARED,
2026-09-22 22:30:03,TT-101,NORMAL,LOW,73.89,NUMERIC,CLEARED,
2026-09-22 22:31:49,V-101,NORMAL,LOW,23.23,NUMERIC,CLEARED,
2026-09-22 22:42:58,TT-101,NORMAL,LOW,52.52,NUMERIC,CLEARED,
2026-09-22 22:51:09,M-101,NORMAL,LOW,14.15,NUMERIC,CLEARED,
2026-09-22 22:59:25,PT-101,NORMAL,LOW,5.22,NUMERIC,CLEARED,
2026-09-22 23:08:21,FT-101,NORMAL,LOW,21.95,NUMERIC,CLEARED,
2026-09-22 23:20:42,FT-101,HIGH_FLOW,HIGH,52.82,NUMERIC,CLEARED,
2026-09-22 23:23:36,LT-101,NORMAL,LOW,52.76,NUMERIC,CLEARED,
2026-09-22 23:27:17,M-101,NORMAL,LOW,34.29,NUMERIC,CLEARED,
2026-09-22 23:30:04,PT-101,NORMAL,LOW,4.98,NUMERIC,CLEARED,
2026-09-22 23:31:24,M-101,NORMAL,LOW,8.1,NUMERIC,CLEARED,
2026-09-22 23:47:48,FT-101,NORMAL,LOW,31.94,NUMERIC,CLEARED,
2026-09-22 23:50:23,M-101,NORMAL,LOW,16.14,NUMERIC,CLEARED,
2026-09-22 23:54:32,TT-101,NORMAL,LOW,45.47,NUMERIC,CLEARED,
2026-09-22 23:58:07,FT-101,NORMAL,LOW,34.41,NUMERIC,CLEARED,
2026-09-23 00:00:31,V-101,VALVE_FAILURE,HIGH,14.2,NUMERIC,CLEARED,
2026-09-23 00:10:18,TT-101,NORMAL,LOW,66.19,NUMERIC,CLEARED,
2026-09-23 00:13:20,TT-101,HIGH_TEMPERATURE,HIGH,86.17,NUMERIC,CLEARED,
2026-09-23 00:19:51,FT-101,NORMAL,LOW,33.71,NUMERIC,CLEARED,
2026-09-23 00:22:50,V-101,NORMAL,LOW,49.1,NUMERIC,CLEARED,
2026-09-23 00:24:08,FT-101,NORMAL,LOW,26.62,NUMERIC,CLEARED,
2026-09-23 00:27:04,FT-101,NORMAL,LOW,33.4,NUMERIC,CLEARED,
2026-09-23 00:34:25,P-101,PUMP_FAILURE,CRITICAL,STOPPED,STATE,ACTIVE,
2026-09-23 00:36:28,LT-101,NORMAL,LOW,57.41,NUMERIC,CLEARED,
2026-09-23 00:39:48,PT-101,NORMAL,LOW,4.66,NUMERIC,CLEARED,
2026-09-23 00:46:22,FT-101,NORMAL,LOW,30.42,NUMERIC,CLEARED,
2026-09-23 00:47:42,V-101,NORMAL,LOW,68.44,NUMERIC,CLEARED,
2026-09-23 00:54:05,LT-101,NORMAL,LOW,42.09,NUMERIC,CLEARED,
2026-09-23 01:04:15,LT-101,NORMAL,LOW,46.85,NUMERIC,CLEARED,
2026-09-23 01:07:08,M-101,NORMAL,LOW,23.8,NUMERIC,CLEARED,
2026-09-23 01:10:53,PT-101,NORMAL,LOW,4.07,NUMERIC,CLEARED,
2026-09-23 01:16:20,LT-101,NORMAL,LOW,53.11,NUMERIC,CLEARED,
2026-09-23 01:17:37,LT-101,NORMAL,LOW,67.2,NUMERIC,CLEARED,
2026-09-23 01:20:50,PT-101,NORMAL,LOW,6.94,NUMERIC,CLEARED,
2026-09-23 01:22:04,TT-101,NORMAL,LOW,46.11,NUMERIC,CLEARED,
2026-09-23 01:22:42,FT-101,NORMAL,LOW,25.48,NUMERIC,CLEARED,
2026-09-23 01:30:30,V-101,NORMAL,LOW,99.72,NUMERIC,CLEARED,
2026-09-23 01:37:20,PT-101,NORMAL,LOW,6.57,NUMERIC,CLEARED,
2026-09-23 01:43:17,TT-101,NORMAL,LOW,60.73,NUMERIC,CLEARED,
2026-09-23 01:45:47,TT-101,NORMAL,LOW,54.82,NUMERIC,CLEARED,
2026-09-23 01:54:21,LT-101,NORMAL,LOW,41.29,NUMERIC,CLEARED,
2026-09-23 01:55:00,PT-101,NORMAL,LOW,4.86,NUMERIC,CLEARED,
2026-09-23 02:05:27,PT-101,NORMAL,LOW,4.08,NUMERIC,CLEARED,
2026-09-23 02:05:42,FT-101,NORMAL,LOW,39.76,NUMERIC,CLEARED,
2026-09-23 02:06:03,PT-101,HIGH_PRESSURE,CRITICAL,8.8,NUMERIC,CLEARED,
2026-09-23 02:21:50,TT-101,NORMAL,LOW,73.8,NUMERIC,CLEARED,
2026-09-23 02:30:03,M-101,NORMAL,LOW,10.92,NUMERIC,CLEARED,
2026-09-23 02:35:33,FT-101,NORMAL,LOW,,NULL,CLEARED,MISSING_VALUE
2026-09-23 02:37:55,FT-101,NORMAL,LOW,23.2,NUMERIC,CLEARED,
2026-09-23 02:42:55,PT-101,NORMAL,LOW,5.99,NUMERIC,CLEARED,
2026-09-23 02:53:26,LT-101,NORMAL,LOW,49.92,NUMERIC,CLEARED,
2026-09-23 03:00:01,PT-101,NORMAL,LOW,5.79,NUMERIC,CLEARED,
2026-09-23 03:00:56,M-101,NORMAL,LOW,19.24,NUMERIC,CLEARED,
2026-09-23 03:11:33,LT-101,NORMAL,LOW,77.94,NUMERIC,CLEARED,
2026-09-23 03:16:32,V-101,NORMAL,LOW,64.89,NUMERIC,CLEARED,
2026-09-23 03:20:02,FT-101,HIGH_FLOW,HIGH,59.44,NUMERIC,CLEARED,
2026-09-23 03:29:36,LT-101,NORMAL,LOW,71.75,NUMERIC,CLEARED,
2026-09-23 03:38:08,FT-101,NORMAL,LOW,25.76,NUMERIC,CLEARED,
2026-09-23 03:40:48,PT-101,NORMAL,LOW,4.82,NUMERIC,CLEARED,
2026-09-23 03:47:51,TT-101,NORMAL,LOW,69.28,NUMERIC,CLEARED,
2026-09-23 03:54:21,P-101,PUMP_FAILURE,CRITICAL,STOPPED,STATE,CLEARED,
2026-09-23 03:55:24,LT-101,NORMAL,LOW,54.71,NUMERIC,CLEARED,
2026-09-23 03:58:38,FT-101,NORMAL,LOW,34.74,NUMERIC,CLEARED,
2026-09-23 04:13:05,TT-101,NORMAL,LOW,69.6,NUMERIC,CLEARED,
2026-09-23 04:21:33,LT-101,NORMAL,LOW,45.67,NUMERIC,CLEARED,
2026-09-23 04:23:22,PT-101,NORMAL,LOW,4.34,NUMERIC,CLEARED,
2026-09-23 05:06:33,TT-101,NORMAL,LOW,62.08,NUMERIC,CLEARED,
2026-09-23 05:20:21,FT-101,NORMAL,LOW,38.26,NUMERIC,CLEARED,
2026-09-23 05:22:53,TT-101,NORMAL,LOW,47.65,NUMERIC,CLEARED,
2026-09-23 05:28:31,PT-101,NORMAL,LOW,4.02,NUMERIC,CLEARED,
2026-09-23 05:35:33,FT-101,NORMAL,LOW,30.01,NUMERIC,CLEARED,
2026-09-23 05:36:25,PT-101,NORMAL,LOW,4.77,NUMERIC,CLEARED,
2026-09-23 05:37:18,V-101,NORMAL,LOW,42.98,NUMERIC,CLEARED,
2026-09-23 05:42:38,M-101,NORMAL,LOW,9.55,NUMERIC,CLEARED,
2026-09-23 05:47:59,V-101,NORMAL,LOW,68.43,NUMERIC,CLEARED,
2026-09-23 05:50:49,PT-101,LOW_PRESSURE,MEDIUM,1.22,NUMERIC,ACTIVE,
2026-09-23 05:59:58,LT-101,NORMAL,LOW,51.56,NUMERIC,CLEARED,
2026-09-23 06:00:59,PT-101,NORMAL,LOW,6.65,NUMERIC,CLEARED,
2026-09-23 06:04:37,V-101,NORMAL,LOW,66.02,NUMERIC,CLEARED,
2026-09-23 06:14:03,LT-101,NORMAL,LOW,70.23,NUMERIC,CLEARED,
2026-09-23 06:26:53,LT-101,NORMAL,LOW,54.32,NUMERIC,CLEARED,
2026-09-23 06:28:46,LT-101,NORMAL,LOW,42.38,NUMERIC,CLEARED,
2026-09-23 06:30:45,PT-101,NORMAL,LOW,5.17,NUMERIC,CLEARED,
2026-09-23 06:43:18,V-101,NORMAL,LOW,,NULL,CLEARED,MISSING_VALUE
2026-09-23 06:43:22,FT-101,NORMAL,LOW,24.06,NUMERIC,CLEARED,
2026-09-23 06:47:44,LT-101,NORMAL,LOW,73.87,NUMERIC,CLEARED,
2026-09-23 06:51:57,PT-101,NORMAL,LOW,6.8,NUMERIC,CLEARED,
2026-09-23 06:54:47,V-101,NORMAL,LOW,80.6,NUMERIC,CLEARED,
2026-09-23 06:59:50,TT-101,NORMAL,LOW,68.93,NUMERIC,CLEARED,
2026-09-23 07:02:10,M-101,NORMAL,LOW,5.38,NUMERIC,CLEARED,
2026-09-23 07:12:35,TT-101,NORMAL,LOW,74.9,NUMERIC,CLEARED,
2026-09-23 07:16:17,LT-101,NORMAL,LOW,76,NUMERIC,CLEARED,
2026-09-23 07:20:42,FT-101,HIGH_FLOW,HIGH,57.05,NUMERIC,CLEARED,
2026-09-23 07:22:52,FT-101,NORMAL,LOW,32.92,NUMERIC,CLEARED,
2026-09-23 07:24:38,FT-101,NORMAL,LOW,34.81,NUMERIC,CLEARED,
2026-09-23 07:25:49,V-101,NORMAL,LOW,93.38,NUMERIC,CLEARED,
2026-09-23 07:28:48,LT-101,NORMAL,LOW,44.57,NUMERIC,CLEARED,
2026-09-23 07:31:09,FT-101,NORMAL,LOW,36.95,NUMERIC,CLEARED,
2026-09-23 07:47:45,FT-101,NORMAL,LOW,29.37,NUMERIC,CLEARED,
2026-09-23 08:13:51,PT-101,NORMAL,LOW,6.6,NUMERIC,CLEARED,
2026-09-23 08:15:09,LT-101,HIGH_LEVEL,CRITICAL,98.99,NUMERIC,ACTIVE,
2026-09-23 08:15:18,LT-101,NORMAL,LOW,62.22,NUMERIC,CLEARED,
2026-09-23 08:16:03,FT-101,NORMAL,LOW,20.6,NUMERIC,CLEARED,
2026-09-23 08:20:25,LT-101,NORMAL,LOW,76.96,NUMERIC,CLEARED,
2026-09-23 08:23:03,PT-101,NORMAL,LOW,6.29,NUMERIC,CLEARED,
2026-09-23 08:38:28,FT-101,NORMAL,LOW,20.18,NUMERIC,CLEARED,
2026-09-23 08:42:05,LT-101,NORMAL,LOW,60.22,NUMERIC,CLEARED,
2026-09-23 08:44:16,TT-101,NORMAL,LOW,60.71,NUMERIC,CLEARED,
2026-09-23 08:46:21,P-102,PUMP_FAILURE,CRITICAL,STOPPED,STATE,ACTIVE,
2026-09-23 08:48:08,PT-101,NORMAL,LOW,4.54,NUMERIC,CLEARED,
2026-09-23 08:48:16,LT-101,NORMAL,LOW,57.61,NUMERIC,CLEARED,
2026-09-23 08:56:33,LT-101,NORMAL,LOW,52.15,NUMERIC,CLEARED,
2026-09-23 08:58:25,M-101,NORMAL,LOW,25.17,NUMERIC,CLEARED,
2026-09-23 08:58:34,TT-101,NORMAL,LOW,68.03,NUMERIC,CLEARED,
2026-09-23 09:08:55,LT-101,NORMAL,LOW,48.49,NUMERIC,CLEARED,
2026-09-23 09:17:01,TT-101,NORMAL,LOW,72.81,NUMERIC,CLEARED,
2026-09-23 09:18:47,TT-101,NORMAL,LOW,51.21,NUMERIC,CLEARED,
2026-09-23 09:23:07,LT-101,NORMAL,LOW,54.06,NUMERIC,CLEARED,
2026-09-23 09:27:36,M-101,NORMAL,LOW,32.5,NUMERIC,CLEARED,
2026-09-23 09:34:16,FT-101,NORMAL,LOW,35.15,NUMERIC,CLEARED,
2026-09-23 09:34:36,P-102,PUMP_FAILURE,CRITICAL,STOPPED,STATE,ACTIVE,
2026-09-23 09:36:50,PT-101,NORMAL,LOW,6.08,NUMERIC,CLEARED,
2026-09-23 09:53:00,V-101,NORMAL,LOW,26.66,NUMERIC,CLEARED,
2026-09-23 09:56:55,M-101,NORMAL,LOW,30.32,NUMERIC,CLEARED,
2026-09-23 10:03:55,FT-101,NORMAL,LOW,27.12,NUMERIC,CLEARED,
2026-09-23 10:09:28,PT-101,NORMAL,LOW,5.97,NUMERIC,CLEARED,
2026-09-23 10:12:47,PT-101,NORMAL,LOW,4.85,NUMERIC,CLEARED,
2026-09-23 10:13:29,PT-101,NORMAL,LOW,4.76,NUMERIC,CLEARED,
2026-09-23 10:17:21,FT-101,NORMAL,LOW,24.5,NUMERIC,CLEARED,
2026-09-23 10:17:24,FT-101,NORMAL,LOW,36.94,NUMERIC,CLEARED,
2026-09-23 10:22:40,FT-101,NORMAL,LOW,27.44,NUMERIC,CLEARED,
2026-09-23 10:27:50,PT-101,NORMAL,LOW,5.52,NUMERIC,CLEARED,
2026-09-23 10:49:25,LT-101,NORMAL,LOW,66.94,NUMERIC,CLEARED,
2026-09-23 11:19:33,LT-101,NORMAL,LOW,69.21,NUMERIC,CLEARED,
2026-09-23 11:22:15,TT-101,NORMAL,LOW,51.81,NUMERIC,CLEARED,
2026-09-23 11:27:57,M-101,NORMAL,LOW,4.28,NUMERIC,CLEARED,
2026-09-23 11:28:03,PT-101,NORMAL,LOW,4.98,NUMERIC,CLEARED,
2026-09-23 11:32:05,TT-101,NORMAL,LOW,61.77,NUMERIC,CLEARED,
2026-09-23 11:33:34,PT-101,NORMAL,LOW,5.39,NUMERIC,CLEARED,
2026-09-23 11:39:03,TT-101,NORMAL,LOW,66.53,NUMERIC,CLEARED,
2026-09-23 11:43:21,PT-101,NORMAL,LOW,4.2,NUMERIC,CLEARED,
2026-09-23 11:46:43,M-101,NORMAL,LOW,33.06,NUMERIC,CLEARED,
2026-09-23 11:50:35,TT-101,NORMAL,LOW,61.27,NUMERIC,CLEARED,
2026-09-23 11:57:37,TT-101,NORMAL,LOW,59.82,NUMERIC,CLEARED,
2026-09-23 12:05:42,PT-101,NORMAL,LOW,6.37,NUMERIC,CLEARED,
2026-09-23 12:11:34,LT-101,NORMAL,LOW,50.29,NUMERIC,CLEARED,
2026-09-23 12:13:08,M-101,NORMAL,LOW,3.14,NUMERIC,CLEARED,
2026-09-23 12:29:56,FT-101,NORMAL,LOW,28.08,NUMERIC,CLEARED,
2026-09-23 12:30:49,FT-101,NORMAL,LOW,32.45,NUMERIC,CLEARED,
2026-09-23 12:35:03,M-101,NORMAL,LOW,31.78,NUMERIC,CLEARED,
2026-09-23 12:35:36,PT-101,NORMAL,LOW,4.42,NUMERIC,CLEARED,
2026-09-23 12:43:33,FT-101,NORMAL,LOW,34.76,NUMERIC,CLEARED,
2026-09-23 12:54:13,LT-101,NORMAL,LOW,54,NUMERIC,CLEARED,
2026-09-23 12:54:39,FT-101,LOW_FLOW,MEDIUM,6.43,NUMERIC,ACKNOWLEDGED,
2026-09-23 12:56:10,LT-101,NORMAL,LOW,53.64,NUMERIC,CLEARED,
2026-09-23 13:21:50,FT-101,NORMAL,LOW,28.26,NUMERIC,CLEARED,
2026-09-23 13:23:54,LT-101,NORMAL,LOW,56.7,NUMERIC,CLEARED,
2026-09-23 13:24:57,PT-101,NORMAL,LOW,6.96,NUMERIC,CLEARED,
2026-09-23 14:02:47,PT-101,NORMAL,LOW,6.08,NUMERIC,CLEARED,
2026-09-23 14:04:05,PT-101,NORMAL,LOW,4.17,NUMERIC,CLEARED,
2026-09-23 14:12:11,TT-101,NORMAL,LOW,54.87,NUMERIC,CLEARED,
2026-09-23 14:13:34,LT-101,NORMAL,LOW,65.78,NUMERIC,CLEARED,
2026-09-23 14:18:33,V-101,NORMAL,LOW,22.61,NUMERIC,CLEARED,
2026-09-23 14:18:56,LT-101,NORMAL,LOW,65.1,NUMERIC,CLEARED,
2026-09-23 14:21:24,TT-101,NORMAL,LOW,51.82,NUMERIC,CLEARED,
2026-09-23 14:34:54,PT-101,NORMAL,LOW,5.3,NUMERIC,CLEARED,
2026-09-23 14:47:02,FT-101,NORMAL,LOW,36.7,NUMERIC,CLEARED,
2026-09-23 14:56:02,TT-101,NORMAL,LOW,71.48,NUMERIC,CLEARED,
2026-09-23 15:01:03,FT-101,NORMAL,LOW,37.32,NUMERIC,CLEARED,
2026-09-23 15:03:27,PT-101,NORMAL,LOW,4.85,NUMERIC,CLEARED,
2026-09-23 15:06:08,LT-101,NORMAL,LOW,67.57,NUMERIC,CLEARED,
2026-09-23 15:13:05,TT-101,NORMAL,LOW,48.59,NUMERIC,CLEARED,
2026-09-23 15:17:57,M-101,NORMAL,LOW,23.99,NUMERIC,CLEARED,
2026-09-23 15:33:16,V-101,NORMAL,LOW,69.32,NUMERIC,CLEARED,
2026-09-23 15:33:50,PT-101,NORMAL,LOW,4.29,NUMERIC,CLEARED,
2026-09-23 15:37:26,V-101,NORMAL,LOW,10.28,NUMERIC,CLEARED,
2026-09-23 15:41:51,FT-101,NORMAL,LOW,39.56,NUMERIC,CLEARED,
2026-09-23 15:51:53,LT-101,NORMAL,LOW,79.85,NUMERIC,CLEARED,
2026-09-23 15:53:49,FT-101,NORMAL,LOW,25.79,NUMERIC,CLEARED,
2026-09-23 15:54:53,PT-101,NORMAL,LOW,5.83,NUMERIC,CLEARED,
2026-09-23 15:59:43,LT-101,NORMAL,LOW,54.79,NUMERIC,CLEARED,
2026-09-23 16:02:51,LT-101,NORMAL,LOW,53.96,NUMERIC,CLEARED,
2026-09-23 16:05:36,TT-101,NORMAL,LOW,73.67,NUMERIC,CLEARED,
2026-09-23 16:05:52,PT-101,NORMAL,LOW,5.5,NUMERIC,CLEARED,
2026-09-23 16:08:04,PT-101,NORMAL,LOW,5.49,NUMERIC,CLEARED,
2026-09-23 16:10:44,LT-101,NORMAL,LOW,73.65,NUMERIC,CLEARED,
2026-09-23 16:10:51,M-101,NORMAL,LOW,2.74,NUMERIC,CLEARED,
2026-09-23 16:11:34,PT-101,NORMAL,LOW,6.52,NUMERIC,CLEARED,
2026-09-23 16:18:51,TT-101,NORMAL,LOW,47.32,NUMERIC,CLEARED,
2026-09-23 16:26:18,FT-101,NORMAL,LOW,29.98,NUMERIC,CLEARED,
2026-09-23 16:33:47,PT-101,NORMAL,LOW,6.08,NUMERIC,CLEARED,
2026-09-23 16:36:27,LT-101,HIGH_LEVEL,CRITICAL,92.02,NUMERIC,ACTIVE,
2026-09-23 16:43:17,PT-101,NORMAL,LOW,6.43,NUMERIC,CLEARED,
2026-09-23 16:55:19,PT-101,NORMAL,LOW,4.16,NUMERIC,CLEARED,
2026-09-23 17:00:08,PT-101,NORMAL,LOW,5.65,NUMERIC,CLEARED,
2026-09-23 17:07:01,V-101,NORMAL,LOW,64.8,NUMERIC,CLEARED,
2026-09-23 17:11:57,PT-101,NORMAL,LOW,6.15,NUMERIC,CLEARED,
2026-09-23 17:16:56,FT-101,NORMAL,LOW,39.92,NUMERIC,CLEARED,
2026-09-23 17:19:03,PT-101,NORMAL,LOW,5.14,NUMERIC,CLEARED,
2026-09-23 17:19:34,LT-101,LOW_LEVEL,HIGH,5.36,NUMERIC,ACKNOWLEDGED,
2026-09-23 17:22:24,TT-101,HIGH_TEMPERATURE,HIGH,85.88,NUMERIC,ACTIVE,
2026-09-23 17:24:16,LT-101,NORMAL,LOW,45.68,NUMERIC,CLEARED,
2026-09-23 17:33:45,FT-101,NORMAL,LOW,28.37,NUMERIC,CLEARED,
2026-09-23 17:35:13,PT-101,NORMAL,LOW,5.3,NUMERIC,CLEARED,
2026-09-23 17:36:25,PT-101,NORMAL,LOW,6.83,NUMERIC,CLEARED,
2026-09-23 17:37:00,TT-101,NORMAL,LOW,46.98,NUMERIC,CLEARED,
2026-09-23 17:51:01,M-101,HIGH_CURRENT,HIGH,51.65,NUMERIC,ACTIVE,
2026-09-23 18:07:34,P-101,COMMUNICATION_LOST,MEDIUM,,NULL,CLEARED,MISSING_VALUE
2026-09-23 18:08:25,M-101,NORMAL,LOW,0.17,NUMERIC,CLEARED,
2026-09-23 18:09:34,TT-101,NORMAL,LOW,48.63,NUMERIC,CLEARED,
2026-09-23 18:20:19,PT-101,NORMAL,LOW,5.12,NUMERIC,CLEARED,
2026-09-23 18:23:33,M-101,NORMAL,LOW,31.89,NUMERIC,CLEARED,
2026-09-23 18:29:04,PT-101,NORMAL,LOW,6.28,NUMERIC,CLEARED,
2026-09-23 18:30:09,V-101,NORMAL,LOW,16.7,NUMERIC,CLEARED,
2026-09-23 18:31:13,LT-101,NORMAL,LOW,63.73,NUMERIC,CLEARED,
2026-09-23 18:35:27,P-102,PUMP_FAILURE,CRITICAL,STOPPED,STATE,CLEARED,
2026-09-23 18:36:43,V-101,NORMAL,LOW,78.86,NUMERIC,CLEARED,
2026-09-23 18:42:17,PT-101,NORMAL,LOW,6.18,NUMERIC,CLEARED,
2026-09-23 18:45:08,LT-101,NORMAL,LOW,62.96,NUMERIC,CLEARED,
2026-09-23 18:45:40,FT-101,LOW_FLOW,MEDIUM,6.73,NUMERIC,ACTIVE,
2026-09-23 18:48:24,FT-101,NORMAL,LOW,31.48,NUMERIC,CLEARED,
2026-09-23 18:48:41,V-101,NORMAL,LOW,85.26,NUMERIC,CLEARED,
2026-09-23 19:05:29,FT-101,NORMAL,LOW,32.87,NUMERIC,CLEARED,
2026-09-23 19:05:37,PT-101,NORMAL,LOW,4.59,NUMERIC,CLEARED,
2026-09-23 19:15:19,TT-101,NORMAL,LOW,63.01,NUMERIC,CLEARED,
2026-09-23 19:22:32,TT-101,NORMAL,LOW,66.17,NUMERIC,CLEARED,
2026-09-23 19:22:41,PT-101,NORMAL,LOW,5.62,NUMERIC,CLEARED,
2026-09-23 19:23:16,LT-101,NORMAL,LOW,78.1,NUMERIC,CLEARED,
2026-09-23 19:29:13,FT-101,NORMAL,LOW,26.16,NUMERIC,CLEARED,
2026-09-23 19:32:01,LT-101,NORMAL,LOW,73.46,NUMERIC,CLEARED,
2026-09-23 19:42:52,M-101,NORMAL,LOW,19.73,NUMERIC,CLEARED,
2026-09-23 19:46:50,PT-101,NORMAL,LOW,6.49,NUMERIC,CLEARED,
2026-09-23 19:48:16,LT-101,NORMAL,LOW,77.95,NUMERIC,CLEARED,
2026-09-23 19:57:13,FT-101,NORMAL,LOW,25.14,NUMERIC,CLEARED,
2026-09-23 19:58:02,TT-101,NORMAL,LOW,70.19,NUMERIC,CLEARED,
2026-09-23 19:58:05,PT-101,NORMAL,LOW,6.77,NUMERIC,CLEARED,
2026-09-23 20:12:13,V-101,NORMAL,LOW,30.65,NUMERIC,CLEARED,
2026-09-23 20:16:24,LT-101,NORMAL,LOW,75.29,NUMERIC,CLEARED,
2026-09-23 20:20:00,FT-101,NORMAL,LOW,25.76,NUMERIC,CLEARED,
2026-09-23 20:21:00,V-101,NORMAL,LOW,4.42,NUMERIC,CLEARED,
2026-09-23 20:22:01,V-101,NORMAL,LOW,8.14,NUMERIC,CLEARED,
2026-09-23 20:24:21,V-101,NORMAL,LOW,56.54,NUMERIC,CLEARED,
2026-09-23 20:30:26,FT-101,NORMAL,LOW,28.75,NUMERIC,CLEARED,
2026-09-23 20:50:23,V-101,NORMAL,LOW,93.94,NUMERIC,CLEARED,
2026-09-23 20:52:11,TT-101,NORMAL,LOW,53.93,NUMERIC,CLEARED,
2026-09-23 21:00:38,FT-101,LOW_FLOW,MEDIUM,2.26,NUMERIC,CLEARED,
2026-09-23 21:01:04,FT-101,NORMAL,LOW,21.74,NUMERIC,CLEARED,
2026-09-23 21:03:47,TT-101,NORMAL,LOW,63.71,NUMERIC,CLEARED,
2026-09-23 21:08:17,FT-101,NORMAL,LOW,26.19,NUMERIC,CLEARED,
2026-09-23 21:09:59,PT-101,NORMAL,LOW,5.01,NUMERIC,CLEARED,
2026-09-23 21:13:16,TT-101,NORMAL,LOW,64.68,NUMERIC,CLEARED,
2026-09-23 21:22:04,LT-101,NORMAL,LOW,46.85,NUMERIC,CLEARED,
2026-09-23 21:32:04,M-101,NORMAL,LOW,14.21,NUMERIC,CLEARED,
2026-09-23 21:36:06,TT-101,NORMAL,LOW,50.6,NUMERIC,CLEARED,
2026-09-23 21:38:40,LT-101,NORMAL,LOW,49.04,NUMERIC,CLEARED,
2026-09-23 21:44:11,M-101,NORMAL,LOW,12.92,NUMERIC,CLEARED,
2026-09-23 21:45:41,M-101,NORMAL,LOW,2.01,NUMERIC,CLEARED,
2026-09-23 21:49:51,PT-101,NORMAL,LOW,6.63,NUMERIC,CLEARED,
2026-09-23 21:50:44,TT-101,NORMAL,LOW,50.52,NUMERIC,CLEARED,
2026-09-23 22:07:54,LT-101,NORMAL,LOW,52.58,NUMERIC,CLEARED,
2026-09-23 22:08:20,PT-101,NORMAL,LOW,5.11,NUMERIC,CLEARED,
2026-09-23 22:12:31,V-101,NORMAL,LOW,11.02,NUMERIC,CLEARED,
2026-09-23 22:15:20,M-101,NORMAL,LOW,0.57,NUMERIC,CLEARED,
2026-09-23 22:16:15,M-101,HIGH_CURRENT,HIGH,41.45,NUMERIC,CLEARED,
2026-09-23 22:16:29,TT-101,NORMAL,LOW,63.38,NUMERIC,CLEARED,
2026-09-23 22:28:22,PT-101,NORMAL,LOW,6.38,NUMERIC,CLEARED,
2026-09-23 22:28:38,FT-101,NORMAL,LOW,31.32,NUMERIC,CLEARED,
2026-09-23 23:03:26,TT-101,NORMAL,LOW,46.31,NUMERIC,CLEARED,
2026-09-23 23:03:31,FT-101,LOW_FLOW,MEDIUM,7.23,NUMERIC,CLEARED,
2026-09-23 23:04:36,V-101,NORMAL,LOW,73.89,NUMERIC,CLEARED,
2026-09-23 23:09:56,LT-101,NORMAL,LOW,49.68,NUMERIC,CLEARED,
2026-09-23 23:10:42,M-101,NORMAL,LOW,14.65,NUMERIC,CLEARED,
2026-09-23 23:14:27,LT-101,HIGH_LEVEL,CRITICAL,91.77,NUMERIC,ACTIVE,
2026-09-23 23:18:06,PT-101,NORMAL,LOW,4.64,NUMERIC,CLEARED,
2026-09-23 23:22:43,FT-101,NORMAL,LOW,37.98,NUMERIC,CLEARED,
2026-09-23 23:32:54,FT-101,NORMAL,LOW,23.31,NUMERIC,CLEARED,
2026-09-23 23:33:43,LT-101,NORMAL,LOW,71.58,NUMERIC,CLEARED,
2026-09-23 23:36:07,PT-101,NORMAL,LOW,6,NUMERIC,CLEARED,
2026-09-23 23:43:47,TT-101,NORMAL,LOW,64.1,NUMERIC,CLEARED,
2026-09-23 23:44:59,TT-101,NORMAL,LOW,74.31,NUMERIC,CLEARED,
2026-09-23 23:57:06,LT-101,NORMAL,LOW,53.32,NUMERIC,CLEARED,
2026-09-24 00:05:17,FT-101,NORMAL,LOW,25.44,NUMERIC,CLEARED,
2026-09-24 00:09:35,LT-101,NORMAL,LOW,66.72,NUMERIC,CLEARED,
2026-09-24 00:09:51,TT-101,NORMAL,LOW,55.87,NUMERIC,CLEARED,
2026-09-24 00:24:44,LT-101,NORMAL,LOW,69,NUMERIC,CLEARED,
2026-09-24 00:39:40,PT-101,NORMAL,LOW,4.05,NUMERIC,CLEARED,
2026-09-24 00:40:58,TT-101,NORMAL,LOW,65.79,NUMERIC,CLEARED,
2026-09-24 00:43:29,M-101,NORMAL,LOW,14.27,NUMERIC,CLEARED,
2026-09-24 00:43:51,TT-101,NORMAL,LOW,65.56,NUMERIC,CLEARED,
2026-09-24 00:45:21,M-101,NORMAL,LOW,1.31,NUMERIC,CLEARED,
2026-09-24 00:45:44,PT-101,NORMAL,LOW,4.76,NUMERIC,CLEARED,
2026-09-24 00:47:10,TT-101,NORMAL,LOW,68.94,NUMERIC,CLEARED,
2026-09-24 00:55:42,PT-101,NORMAL,LOW,6.88,NUMERIC,CLEARED,
2026-09-24 00:59:00,LT-101,NORMAL,LOW,43.23,NUMERIC,CLEARED,
2026-09-24 01:01:47,PT-101,NORMAL,LOW,6.21,NUMERIC,CLEARED,
2026-09-24 01:02:08,V-101,NORMAL,LOW,15.92,NUMERIC,CLEARED,
2026-09-24 01:07:49,TT-101,NORMAL,LOW,50.31,NUMERIC,CLEARED,
2026-09-24 01:07:52,FT-101,NORMAL,LOW,34.75,NUMERIC,CLEARED,
2026-09-24 01:09:31,TT-101,NORMAL,LOW,66.29,NUMERIC,CLEARED,
2026-09-24 01:12:24,V-101,NORMAL,LOW,50.68,NUMERIC,CLEARED,
2026-09-24 01:13:59,TT-101,HIGH_TEMPERATURE,HIGH,89.28,NUMERIC,CLEARED,
2026-09-24 01:15:32,FT-101,LOW_FLOW,MEDIUM,7.11,NUMERIC,ACTIVE,
2026-09-24 01:25:08,FT-101,NORMAL,LOW,33.99,NUMERIC,CLEARED,
2026-09-24 01:29:21,LT-101,NORMAL,LOW,77.03,NUMERIC,CLEARED,
2026-09-24 01:35:41,P-101,PUMP_FAILURE,CRITICAL,STOPPED,STATE,ACKNOWLEDGED,
2026-09-24 01:43:40,PT-101,NORMAL,LOW,6.4,NUMERIC,CLEARED,
2026-09-24 01:51:06,LT-101,NORMAL,LOW,56.83,NUMERIC,CLEARED,
2026-09-24 02:05:52,M-101,NORMAL,LOW,19,NUMERIC,CLEARED,
2026-09-24 02:06:38,TT-101,NORMAL,LOW,71.58,NUMERIC,CLEARED,
2026-09-24 02:12:13,PT-101,NORMAL,LOW,6.68,NUMERIC,CLEARED,
2026-09-24 02:20:33,FT-101,NORMAL,LOW,26.78,NUMERIC,CLEARED,
2026-09-24 02:23:19,LT-101,NORMAL,LOW,47.58,NUMERIC,CLEARED,
2026-09-24 02:33:21,TT-101,NORMAL,LOW,47.54,NUMERIC,CLEARED,
2026-09-24 02:41:17,PT-101,NORMAL,LOW,4.44,NUMERIC,CLEARED,
2026-09-24 02:52:33,LT-101,NORMAL,LOW,69.69,NUMERIC,CLEARED,
2026-09-24 03:01:50,LT-101,NORMAL,LOW,64.01,NUMERIC,CLEARED,
2026-09-24 03:03:40,LT-101,NORMAL,LOW,77.37,NUMERIC,CLEARED,
2026-09-24 03:04:07,PT-101,NORMAL,LOW,6.26,NUMERIC,CLEARED,
2026-09-24 03:17:15,V-101,NORMAL,LOW,58.79,NUMERIC,CLEARED,
2026-09-24 03:20:38,V-101,NORMAL,LOW,20.04,NUMERIC,CLEARED,
2026-09-24 03:27:49,LT-101,NORMAL,LOW,76.31,NUMERIC,CLEARED,
2026-09-24 03:28:46,M-101,NORMAL,LOW,25.28,NUMERIC,CLEARED,
2026-09-24 03:30:02,FT-101,NORMAL,LOW,32.96,NUMERIC,CLEARED,
2026-09-24 03:33:11,TT-101,NORMAL,LOW,70.92,NUMERIC,CLEARED,
2026-09-24 03:35:04,FT-101,NORMAL,LOW,39.94,NUMERIC,CLEARED,
2026-09-24 03:43:18,LT-101,NORMAL,LOW,63.03,NUMERIC,CLEARED,
2026-09-24 03:48:58,LT-101,NORMAL,LOW,53.11,NUMERIC,CLEARED,
2026-09-24 04:04:51,LT-101,NORMAL,LOW,74.31,NUMERIC,CLEARED,
2026-09-24 04:20:10,V-101,NORMAL,LOW,34.55,NUMERIC,CLEARED,
2026-09-24 04:21:37,FT-101,LOW_FLOW,MEDIUM,2.58,NUMERIC,ACTIVE,
2026-09-24 04:44:51,FT-101,NORMAL,LOW,26.29,NUMERIC,CLEARED,
2026-09-24 04:53:37,TT-101,NORMAL,LOW,54.82,NUMERIC,CLEARED,
2026-09-24 04:56:02,TT-101,NORMAL,LOW,74.11,NUMERIC,CLEARED,
2026-09-24 05:01:53,PT-101,NORMAL,LOW,5.55,NUMERIC,CLEARED,
2026-09-24 05:04:39,M-101,NORMAL,LOW,32.56,NUMERIC,CLEARED,
2026-09-24 05:08:16,PT-101,NORMAL,LOW,4.49,NUMERIC,CLEARED,
2026-09-24 05:08:40,TT-101,NORMAL,LOW,57.5,NUMERIC,CLEARED,
2026-09-24 05:16:19,PT-101,NORMAL,LOW,5.56,NUMERIC,CLEARED,
2026-09-24 05:20:07,TT-101,HIGH_TEMPERATURE,HIGH,100.98,NUMERIC,ACTIVE,
2026-09-24 05:20:33,FT-101,NORMAL,LOW,39.96,NUMERIC,CLEARED,
2026-09-24 05:22:38,M-101,NORMAL,LOW,8.35,NUMERIC,CLEARED,
2026-09-24 05:23:03,TT-101,NORMAL,LOW,54.91,NUMERIC,CLEARED,
2026-09-24 05:24:49,LT-101,NORMAL,LOW,57.87,NUMERIC,CLEARED,
2026-09-24 05:25:43,FT-101,NORMAL,LOW,31.2,NUMERIC,CLEARED,
2026-09-24 05:26:16,FT-101,NORMAL,LOW,20.54,NUMERIC,CLEARED,
2026-09-24 05:31:43,TT-101,NORMAL,LOW,74.91,NUMERIC,CLEARED,
2026-09-24 05:51:34,PT-101,NORMAL,LOW,4.34,NUMERIC,CLEARED,
2026-09-24 05:54:54,PT-101,NORMAL,LOW,4.82,NUMERIC,CLEARED,
2026-09-24 05:56:25,FT-101,NORMAL,LOW,21.72,NUMERIC,CLEARED,
2026-09-24 06:00:07,TT-101,HIGH_TEMPERATURE,HIGH,95.59,NUMERIC,CLEARED,
2026-09-24 06:12:05,TT-101,NORMAL,LOW,72.67,NUMERIC,CLEARED,
2026-09-24 06:22:31,FT-101,NORMAL,LOW,27.3,NUMERIC,CLEARED,
2026-09-24 06:28:21,FT-101,NORMAL,LOW,24.85,NUMERIC,CLEARED,
2026-09-24 06:33:03,FT-101,NORMAL,LOW,36.77,NUMERIC,CLEARED,
2026-09-24 06:34:52,TT-101,NORMAL,LOW,57.4,NUMERIC,CLEARED,
2026-09-24 06:40:08,TT-101,NORMAL,LOW,73.27,NUMERIC,CLEARED,
2026-09-24 06:40:45,LT-101,NORMAL,LOW,76.94,NUMERIC,CLEARED,
2026-09-24 06:45:54,FT-101,NORMAL,LOW,38.17,NUMERIC,CLEARED,
2026-09-24 06:50:30,FT-101,NORMAL,LOW,39.94,NUMERIC,CLEARED,
2026-09-24 06:55:12,FT-101,NORMAL,LOW,30.38,NUMERIC,CLEARED,
2026-09-24 06:59:20,PT-101,NORMAL,LOW,4.68,NUMERIC,CLEARED,
2026-09-24 07:04:18,FT-101,HIGH_FLOW,HIGH,52.39,NUMERIC,ACTIVE,
2026-09-24 07:06:19,PT-101,NORMAL,LOW,6.34,NUMERIC,CLEARED,
2026-09-24 07:11:47,M-101,NORMAL,LOW,22.26,NUMERIC,CLEARED,
2026-09-24 07:15:34,TT-101,HIGH_TEMPERATURE,HIGH,93.74,NUMERIC,CLEARED,
2026-09-24 07:15:43,TT-101,NORMAL,LOW,49.51,NUMERIC,CLEARED,
2026-09-24 07:21:54,PT-101,LOW_PRESSURE,MEDIUM,1.41,NUMERIC,CLEARED,
2026-09-24 07:33:27,LT-101,NORMAL,LOW,64.9,NUMERIC,CLEARED,
2026-09-24 07:34:20,LT-101,NORMAL,LOW,46.98,NUMERIC,CLEARED,
2026-09-24 07:44:01,LT-101,NORMAL,LOW,79.29,NUMERIC,CLEARED,
2026-09-24 07:44:01,LT-101,NORMAL,LOW,67.87,NUMERIC,CLEARED,
2026-09-24 07:47:23,M-101,NORMAL,LOW,7.77,NUMERIC,CLEARED,
2026-09-24 07:51:29,LT-101,NORMAL,LOW,74.91,NUMERIC,CLEARED,
2026-09-24 07:53:58,FT-101,NORMAL,LOW,29.18,NUMERIC,CLEARED,
2026-09-24 08:00:50,LT-101,NORMAL,LOW,48.31,NUMERIC,CLEARED,
2026-09-24 08:09:22,PT-101,NORMAL,LOW,5.73,NUMERIC,CLEARED,
2026-09-24 08:12:26,FT-101,HIGH_FLOW,HIGH,50.47,NUMERIC,CLEARED,
2026-09-24 08:18:55,PT-101,NORMAL,LOW,6.29,NUMERIC,CLEARED,
2026-09-24 08:21:30,TT-101,NORMAL,LOW,72.29,NUMERIC,CLEARED,
2026-09-24 08:31:38,TT-101,NORMAL,LOW,73.76,NUMERIC,CLEARED,
2026-09-24 08:32:06,V-101,NORMAL,LOW,54.93,NUMERIC,CLEARED,
2026-09-24 08:32:52,TT-101,NORMAL,LOW,50.94,NUMERIC,CLEARED,
2026-09-24 08:41:18,V-101,NORMAL,LOW,77.27,NUMERIC,CLEARED,
2026-09-24 09:02:32,TT-101,NORMAL,LOW,55.33,NUMERIC,CLEARED,
2026-09-24 09:06:37,LT-101,LOW_LEVEL,HIGH,13.59,NUMERIC,CLEARED,
2026-09-24 09:07:30,PT-101,NORMAL,LOW,4.69,NUMERIC,CLEARED,
2026-09-24 09:29:17,LT-101,NORMAL,LOW,40.6,NUMERIC,CLEARED,
2026-09-24 09:41:56,PT-101,NORMAL,LOW,5.46,NUMERIC,CLEARED,
2026-09-24 09:44:27,P-101,PUMP_FAILURE,CRITICAL,STOPPED,STATE,ACTIVE,
2026-09-24 09:52:04,LT-101,NORMAL,LOW,50.65,NUMERIC,CLEARED,
2026-09-24 09:58:31,PT-101,NORMAL,LOW,5.72,NUMERIC,CLEARED,
2026-09-24 10:07:26,LT-101,LOW_LEVEL,HIGH,8.55,NUMERIC,ACTIVE,
2026-09-24 10:12:54,FT-101,NORMAL,LOW,36.5,NUMERIC,CLEARED,
2026-09-24 10:12:55,LT-101,NORMAL,LOW,53.98,NUMERIC,CLEARED,
2026-09-24 10:15:33,FT-101,NORMAL,LOW,24.86,NUMERIC,CLEARED,
2026-09-24 10:23:37,PT-101,NORMAL,LOW,6.32,NUMERIC,CLEARED,
2026-09-24 10:25:44,LT-101,HIGH_LEVEL,CRITICAL,93.41,NUMERIC,CLEARED,
2026-09-24 10:28:47,FT-101,NORMAL,LOW,28.42,NUMERIC,CLEARED,
2026-09-24 10:40:17,FT-101,NORMAL,LOW,39.13,NUMERIC,CLEARED,
2026-09-24 10:49:05,FT-101,NORMAL,LOW,23.32,NUMERIC,CLEARED,
2026-09-24 10:56:05,LT-101,NORMAL,LOW,53.24,NUMERIC,CLEARED,
2026-09-24 10:58:41,PT-101,NORMAL,LOW,7,NUMERIC,CLEARED,
2026-09-24 11:03:07,FT-101,NORMAL,LOW,20.18,NUMERIC,CLEARED,
2026-09-24 11:10:11,LT-101,LOW_LEVEL,HIGH,12.6,NUMERIC,ACKNOWLEDGED,
2026-09-24 11:11:55,LT-101,NORMAL,LOW,42.56,NUMERIC,CLEARED,
2026-09-24 11:19:20,FT-101,NORMAL,LOW,22.92,NUMERIC,CLEARED,
2026-09-24 11:21:14,FT-101,NORMAL,LOW,20.91,NUMERIC,CLEARED,
2026-09-24 11:25:01,LT-101,NORMAL,LOW,45.76,NUMERIC,CLEARED,
2026-09-24 11:29:53,FT-101,LOW_FLOW,MEDIUM,4.32,NUMERIC,CLEARED,
2026-09-24 11:33:58,FT-101,NORMAL,LOW,29.75,NUMERIC,CLEARED,
2026-09-24 11:50:34,LT-101,NORMAL,LOW,56.68,NUMERIC,CLEARED,
2026-09-24 11:57:17,PT-101,NORMAL,LOW,5.31,NUMERIC,CLEARED,
2026-09-24 12:04:51,PT-101,NORMAL,LOW,6.74,NUMERIC,CLEARED,
2026-09-24 12:13:52,LT-101,NORMAL,LOW,65.67,NUMERIC,CLEARED,
2026-09-24 12:20:15,TT-101,NORMAL,LOW,66.11,NUMERIC,CLEARED,
2026-09-24 12:23:52,M-101,NORMAL,LOW,2.75,NUMERIC,CLEARED,
2026-09-24 12:31:41,V-101,NORMAL,LOW,94.96,NUMERIC,CLEARED,
2026-09-24 12:32:42,PT-101,NORMAL,LOW,6.46,NUMERIC,CLEARED,
2026-09-24 12:33:24,PT-101,NORMAL,LOW,5.12,NUMERIC,CLEARED,
2026-09-24 12:36:37,FT-101,NORMAL,LOW,39.04,NUMERIC,CLEARED,
2026-09-24 12:38:46,LT-101,NORMAL,LOW,63.02,NUMERIC,CLEARED,
2026-09-24 12:40:20,PT-101,NORMAL,LOW,6.71,NUMERIC,CLEARED,
2026-09-24 12:42:59,FT-101,NORMAL,LOW,28.56,NUMERIC,CLEARED,
2026-09-24 12:47:29,PT-101,NORMAL,LOW,5.52,NUMERIC,CLEARED,
2026-09-24 12:58:35,V-101,NORMAL,LOW,18.13,NUMERIC,CLEARED,
2026-09-24 13:06:28,FT-101,NORMAL,LOW,27.08,NUMERIC,CLEARED,
2026-09-24 13:07:13,V-101,NORMAL,LOW,44.53,NUMERIC,CLEARED,
2026-09-24 13:08:14,V-101,NORMAL,LOW,78.55,NUMERIC,CLEARED,
2026-09-24 13:21:10,PT-101,NORMAL,LOW,6.51,NUMERIC,CLEARED,
2026-09-24 13:23:18,PT-101,NORMAL,LOW,5.09,NUMERIC,CLEARED,
2026-09-24 13:34:45,FT-101,NORMAL,LOW,24.04,NUMERIC,CLEARED,
2026-09-24 13:42:19,TT-101,NORMAL,LOW,45.39,NUMERIC,CLEARED,
2026-09-24 13:52:21,TT-101,NORMAL,LOW,73.55,NUMERIC,CLEARED,
2026-09-24 13:58:24,PT-101,NORMAL,LOW,5.84,NUMERIC,CLEARED,
2026-09-24 14:02:48,LT-101,NORMAL,LOW,78.55,NUMERIC,CLEARED,
2026-09-24 14:02:51,LT-101,NORMAL,LOW,56.68,NUMERIC,CLEARED,
2026-09-24 14:06:04,TT-101,NORMAL,LOW,55.8,NUMERIC,CLEARED,
2026-09-24 14:20:55,FT-101,NORMAL,LOW,29.75,NUMERIC,CLEARED,
2026-09-24 14:23:37,TT-101,NORMAL,LOW,53.36,NUMERIC,CLEARED,
2026-09-24 14:24:03,PT-101,LOW_PRESSURE,MEDIUM,1.87,NUMERIC,ACTIVE,
2026-09-24 14:28:22,LT-101,NORMAL,LOW,68.22,NUMERIC,CLEARED,
2026-09-24 14:34:07,LT-101,NORMAL,LOW,70.98,NUMERIC,CLEARED,
2026-09-24 14:49:03,PT-101,NORMAL,LOW,6.07,NUMERIC,CLEARED,
2026-09-24 14:51:30,LT-101,NORMAL,LOW,78.71,NUMERIC,CLEARED,
2026-09-24 14:56:35,V-101,NORMAL,LOW,95.47,NUMERIC,CLEARED,
2026-09-24 15:07:13,V-101,NORMAL,LOW,32.96,NUMERIC,CLEARED,
2026-09-24 15:08:05,LT-101,NORMAL,LOW,57.56,NUMERIC,CLEARED,
2026-09-24 15:12:24,LT-101,NORMAL,LOW,52.28,NUMERIC,CLEARED,
2026-09-24 15:12:28,TT-101,NORMAL,LOW,58.38,NUMERIC,CLEARED,
2026-09-24 15:14:02,FT-101,NORMAL,LOW,28.17,NUMERIC,CLEARED,
2026-09-24 15:15:09,TT-101,NORMAL,LOW,71.93,NUMERIC,CLEARED,
2026-09-24 15:24:45,LT-101,NORMAL,LOW,46.91,NUMERIC,CLEARED,
2026-09-24 15:26:39,M-101,NORMAL,LOW,23.08,NUMERIC,CLEARED,
2026-09-24 15:37:44,M-101,NORMAL,LOW,15.29,NUMERIC,CLEARED,
2026-09-24 15:44:25,LT-101,NORMAL,LOW,43.59,NUMERIC,CLEARED,
2026-09-24 15:46:16,FT-101,NORMAL,LOW,34.32,NUMERIC,CLEARED,
2026-09-24 15:46:40,FT-101,NORMAL,LOW,36.4,NUMERIC,CLEARED,
2026-09-24 15:47:41,PT-101,NORMAL,LOW,6.55,NUMERIC,CLEARED,
2026-09-24 15:48:35,PT-101,NORMAL,LOW,4.77,NUMERIC,CLEARED,
2026-09-24 15:59:02,LT-101,NORMAL,LOW,47.16,NUMERIC,CLEARED,
2026-09-24 16:17:28,FT-101,NORMAL,LOW,26.41,NUMERIC,CLEARED,
2026-09-24 16:19:23,TT-101,NORMAL,LOW,70.29,NUMERIC,CLEARED,
2026-09-24 16:48:29,LT-101,NORMAL,LOW,58.76,NUMERIC,CLEARED,
2026-09-24 16:52:17,LT-101,NORMAL,LOW,64.71,NUMERIC,CLEARED,
2026-09-24 16:54:27,TT-101,NORMAL,LOW,67.72,NUMERIC,CLEARED,
2026-09-24 16:56:46,V-101,NORMAL,LOW,33.34,NUMERIC,CLEARED,
2026-09-24 16:56:49,LT-101,NORMAL,LOW,68.66,NUMERIC,CLEARED,
2026-09-24 16:57:16,PT-101,NORMAL,LOW,4.67,NUMERIC,CLEARED,
2026-09-24 16:58:44,PT-101,NORMAL,LOW,5.72,NUMERIC,CLEARED,
2026-09-24 17:03:31,TT-101,NORMAL,LOW,60.46,NUMERIC,CLEARED,
2026-09-24 17:05:25,LT-101,NORMAL,LOW,65.95,NUMERIC,CLEARED,
2026-09-24 17:08:44,FT-101,NORMAL,LOW,36.24,NUMERIC,CLEARED,
2026-09-24 17:14:08,TT-101,NORMAL,LOW,68.64,NUMERIC,CLEARED,
2026-09-24 17:16:32,FT-101,NORMAL,LOW,33.78,NUMERIC,CLEARED,
2026-09-24 17:23:34,PT-101,NORMAL,LOW,6.97,NUMERIC,CLEARED,
2026-09-24 17:29:09,PT-101,LOW_PRESSURE,MEDIUM,0.85,NUMERIC,ACTIVE,
2026-09-24 17:31:54,V-101,NORMAL,LOW,52.23,NUMERIC,CLEARED,
2026-09-24 17:37:17,FT-101,NORMAL,LOW,26.52,NUMERIC,CLEARED,
2026-09-24 17:52:03,M-101,NORMAL,LOW,22.99,NUMERIC,CLEARED,
2026-09-24 18:00:00,PT-101,NORMAL,LOW,5.46,NUMERIC,CLEARED,
2026-09-24 18:10:43,TT-101,NORMAL,LOW,57.39,NUMERIC,CLEARED,
2026-09-24 18:15:35,PT-101,NORMAL,LOW,5.43,NUMERIC,CLEARED,
2026-09-24 18:17:24,TT-101,NORMAL,LOW,52.87,NUMERIC,CLEARED,
2026-09-24 18:21:24,PT-101,NORMAL,LOW,6.79,NUMERIC,CLEARED,
2026-09-24 18:21:59,FT-101,NORMAL,LOW,20.13,NUMERIC,CLEARED,
2026-09-24 18:26:01,FT-101,NORMAL,LOW,26.57,NUMERIC,CLEARED,
2026-09-24 18:28:20,TT-101,NORMAL,LOW,74.97,NUMERIC,CLEARED,
2026-09-24 18:59:55,PT-101,NORMAL,LOW,6.09,NUMERIC,CLEARED,
2026-09-24 19:24:26,TT-101,NORMAL,LOW,49.2,NUMERIC,CLEARED,
2026-09-24 19:28:35,PT-101,HIGH_PRESSURE,CRITICAL,8.87,NUMERIC,ACTIVE,
2026-09-24 19:28:54,FT-101,NORMAL,LOW,24.33,NUMERIC,CLEARED,
2026-09-24 19:31:05,M-101,NORMAL,LOW,32.57,NUMERIC,CLEARED,
2026-09-24 19:35:07,P-102,PUMP_FAILURE,CRITICAL,STOPPED,STATE,ACKNOWLEDGED,
2026-09-24 19:38:19,LT-101,NORMAL,LOW,53.42,NUMERIC,CLEARED,
2026-09-24 19:46:05,LT-101,NORMAL,LOW,77.58,NUMERIC,CLEARED,
2026-09-24 19:52:22,FT-101,NORMAL,LOW,27,NUMERIC,CLEARED,
2026-09-24 19:57:27,FT-101,NORMAL,LOW,28,NUMERIC,CLEARED,
2026-09-24 20:00:29,TT-101,NORMAL,LOW,62.08,NUMERIC,CLEARED,
2026-09-24 20:05:58,PT-101,NORMAL,LOW,5.17,NUMERIC,CLEARED,
2026-09-24 20:08:15,FT-101,NORMAL,LOW,37.62,NUMERIC,CLEARED,
2026-09-24 20:08:22,PT-101,NORMAL,LOW,5.49,NUMERIC,CLEARED,
2026-09-24 20:43:43,LT-101,NORMAL,LOW,42.96,NUMERIC,CLEARED,
2026-09-24 20:45:22,FT-101,NORMAL,LOW,37.07,NUMERIC,CLEARED,
2026-09-24 20:51:45,TT-101,NORMAL,LOW,68.38,NUMERIC,CLEARED,
2026-09-24 20:58:00,TT-101,NORMAL,LOW,58.31,NUMERIC,CLEARED,
2026-09-24 20:58:21,V-101,NORMAL,LOW,92.61,NUMERIC,CLEARED,
2026-09-24 21:03:33,LT-101,NORMAL,LOW,75.16,NUMERIC,CLEARED,
2026-09-24 21:08:30,TT-101,NORMAL,LOW,65.63,NUMERIC,CLEARED,
2026-09-24 21:12:11,V-101,NORMAL,LOW,12.74,NUMERIC,CLEARED,
2026-09-24 21:17:45,TT-101,NORMAL,LOW,61.89,NUMERIC,CLEARED,
2026-09-24 21:19:19,M-101,NORMAL,LOW,3.25,NUMERIC,CLEARED,
2026-09-24 21:23:17,TT-101,NORMAL,LOW,56.33,NUMERIC,CLEARED,
2026-09-24 21:29:08,FT-101,NORMAL,LOW,23.76,NUMERIC,CLEARED,
2026-09-24 21:39:32,FT-101,NORMAL,LOW,26.75,NUMERIC,CLEARED,
2026-09-24 21:44:36,TT-101,NORMAL,LOW,47.48,NUMERIC,CLEARED,
2026-09-24 21:56:10,LT-101,NORMAL,LOW,72.99,NUMERIC,CLEARED,
2026-09-24 22:02:13,PT-101,NORMAL,LOW,4.76,NUMERIC,CLEARED,
2026-09-24 22:12:08,TT-101,NORMAL,LOW,48.42,NUMERIC,CLEARED,
2026-09-24 22:12:44,LT-101,NORMAL,LOW,62.17,NUMERIC,CLEARED,
2026-09-24 22:15:20,PT-101,NORMAL,LOW,6.52,NUMERIC,CLEARED,
2026-09-24 22:22:57,LT-101,NORMAL,LOW,58.54,NUMERIC,CLEARED,
2026-09-24 22:26:42,FT-101,NORMAL,LOW,35.29,NUMERIC,CLEARED,
2026-09-24 22:33:43,PT-101,NORMAL,LOW,5.6,NUMERIC,CLEARED,
2026-09-24 22:37:16,LT-101,NORMAL,LOW,67.29,NUMERIC,CLEARED,
2026-09-24 22:39:01,PT-101,NORMAL,LOW,6.11,NUMERIC,CLEARED,
2026-09-24 22:52:25,LT-101,NORMAL,LOW,67.24,NUMERIC,CLEARED,
2026-09-24 22:54:40,FT-101,NORMAL,LOW,22.89,NUMERIC,CLEARED,
2026-09-24 23:15:04,FT-101,NORMAL,LOW,37.24,NUMERIC,CLEARED,
2026-09-24 23:19:17,TT-101,NORMAL,LOW,74.43,NUMERIC,CLEARED,
2026-09-24 23:19:43,FT-101,NORMAL,LOW,24.42,NUMERIC,CLEARED,
2026-09-24 23:34:38,LT-101,NORMAL,LOW,45.56,NUMERIC,CLEARED,
2026-09-24 23:56:16,TT-101,NORMAL,LOW,69.02,NUMERIC,CLEARED,
2026-09-24 23:57:38,LT-101,NORMAL,LOW,68.56,NUMERIC,CLEARED,
2026-09-25 00:04:47,LT-101,NORMAL,LOW,40.16,NUMERIC,CLEARED,
2026-09-25 00:08:48,PT-101,NORMAL,LOW,6.44,NUMERIC,CLEARED,
2026-09-25 00:09:41,M-101,NORMAL,LOW,29.91,NUMERIC,CLEARED,
2026-09-25 00:10:16,LT-101,HIGH_LEVEL,CRITICAL,95.97,NUMERIC,ACTIVE,
2026-09-25 00:10:32,TT-101,NORMAL,LOW,52.57,NUMERIC,CLEARED,
2026-09-25 00:17:39,V-101,NORMAL,LOW,29.58,NUMERIC,CLEARED,
2026-09-25 00:21:10,PT-101,NORMAL,LOW,6.59,NUMERIC,CLEARED,
2026-09-25 00:25:23,TT-101,NORMAL,LOW,45.59,NUMERIC,CLEARED,
2026-09-25 00:25:31,M-101,NORMAL,LOW,21.1,NUMERIC,CLEARED,
2026-09-25 00:33:01,PT-101,NORMAL,LOW,4.69,NUMERIC,CLEARED,
2026-09-25 00:36:20,LT-101,NORMAL,LOW,53.86,NUMERIC,CLEARED,
2026-09-25 00:38:02,TT-101,NORMAL,LOW,52.79,NUMERIC,CLEARED,
2026-09-25 00:40:54,P-102,PUMP_FAILURE,CRITICAL,STOPPED,STATE,ACKNOWLEDGED,
2026-09-25 00:50:33,LT-101,NORMAL,LOW,61.49,NUMERIC,CLEARED,
2026-09-25 01:01:22,TT-101,NORMAL,LOW,50.38,NUMERIC,CLEARED,
2026-09-25 01:04:54,TT-101,NORMAL,LOW,61.97,NUMERIC,CLEARED,
2026-09-25 01:05:21,FT-101,NORMAL,LOW,30.95,NUMERIC,CLEARED,
2026-09-25 01:05:28,PT-101,NORMAL,LOW,5.52,NUMERIC,CLEARED,
2026-09-25 01:05:32,FT-101,HIGH_FLOW,HIGH,59.75,NUMERIC,CLEARED,
2026-09-25 01:11:39,LT-101,NORMAL,LOW,40.43,NUMERIC,CLEARED,
2026-09-25 01:13:13,V-101,NORMAL,LOW,51.48,NUMERIC,CLEARED,
2026-09-25 01:22:41,M-101,HIGH_CURRENT,HIGH,42.46,NUMERIC,ACKNOWLEDGED,
2026-09-25 01:23:11,PT-101,NORMAL,LOW,5.55,NUMERIC,CLEARED,
2026-09-25 01:23:22,LT-101,HIGH_LEVEL,CRITICAL,92.77,NUMERIC,CLEARED,
2026-09-25 01:37:57,LT-101,HIGH_LEVEL,CRITICAL,93.23,NUMERIC,ACTIVE,
2026-09-25 01:41:32,LT-101,NORMAL,LOW,53.44,NUMERIC,CLEARED,
2026-09-25 01:41:53,FT-101,NORMAL,LOW,30.57,NUMERIC,CLEARED,
2026-09-25 01:45:46,FT-101,NORMAL,LOW,29.77,NUMERIC,CLEARED,
2026-09-25 01:48:07,PT-101,NORMAL,LOW,4.17,NUMERIC,CLEARED,
2026-09-25 01:51:49,TT-101,HIGH_TEMPERATURE,HIGH,88.3,NUMERIC,ACKNOWLEDGED,
2026-09-25 01:54:46,V-101,NORMAL,LOW,92.89,NUMERIC,CLEARED,
2026-09-25 01:54:49,FT-101,NORMAL,LOW,20.06,NUMERIC,CLEARED,
2026-09-25 01:55:10,PT-101,NORMAL,LOW,6.87,NUMERIC,CLEARED,
2026-09-25 01:55:33,M-101,HIGH_CURRENT,HIGH,47.41,NUMERIC,ACTIVE,
2026-09-25 02:02:01,PT-101,NORMAL,LOW,4.04,NUMERIC,CLEARED,
2026-09-25 02:10:34,LT-101,NORMAL,LOW,50.23,NUMERIC,CLEARED,
2026-09-25 02:12:35,V-101,NORMAL,LOW,21.98,NUMERIC,CLEARED,
2026-09-25 02:21:42,TT-101,NORMAL,LOW,67.88,NUMERIC,CLEARED,
2026-09-25 02:30:00,PT-101,NORMAL,LOW,5.54,NUMERIC,CLEARED,
2026-09-25 02:30:05,LT-101,NORMAL,LOW,73.89,NUMERIC,CLEARED,
2026-09-25 02:38:42,LT-101,NORMAL,LOW,51.18,NUMERIC,CLEARED,
2026-09-25 02:39:11,FT-101,NORMAL,LOW,26.47,NUMERIC,CLEARED,
2026-09-25 02:54:22,TT-101,NORMAL,LOW,51.69,NUMERIC,CLEARED,
2026-09-25 02:56:57,FT-101,NORMAL,LOW,31.23,NUMERIC,CLEARED,
2026-09-25 02:58:05,LT-101,NORMAL,LOW,48.07,NUMERIC,CLEARED,
2026-09-25 02:59:43,FT-101,NORMAL,LOW,37.75,NUMERIC,CLEARED,
2026-09-25 03:06:37,TT-101,NORMAL,LOW,57.42,NUMERIC,CLEARED,
2026-09-25 03:19:37,TT-101,NORMAL,LOW,71.91,NUMERIC,CLEARED,
2026-09-25 03:20:19,LT-101,NORMAL,LOW,64.02,NUMERIC,CLEARED,
2026-09-25 03:27:24,LT-101,NORMAL,LOW,53.35,NUMERIC,CLEARED,
2026-09-25 03:28:52,TT-101,NORMAL,LOW,45.76,NUMERIC,CLEARED,
2026-09-25 03:40:46,PT-101,NORMAL,LOW,5.23,NUMERIC,CLEARED,
2026-09-25 03:42:19,PT-101,NORMAL,LOW,,NULL,CLEARED,MISSING_VALUE
2026-09-25 03:52:26,PT-101,NORMAL,LOW,4.94,NUMERIC,CLEARED,
2026-09-25 03:54:37,FT-101,NORMAL,LOW,34.58,NUMERIC,CLEARED,
2026-09-25 03:55:17,LT-101,NORMAL,LOW,70.6,NUMERIC,CLEARED,
2026-09-25 03:59:06,LT-101,HIGH_LEVEL,CRITICAL,99.24,NUMERIC,ACTIVE,
2026-09-25 03:59:30,FT-101,NORMAL,LOW,31.5,NUMERIC,CLEARED,
2026-09-25 04:02:26,LT-101,NORMAL,LOW,61.09,NUMERIC,CLEARED,
2026-09-25 04:03:10,PT-101,NORMAL,LOW,5.44,NUMERIC,CLEARED,
2026-09-25 04:08:29,FT-101,NORMAL,LOW,23.36,NUMERIC,CLEARED,
2026-09-25 04:10:25,V-101,NORMAL,LOW,8.65,NUMERIC,CLEARED,
2026-09-25 04:11:20,FT-101,NORMAL,LOW,24.41,NUMERIC,CLEARED,
2026-09-25 04:13:35,FT-101,NORMAL,LOW,34.13,NUMERIC,CLEARED,
2026-09-25 04:20:28,FT-101,NORMAL,LOW,21.54,NUMERIC,CLEARED,
2026-09-25 04:23:23,TT-101,NORMAL,LOW,55.29,NUMERIC,CLEARED,
2026-09-25 04:23:41,TT-101,NORMAL,LOW,45.22,NUMERIC,CLEARED,
2026-09-25 04:24:23,TT-101,NORMAL,LOW,61.12,NUMERIC,CLEARED,
2026-09-25 04:25:18,V-101,NORMAL,LOW,52.72,NUMERIC,CLEARED,
2026-09-25 04:26:47,P-102,PUMP_FAILURE,CRITICAL,STOPPED,STATE,ACTIVE,
2026-09-25 04:34:20,M-101,NORMAL,LOW,17.1,NUMERIC,CLEARED,
2026-09-25 04:41:35,LT-101,NORMAL,LOW,62.8,NUMERIC,CLEARED,
2026-09-25 04:57:39,TT-101,NORMAL,LOW,60.55,NUMERIC,CLEARED,
2026-09-25 04:58:13,TT-101,NORMAL,LOW,69.08,NUMERIC,CLEARED,
2026-09-25 05:02:30,LT-101,NORMAL,LOW,44.04,NUMERIC,CLEARED,
2026-09-25 05:11:13,LT-101,NORMAL,LOW,52.39,NUMERIC,CLEARED,
2026-09-25 05:14:40,PT-101,NORMAL,LOW,5.29,NUMERIC,CLEARED,
2026-09-25 05:15:26,TT-101,NORMAL,LOW,68.22,NUMERIC,CLEARED,
2026-09-25 05:16:09,PT-101,NORMAL,LOW,5.9,NUMERIC,CLEARED,
2026-09-25 05:21:45,LT-101,NORMAL,LOW,78.34,NUMERIC,CLEARED,
2026-09-25 05:22:34,M-101,NORMAL,LOW,31.85,NUMERIC,CLEARED,
2026-09-25 05:37:04,M-101,NORMAL,LOW,31.35,NUMERIC,CLEARED,
2026-09-25 05:43:49,LT-101,NORMAL,LOW,71.8,NUMERIC,CLEARED,
2026-09-25 06:01:59,V-101,NORMAL,LOW,69.18,NUMERIC,CLEARED,
2026-09-25 06:09:22,PT-101,NORMAL,LOW,4.08,NUMERIC,CLEARED,
2026-09-25 06:18:39,FT-101,NORMAL,LOW,20.27,NUMERIC,CLEARED,
2026-09-25 06:19:38,TT-101,NORMAL,LOW,59.66,NUMERIC,CLEARED,
2026-09-25 06:39:02,LT-101,NORMAL,LOW,74.42,NUMERIC,CLEARED,
2026-09-25 06:47:38,TT-101,HIGH_TEMPERATURE,HIGH,100.06,NUMERIC,CLEARED,
2026-09-25 06:56:29,FT-101,NORMAL,LOW,29.08,NUMERIC,CLEARED,
2026-09-25 07:03:29,TT-101,NORMAL,LOW,68.67,NUMERIC,CLEARED,
2026-09-25 07:07:18,FT-101,NORMAL,LOW,32.07,NUMERIC,CLEARED,
2026-09-25 07:13:00,TT-101,NORMAL,LOW,66.04,NUMERIC,CLEARED,
2026-09-25 07:16:07,M-101,HIGH_CURRENT,HIGH,57.89,NUMERIC,CLEARED,
2026-09-25 07:17:44,LT-101,NORMAL,LOW,67.67,NUMERIC,CLEARED,
2026-09-25 07:30:47,V-101,NORMAL,LOW,23.26,NUMERIC,CLEARED,
2026-09-25 07:31:00,FT-101,NORMAL,LOW,30.27,NUMERIC,CLEARED,
2026-09-25 07:39:36,V-101,NORMAL,LOW,79.21,NUMERIC,CLEARED,
2026-09-25 07:41:15,PT-101,NORMAL,LOW,6.39,NUMERIC,CLEARED,
2026-09-25 07:41:57,LT-101,NORMAL,LOW,50.12,NUMERIC,CLEARED,
2026-09-25 08:09:15,PT-101,NORMAL,LOW,6.64,NUMERIC,CLEARED,
2026-09-25 08:21:35,TT-101,NORMAL,LOW,55.79,NUMERIC,CLEARED,
2026-09-25 08:24:29,LT-101,NORMAL,LOW,75.58,NUMERIC,CLEARED,
2026-09-25 08:29:21,M-101,NORMAL,LOW,6.99,NUMERIC,CLEARED,
2026-09-25 08:51:52,TT-101,NORMAL,LOW,53.5,NUMERIC,CLEARED,
2026-09-25 08:52:14,M-101,NORMAL,LOW,31.24,NUMERIC,CLEARED,
2026-09-25 09:03:04,M-101,NORMAL,LOW,13.85,NUMERIC,CLEARED,
2026-09-25 09:04:25,LT-101,NORMAL,LOW,65.69,NUMERIC,CLEARED,
2026-09-25 09:06:33,PT-101,NORMAL,LOW,4.06,NUMERIC,CLEARED,
2026-09-25 09:06:39,TT-101,NORMAL,LOW,64.76,NUMERIC,CLEARED,
2026-09-25 09:06:54,V-101,NORMAL,LOW,73.66,NUMERIC,CLEARED,
2026-09-25 09:15:02,PT-101,NORMAL,LOW,5.43,NUMERIC,CLEARED,
2026-09-25 09:15:17,TT-101,NORMAL,LOW,66.06,NUMERIC,CLEARED,
2026-09-25 09:17:51,M-101,NORMAL,LOW,23.59,NUMERIC,CLEARED,
2026-09-25 09:19:04,LT-101,NORMAL,LOW,75.47,NUMERIC,CLEARED,
2026-09-25 09:20:58,LT-101,NORMAL,LOW,62.83,NUMERIC,CLEARED,
2026-09-25 09:33:22,LT-101,NORMAL,LOW,44.76,NUMERIC,CLEARED,
2026-09-25 09:35:14,PT-101,HIGH_PRESSURE,CRITICAL,8.58,NUMERIC,ACTIVE,
2026-09-25 09:47:33,TT-101,NORMAL,LOW,66.84,NUMERIC,CLEARED,
2026-09-25 10:04:48,LT-101,NORMAL,LOW,79.2,NUMERIC,CLEARED,
2026-09-25 10:10:42,LT-101,NORMAL,LOW,44.46,NUMERIC,CLEARED,
2026-09-25 10:16:37,M-101,NORMAL,LOW,29.95,NUMERIC,CLEARED,
2026-09-25 10:17:39,LT-101,NORMAL,LOW,41.15,NUMERIC,CLEARED,
2026-09-25 10:19:21,FT-101,NORMAL,LOW,39.92,NUMERIC,CLEARED,
2026-09-25 10:23:23,FT-101,NORMAL,LOW,34.66,NUMERIC,CLEARED,
2026-09-25 10:27:26,TT-101,HIGH_TEMPERATURE,HIGH,86.94,NUMERIC,CLEARED,
2026-09-25 10:27:30,FT-101,NORMAL,LOW,22.77,NUMERIC,CLEARED,
2026-09-25 10:28:48,FT-101,HIGH_FLOW,HIGH,63.38,NUMERIC,CLEARED,
2026-09-25 10:29:27,FT-101,NORMAL,LOW,37.11,NUMERIC,CLEARED,
2026-09-25 10:31:36,PT-101,NORMAL,LOW,6.23,NUMERIC,CLEARED,
2026-09-25 10:34:08,TT-101,NORMAL,LOW,55.01,NUMERIC,CLEARED,
2026-09-25 10:56:34,LT-101,NORMAL,LOW,64.3,NUMERIC,CLEARED,
2026-09-25 10:58:11,LT-101,NORMAL,LOW,52.66,NUMERIC,CLEARED,
2026-09-25 11:08:57,TT-101,NORMAL,LOW,59.42,NUMERIC,CLEARED,
2026-09-25 11:16:55,M-101,NORMAL,LOW,21.29,NUMERIC,CLEARED,
2026-09-25 11:20:53,TT-101,NORMAL,LOW,65.39,NUMERIC,CLEARED,
2026-09-25 11:26:02,LT-101,NORMAL,LOW,75.95,NUMERIC,CLEARED,
2026-09-25 11:30:00,TT-101,NORMAL,LOW,47.21,NUMERIC,CLEARED,
2026-09-25 11:36:55,TT-101,NORMAL,LOW,65.1,NUMERIC,CLEARED,
2026-09-25 11:47:52,V-101,NORMAL,LOW,0.06,NUMERIC,CLEARED,
2026-09-25 11:56:51,PT-101,NORMAL,LOW,6.47,NUMERIC,CLEARED,
2026-09-25 12:04:13,PT-101,NORMAL,LOW,5.53,NUMERIC,CLEARED,
2026-09-25 12:04:48,LT-101,NORMAL,LOW,63.25,NUMERIC,CLEARED,
2026-09-25 12:06:33,M-101,NORMAL,LOW,21.44,NUMERIC,CLEARED,
2026-09-25 12:15:43,TT-101,NORMAL,LOW,61.9,NUMERIC,CLEARED,
2026-09-25 12:20:44,TT-101,NORMAL,LOW,64.76,NUMERIC,CLEARED,
2026-09-25 12:23:45,M-101,NORMAL,LOW,11.71,NUMERIC,CLEARED,
2026-09-25 12:26:12,LT-101,NORMAL,LOW,69.15,NUMERIC,CLEARED,
2026-09-25 12:27:23,PT-101,NORMAL,LOW,6.85,NUMERIC,CLEARED,
2026-09-25 12:41:36,TT-101,NORMAL,LOW,62.76,NUMERIC,CLEARED,
2026-09-25 12:50:29,TT-101,NORMAL,LOW,57.07,NUMERIC,CLEARED,
2026-09-25 13:01:08,FT-101,NORMAL,LOW,30.36,NUMERIC,CLEARED,
2026-09-25 13:04:49,PT-101,NORMAL,LOW,5.89,NUMERIC,CLEARED,
2026-09-25 13:07:04,M-101,NORMAL,LOW,7.43,NUMERIC,CLEARED,
2026-09-25 13:08:38,PT-101,NORMAL,LOW,6.88,NUMERIC,CLEARED,
2026-09-25 13:16:34,FT-101,NORMAL,LOW,39.54,NUMERIC,CLEARED,
2026-09-25 13:22:10,V-101,NORMAL,LOW,64.09,NUMERIC,CLEARED,
2026-09-25 13:28:17,LT-101,NORMAL,LOW,53.66,NUMERIC,CLEARED,
2026-09-25 13:38:10,V-101,NORMAL,LOW,61.93,NUMERIC,CLEARED,
2026-09-25 13:46:35,PT-101,NORMAL,LOW,6.22,NUMERIC,CLEARED,
2026-09-25 14:05:40,M-101,NORMAL,LOW,14.99,NUMERIC,CLEARED,
2026-09-25 14:10:59,TT-101,NORMAL,LOW,61.26,NUMERIC,CLEARED,
2026-09-25 14:14:38,LT-101,NORMAL,LOW,71.57,NUMERIC,CLEARED,
2026-09-25 14:16:41,V-101,NORMAL,LOW,63.98,NUMERIC,CLEARED,
2026-09-25 14:23:08,LT-101,NORMAL,LOW,58.54,NUMERIC,CLEARED,
2026-09-25 14:26:44,M-101,NORMAL,LOW,26.55,NUMERIC,CLEARED,
2026-09-25 14:38:52,FT-101,NORMAL,LOW,37.25,NUMERIC,CLEARED,
2026-09-25 15:01:29,M-101,NORMAL,LOW,34.74,NUMERIC,CLEARED,
2026-09-25 15:02:20,FT-101,NORMAL,LOW,23.53,NUMERIC,CLEARED,
2026-09-25 15:04:42,FT-101,NORMAL,LOW,21.02,NUMERIC,CLEARED,
2026-09-25 15:10:59,LT-101,NORMAL,LOW,,NULL,CLEARED,MISSING_VALUE
2026-09-25 15:13:35,FT-101,NORMAL,LOW,38.35,NUMERIC,CLEARED,
2026-09-25 15:17:32,TT-101,HIGH_TEMPERATURE,HIGH,104.94,NUMERIC,ACKNOWLEDGED,
2026-09-25 15:25:23,LT-101,NORMAL,LOW,60.29,NUMERIC,CLEARED,
2026-09-25 15:37:03,PT-101,NORMAL,LOW,6.58,NUMERIC,CLEARED,
2026-09-25 15:39:47,V-101,NORMAL,LOW,5.69,NUMERIC,CLEARED,
2026-09-25 15:46:39,PT-101,NORMAL,LOW,5.51,NUMERIC,CLEARED,
2026-09-25 15:47:46,TT-101,NORMAL,LOW,72.09,NUMERIC,CLEARED,
2026-09-25 15:48:15,TT-101,NORMAL,LOW,62.24,NUMERIC,CLEARED,
2026-09-25 15:55:50,M-101,NORMAL,LOW,23.1,NUMERIC,CLEARED,
2026-09-25 16:10:36,LT-101,NORMAL,LOW,74.91,NUMERIC,CLEARED,
2026-09-25 16:12:43,FT-101,NORMAL,LOW,26.72,NUMERIC,CLEARED,
2026-09-25 16:42:21,PT-101,NORMAL,LOW,4.8,NUMERIC,CLEARED,
2026-09-25 16:43:20,TT-101,NORMAL,LOW,70.05,NUMERIC,CLEARED,
2026-09-25 16:47:05,LT-101,NORMAL,LOW,52.74,NUMERIC,CLEARED,
2026-09-25 16:48:32,PT-101,NORMAL,LOW,4.75,NUMERIC,CLEARED,
2026-09-25 16:49:44,FT-101,NORMAL,LOW,30.68,NUMERIC,CLEARED,
2026-09-25 17:01:58,FT-101,NORMAL,LOW,28.6,NUMERIC,CLEARED,
2026-09-25 17:08:43,TT-101,NORMAL,LOW,56.03,NUMERIC,CLEARED,
2026-09-25 17:12:04,PT-101,NORMAL,LOW,6.64,NUMERIC,CLEARED,
2026-09-25 17:12:45,FT-101,NORMAL,LOW,27.76,NUMERIC,CLEARED,
2026-09-25 17:14:15,TT-101,NORMAL,LOW,64.68,NUMERIC,CLEARED,
2026-09-25 17:19:02,LT-101,NORMAL,LOW,50.7,NUMERIC,CLEARED,
2026-09-25 17:27:40,PT-101,NORMAL,LOW,6.92,NUMERIC,CLEARED,
2026-09-25 17:35:23,V-101,NORMAL,LOW,30.23,NUMERIC,CLEARED,
2026-09-25 17:45:21,FT-101,NORMAL,LOW,29.61,NUMERIC,CLEARED,
2026-09-25 17:48:31,M-101,NORMAL,LOW,17.03,NUMERIC,CLEARED,
2026-09-25 17:53:24,FT-101,NORMAL,LOW,34.52,NUMERIC,CLEARED,
2026-09-25 18:07:00,V-101,NORMAL,LOW,78.71,NUMERIC,CLEARED,
2026-09-25 18:07:49,PT-101,NORMAL,LOW,5.69,NUMERIC,CLEARED,
2026-09-25 18:13:02,V-101,NORMAL,LOW,27.2,NUMERIC,CLEARED,
2026-09-25 18:26:37,M-101,NORMAL,LOW,19.84,NUMERIC,CLEARED,
2026-09-25 18:30:21,TT-101,NORMAL,LOW,56.87,NUMERIC,CLEARED,
2026-09-25 18:44:47,FT-101,NORMAL,LOW,37.85,NUMERIC,CLEARED,
2026-09-25 18:58:51,PT-101,NORMAL,LOW,4.78,NUMERIC,CLEARED,
2026-09-25 18:59:56,PT-101,NORMAL,LOW,4.96,NUMERIC,CLEARED,
2026-09-25 19:12:29,V-101,NORMAL,LOW,84.21,NUMERIC,CLEARED,
2026-09-25 19:27:04,TT-101,HIGH_TEMPERATURE,HIGH,90.7,NUMERIC,ACKNOWLEDGED,
2026-09-25 19:40:29,LT-101,NORMAL,LOW,64.2,NUMERIC,CLEARED,
2026-09-25 19:44:10,LT-101,LOW_LEVEL,HIGH,19.67,NUMERIC,ACKNOWLEDGED,
2026-09-25 20:07:27,V-101,NORMAL,LOW,5.92,NUMERIC,CLEARED,
2026-09-25 20:13:23,LT-101,NORMAL,LOW,57.1,NUMERIC,CLEARED,
2026-09-25 20:24:27,FT-101,NORMAL,LOW,32.29,NUMERIC,CLEARED,
2026-09-25 20:30:23,PT-101,NORMAL,LOW,5.66,NUMERIC,CLEARED,
2026-09-25 20:31:18,PT-101,NORMAL,LOW,4.79,NUMERIC,CLEARED,
2026-09-25 20:33:22,LT-101,NORMAL,LOW,65.4,NUMERIC,CLEARED,
2026-09-25 20:43:52,FT-101,NORMAL,LOW,35.13,NUMERIC,CLEARED,
2026-09-25 20:49:42,FT-101,NORMAL,LOW,20.82,NUMERIC,CLEARED,
2026-09-25 20:51:59,LT-101,NORMAL,LOW,68,NUMERIC,CLEARED,
2026-09-25 21:05:48,LT-101,NORMAL,LOW,78.41,NUMERIC,CLEARED,
2026-09-25 21:21:47,M-101,NORMAL,LOW,9.76,NUMERIC,CLEARED,
2026-09-25 21:30:24,TT-101,NORMAL,LOW,53.28,NUMERIC,CLEARED,
2026-09-25 21:32:16,LT-101,NORMAL,LOW,52.08,NUMERIC,CLEARED,
2026-09-25 21:40:40,TT-101,NORMAL,LOW,66.67,NUMERIC,CLEARED,
2026-09-25 21:42:11,TT-101,NORMAL,LOW,71.18,NUMERIC,CLEARED,
2026-09-25 21:47:25,LT-101,NORMAL,LOW,71.08,NUMERIC,CLEARED,
2026-09-25 21:57:10,TT-101,NORMAL,LOW,54.91,NUMERIC,CLEARED,
2026-09-25 21:57:20,LT-101,NORMAL,LOW,43.36,NUMERIC,CLEARED,
2026-09-25 22:08:37,FT-101,HIGH_FLOW,HIGH,61.14,NUMERIC,ACKNOWLEDGED,
2026-09-25 22:10:56,LT-101,NORMAL,LOW,41.6,NUMERIC,CLEARED,
2026-09-25 22:16:16,FT-101,NORMAL,LOW,23.16,NUMERIC,CLEARED,
2026-09-25 22:19:41,TT-101,NORMAL,LOW,53.6,NUMERIC,CLEARED,
2026-09-25 22:20:49,PT-101,NORMAL,LOW,4.78,NUMERIC,CLEARED,
2026-09-25 22:29:53,V-101,NORMAL,LOW,55.6,NUMERIC,CLEARED,
2026-09-25 22:40:29,M-101,NORMAL,LOW,33.69,NUMERIC,CLEARED,
2026-09-25 22:46:00,PT-101,NORMAL,LOW,6.53,NUMERIC,CLEARED,
2026-09-25 22:46:07,PT-101,NORMAL,LOW,6.28,NUMERIC,CLEARED,
2026-09-25 23:02:32,LT-101,NORMAL,LOW,73.24,NUMERIC,CLEARED,
2026-09-25 23:10:04,TT-101,NORMAL,LOW,52.57,NUMERIC,CLEARED,
2026-09-25 23:12:22,TT-101,NORMAL,LOW,71.21,NUMERIC,CLEARED,
2026-09-25 23:21:20,FT-101,NORMAL,LOW,34.18,NUMERIC,CLEARED,
2026-09-25 23:25:31,FT-101,NORMAL,LOW,25.59,NUMERIC,CLEARED,
2026-09-25 23:33:07,TT-101,NORMAL,LOW,56.7,NUMERIC,CLEARED,
2026-09-25 23:45:31,LT-101,NORMAL,LOW,79.86,NUMERIC,CLEARED,
2026-09-25 23:53:31,PT-101,NORMAL,LOW,4.47,NUMERIC,CLEARED,
2026-09-25 23:56:17,PT-101,NORMAL,LOW,4.52,NUMERIC,CLEARED,
2026-09-26 00:03:42,TT-101,NORMAL,LOW,50.07,NUMERIC,CLEARED,
2026-09-26 00:08:33,LT-101,NORMAL,LOW,74.04,NUMERIC,CLEARED,
2026-09-26 00:11:05,V-101,NORMAL,LOW,83,NUMERIC,CLEARED,
2026-09-26 00:16:01,LT-101,NORMAL,LOW,60.3,NUMERIC,CLEARED,
2026-09-26 00:16:28,PT-101,NORMAL,LOW,4.56,NUMERIC,CLEARED,
2026-09-26 00:23:03,LT-101,NORMAL,LOW,54.65,NUMERIC,CLEARED,
2026-09-26 00:28:14,PT-101,NORMAL,LOW,6.07,NUMERIC,CLEARED,
2026-09-26 00:31:31,M-101,NORMAL,LOW,1.84,NUMERIC,CLEARED,
2026-09-26 00:38:05,V-101,NORMAL,LOW,95.91,NUMERIC,CLEARED,
2026-09-26 00:40:22,FT-101,NORMAL,LOW,33.98,NUMERIC,CLEARED,
2026-09-26 00:45:51,FT-101,NORMAL,LOW,33.1,NUMERIC,CLEARED,
2026-09-26 00:47:51,LT-101,NORMAL,LOW,70.22,NUMERIC,CLEARED,
2026-09-26 01:03:21,TT-101,HIGH_TEMPERATURE,HIGH,89.16,NUMERIC,CLEARED,
2026-09-26 01:17:36,TT-101,NORMAL,LOW,69.32,NUMERIC,CLEARED,
2026-09-26 01:19:52,PT-101,NORMAL,LOW,5.67,NUMERIC,CLEARED,
2026-09-26 01:21:24,M-101,NORMAL,LOW,15.76,NUMERIC,CLEARED,
2026-09-26 01:21:52,PT-101,NORMAL,LOW,6.69,NUMERIC,CLEARED,
2026-09-26 01:34:13,P-101,NORMAL,LOW,,NULL,CLEARED,MISSING_VALUE
2026-09-26 01:44:36,PT-101,NORMAL,LOW,4.3,NUMERIC,CLEARED,
2026-09-26 01:45:42,LT-101,NORMAL,LOW,76.53,NUMERIC,CLEARED,
2026-09-26 01:53:39,TT-101,NORMAL,LOW,63.76,NUMERIC,CLEARED,
2026-09-26 02:01:46,LT-101,NORMAL,LOW,46.41,NUMERIC,CLEARED,
2026-09-26 02:04:00,FT-101,NORMAL,LOW,23.86,NUMERIC,CLEARED,
2026-09-26 02:08:06,FT-101,NORMAL,LOW,22.76,NUMERIC,CLEARED,
2026-09-26 02:08:08,PT-101,NORMAL,LOW,4.19,NUMERIC,CLEARED,
2026-09-26 02:13:24,V-101,VALVE_FAILURE,HIGH,27.75,NUMERIC,CLEARED,
2026-09-26 02:21:24,LT-101,NORMAL,LOW,45.38,NUMERIC,CLEARED,
2026-09-26 02:31:50,M-101,HIGH_CURRENT,HIGH,51.14,NUMERIC,ACTIVE,
2026-09-26 02:34:29,TT-101,HIGH_TEMPERATURE,HIGH,103.83,NUMERIC,CLEARED,
2026-09-26 02:42:01,LT-101,NORMAL,LOW,70.24,NUMERIC,CLEARED,
2026-09-26 02:53:04,PT-101,NORMAL,LOW,,NULL,CLEARED,MISSING_VALUE
2026-09-26 02:58:59,TT-101,HIGH_TEMPERATURE,HIGH,101.13,NUMERIC,ACTIVE,
2026-09-26 03:07:29,PT-101,NORMAL,LOW,5.15,NUMERIC,CLEARED,
2026-09-26 03:13:13,FT-101,NORMAL,LOW,25.98,NUMERIC,CLEARED,
2026-09-26 03:19:00,LT-101,NORMAL,LOW,68.41,NUMERIC,CLEARED,
2026-09-26 03:22:32,FT-101,NORMAL,LOW,38.27,NUMERIC,CLEARED,
2026-09-26 03:41:32,PT-101,NORMAL,LOW,5.97,NUMERIC,CLEARED,
2026-09-26 03:53:58,TT-101,NORMAL,LOW,55.01,NUMERIC,CLEARED,
2026-09-26 04:07:41,PT-101,NORMAL,LOW,4.92,NUMERIC,CLEARED,
2026-09-26 04:10:46,FT-101,NORMAL,LOW,28.25,NUMERIC,CLEARED,
2026-09-26 04:12:20,LT-101,NORMAL,LOW,59.19,NUMERIC,CLEARED,
2026-09-26 04:28:31,PT-101,NORMAL,LOW,5.75,NUMERIC,CLEARED,
2026-09-26 04:32:14,PT-101,NORMAL,LOW,4.09,NUMERIC,CLEARED,
2026-09-26 04:33:10,PT-101,NORMAL,LOW,6.69,NUMERIC,CLEARED,
2026-09-26 04:33:26,LT-101,NORMAL,LOW,72.31,NUMERIC,CLEARED,
2026-09-26 04:39:31,TT-101,NORMAL,LOW,64.97,NUMERIC,CLEARED,
2026-09-26 04:40:09,M-101,NORMAL,LOW,26.59,NUMERIC,CLEARED,
2026-09-26 04:45:49,PT-101,NORMAL,LOW,6.57,NUMERIC,CLEARED,
2026-09-26 04:49:58,V-101,NORMAL,LOW,49.96,NUMERIC,CLEARED,
2026-09-26 05:00:00,TT-101,NORMAL,LOW,56.02,NUMERIC,CLEARED,
2026-09-26 05:02:10,LT-101,LOW_LEVEL,HIGH,18.3,NUMERIC,ACTIVE,
2026-09-26 05:05:56,FT-101,NORMAL,LOW,33.4,NUMERIC,CLEARED,
2026-09-26 05:07:18,P-102,PUMP_FAILURE,CRITICAL,STOPPED,STATE,CLEARED,
2026-09-26 05:08:18,FT-101,NORMAL,LOW,23.19,NUMERIC,CLEARED,
2026-09-26 05:11:42,M-101,NORMAL,LOW,10.52,NUMERIC,CLEARED,
2026-09-26 05:22:00,LT-101,NORMAL,LOW,75.42,NUMERIC,CLEARED,
2026-09-26 05:33:15,PT-101,NORMAL,LOW,6.39,NUMERIC,CLEARED,
2026-09-26 05:34:41,V-101,NORMAL,LOW,76.19,NUMERIC,CLEARED,
2026-09-26 05:35:08,LT-101,NORMAL,LOW,68.53,NUMERIC,CLEARED,
2026-09-26 05:47:03,FT-101,NORMAL,LOW,21.53,NUMERIC,CLEARED,
2026-09-26 05:48:33,FT-101,NORMAL,LOW,36.59,NUMERIC,CLEARED,
2026-09-26 05:54:26,TT-101,NORMAL,LOW,49.29,NUMERIC,CLEARED,
2026-09-26 05:58:30,FT-101,NORMAL,LOW,29.25,NUMERIC,CLEARED,
2026-09-26 06:03:42,LT-101,NORMAL,LOW,49.84,NUMERIC,CLEARED,
2026-09-26 06:06:00,TT-101,NORMAL,LOW,70.89,NUMERIC,CLEARED,
2026-09-26 06:08:56,TT-101,NORMAL,LOW,52.98,NUMERIC,CLEARED,
2026-09-26 06:10:21,PT-101,LOW_PRESSURE,MEDIUM,0.47,NUMERIC,ACKNOWLEDGED,
2026-09-26 06:10:38,FT-101,NORMAL,LOW,22.53,NUMERIC,CLEARED,
2026-09-26 06:14:29,FT-101,NORMAL,LOW,32.37,NUMERIC,CLEARED,
2026-09-26 06:30:35,PT-101,NORMAL,LOW,4.45,NUMERIC,CLEARED,
2026-09-26 06:36:00,FT-101,NORMAL,LOW,35.74,NUMERIC,CLEARED,
2026-09-26 06:42:34,LT-101,NORMAL,LOW,65.85,NUMERIC,CLEARED,
2026-09-26 06:43:22,PT-101,NORMAL,LOW,4.48,NUMERIC,CLEARED,
2026-09-26 06:50:20,V-101,NORMAL,LOW,97.65,NUMERIC,CLEARED,
2026-09-26 06:51:53,PT-101,NORMAL,LOW,5.49,NUMERIC,CLEARED,
2026-09-26 06:59:16,PT-101,LOW_PRESSURE,MEDIUM,1.54,NUMERIC,ACKNOWLEDGED,
2026-09-26 07:05:02,V-101,NORMAL,LOW,23.1,NUMERIC,CLEARED,
2026-09-26 07:06:59,FT-101,NORMAL,LOW,20.07,NUMERIC,CLEARED,
2026-09-26 07:07:48,TT-101,NORMAL,LOW,59.21,NUMERIC,CLEARED,
2026-09-26 07:10:15,LT-101,NORMAL,LOW,70.84,NUMERIC,CLEARED,
2026-09-26 07:15:36,LT-101,NORMAL,LOW,79.31,NUMERIC,CLEARED,
2026-09-26 07:32:04,TT-101,NORMAL,LOW,66.82,NUMERIC,CLEARED,
2026-09-26 07:48:37,FT-101,LOW_FLOW,MEDIUM,7.91,NUMERIC,ACTIVE,
2026-09-26 07:54:53,PT-101,NORMAL,LOW,5.56,NUMERIC,CLEARED,
2026-09-26 08:08:43,FT-101,NORMAL,LOW,38.83,NUMERIC,CLEARED,
2026-09-26 08:31:30,PT-101,NORMAL,LOW,6.99,NUMERIC,CLEARED,
2026-09-26 08:34:43,FT-101,NORMAL,LOW,33.29,NUMERIC,CLEARED,
2026-09-26 08:36:25,LT-101,NORMAL,LOW,62.46,NUMERIC,CLEARED,
2026-09-26 08:41:15,LT-101,NORMAL,LOW,53.21,NUMERIC,CLEARED,
2026-09-26 08:44:49,LT-101,NORMAL,LOW,69.17,NUMERIC,CLEARED,
2026-09-26 08:51:31,TT-101,NORMAL,LOW,47.74,NUMERIC,CLEARED,
2026-09-26 08:57:08,V-101,NORMAL,LOW,54.63,NUMERIC,CLEARED,
2026-09-26 08:57:52,PT-101,NORMAL,LOW,4.9,NUMERIC,CLEARED,
2026-09-26 09:22:42,LT-101,NORMAL,LOW,72.1,NUMERIC,CLEARED,
2026-09-26 09:23:12,PT-101,NORMAL,LOW,4.01,NUMERIC,CLEARED,
2026-09-26 09:35:43,FT-101,NORMAL,LOW,20.73,NUMERIC,CLEARED,
2026-09-26 09:38:37,FT-101,NORMAL,LOW,26.19,NUMERIC,CLEARED,
2026-09-26 09:43:56,FT-101,NORMAL,LOW,30.02,NUMERIC,CLEARED,
2026-09-26 09:46:13,V-101,NORMAL,LOW,39.12,NUMERIC,CLEARED,
2026-09-26 09:47:42,TT-101,NORMAL,LOW,72.89,NUMERIC,CLEARED,
2026-09-26 09:48:05,PT-101,NORMAL,LOW,5.19,NUMERIC,CLEARED,
2026-09-26 09:50:48,FT-101,NORMAL,LOW,33.07,NUMERIC,CLEARED,
2026-09-26 09:54:13,FT-101,NORMAL,LOW,33.36,NUMERIC,CLEARED,
2026-09-26 09:55:27,TT-101,NORMAL,LOW,71.54,NUMERIC,CLEARED,
2026-09-26 09:56:09,FT-101,HIGH_FLOW,HIGH,60.06,NUMERIC,ACTIVE,
2026-09-26 09:56:26,LT-101,NORMAL,LOW,46.74,NUMERIC,CLEARED,
2026-09-26 09:59:24,TT-101,HIGH_TEMPERATURE,HIGH,98.81,NUMERIC,ACTIVE,
2026-09-26 10:13:32,LT-101,NORMAL,LOW,52.34,NUMERIC,CLEARED,
2026-09-26 10:20:09,P-102,COMMUNICATION_LOST,MEDIUM,,NULL,CLEARED,MISSING_VALUE
2026-09-26 10:22:03,PT-101,NORMAL,LOW,6,NUMERIC,CLEARED,
2026-09-26 10:25:44,TT-101,NORMAL,LOW,59.75,NUMERIC,CLEARED,
2026-09-26 10:30:49,PT-101,NORMAL,LOW,6.73,NUMERIC,CLEARED,
2026-09-26 10:35:02,LT-101,NORMAL,LOW,79.64,NUMERIC,CLEARED,
2026-09-26 10:36:13,LT-101,NORMAL,LOW,63.87,NUMERIC,CLEARED,
2026-09-26 10:37:46,PT-101,NORMAL,LOW,5.87,NUMERIC,CLEARED,
2026-09-26 10:42:53,V-101,NORMAL,LOW,45.97,NUMERIC,CLEARED,
2026-09-26 10:45:30,LT-101,NORMAL,LOW,67.17,NUMERIC,CLEARED,
2026-09-26 10:49:46,PT-101,NORMAL,LOW,4.86,NUMERIC,CLEARED,
2026-09-26 10:50:15,LT-101,NORMAL,LOW,56.14,NUMERIC,CLEARED,
2026-09-26 10:57:03,FT-101,NORMAL,LOW,21.08,NUMERIC,CLEARED,
2026-09-26 11:04:39,FT-101,NORMAL,LOW,24.22,NUMERIC,CLEARED,
2026-09-26 11:05:35,LT-101,NORMAL,LOW,56.22,NUMERIC,CLEARED,
2026-09-26 11:06:37,M-101,NORMAL,LOW,21.49,NUMERIC,CLEARED,
2026-09-26 11:06:56,V-101,NORMAL,LOW,47.28,NUMERIC,CLEARED,
2026-09-26 11:10:24,FT-101,NORMAL,LOW,20.05,NUMERIC,CLEARED,
2026-09-26 11:11:26,PT-101,LOW_PRESSURE,MEDIUM,1.17,NUMERIC,ACTIVE,
2026-09-26 11:13:59,TT-101,NORMAL,LOW,51.07,NUMERIC,CLEARED,
2026-09-26 11:17:41,FT-101,NORMAL,LOW,35.78,NUMERIC,CLEARED,
2026-09-26 11:21:46,TT-101,NORMAL,LOW,67.52,NUMERIC,CLEARED,
2026-09-26 11:22:53,PT-101,NORMAL,LOW,4.59,NUMERIC,CLEARED,
2026-09-26 11:23:39,LT-101,NORMAL,LOW,68.64,NUMERIC,CLEARED,
2026-09-26 11:26:00,V-101,NORMAL,LOW,64.37,NUMERIC,CLEARED,
2026-09-26 11:28:01,TT-101,NORMAL,LOW,45.76,NUMERIC,CLEARED,
2026-09-26 11:30:29,PT-101,NORMAL,LOW,6.93,NUMERIC,CLEARED,
2026-09-26 11:32:31,TT-101,NORMAL,LOW,50.83,NUMERIC,CLEARED,
2026-09-26 11:36:03,PT-101,NORMAL,LOW,6.43,NUMERIC,CLEARED,
2026-09-26 11:45:16,V-101,NORMAL,LOW,45.54,NUMERIC,CLEARED,
2026-09-26 11:47:10,PT-101,NORMAL,LOW,4.91,NUMERIC,CLEARED,
2026-09-26 11:53:41,PT-101,NORMAL,LOW,5.55,NUMERIC,CLEARED,
2026-09-26 11:54:27,LT-101,NORMAL,LOW,63.94,NUMERIC,CLEARED,
2026-09-26 11:56:43,V-101,NORMAL,LOW,16.91,NUMERIC,CLEARED,
2026-09-26 11:58:31,FT-101,NORMAL,LOW,38.42,NUMERIC,CLEARED,
2026-09-26 12:13:24,FT-101,NORMAL,LOW,34.25,NUMERIC,CLEARED,
2026-09-26 12:17:19,FT-101,NORMAL,LOW,39.4,NUMERIC,CLEARED,
2026-09-26 12:19:11,V-101,NORMAL,LOW,57.7,NUMERIC,CLEARED,
2026-09-26 12:22:45,LT-101,NORMAL,LOW,41.32,NUMERIC,CLEARED,
2026-09-26 12:25:04,FT-101,NORMAL,LOW,20.69,NUMERIC,CLEARED,
2026-09-26 12:30:36,V-101,NORMAL,LOW,21.84,NUMERIC,CLEARED,
2026-09-26 12:37:04,LT-101,NORMAL,LOW,75.39,NUMERIC,CLEARED,
2026-09-26 12:37:36,P-101,PUMP_FAILURE,CRITICAL,STOPPED,STATE,CLEARED,
2026-09-26 12:42:17,PT-101,NORMAL,LOW,6.38,NUMERIC,CLEARED,
2026-09-26 12:50:40,FT-101,NORMAL,LOW,37.33,NUMERIC,CLEARED,
2026-09-26 13:00:07,FT-101,NORMAL,LOW,31.07,NUMERIC,CLEARED,
2026-09-26 13:04:59,FT-101,NORMAL,LOW,26.97,NUMERIC,CLEARED,
2026-09-26 13:07:55,PT-101,NORMAL,LOW,5.11,NUMERIC,CLEARED,
2026-09-26 13:12:40,LT-101,NORMAL,LOW,63.57,NUMERIC,CLEARED,
2026-09-26 13:15:18,LT-101,NORMAL,LOW,52.34,NUMERIC,CLEARED,
2026-09-26 13:17:33,PT-101,NORMAL,LOW,6.44,NUMERIC,CLEARED,
2026-09-26 13:18:35,PT-101,NORMAL,LOW,4.43,NUMERIC,CLEARED,
2026-09-26 13:20:33,LT-101,NORMAL,LOW,73.61,NUMERIC,CLEARED,
2026-09-26 13:21:07,PT-101,NORMAL,LOW,6.1,NUMERIC,CLEARED,
2026-09-26 13:24:29,PT-101,HIGH_PRESSURE,CRITICAL,8.97,NUMERIC,ACKNOWLEDGED,
2026-09-26 13:30:25,FT-101,NORMAL,LOW,36.66,NUMERIC,CLEARED,
2026-09-26 13:34:53,FT-101,NORMAL,LOW,21.65,NUMERIC,CLEARED,
2026-09-26 13:35:19,LT-101,NORMAL,LOW,43.75,NUMERIC,CLEARED,
2026-09-26 13:50:02,LT-101,NORMAL,LOW,51.66,NUMERIC,CLEARED,
2026-09-26 13:50:04,M-101,NORMAL,LOW,6.46,NUMERIC,CLEARED,
2026-09-26 13:55:21,LT-101,NORMAL,LOW,63.73,NUMERIC,CLEARED,
2026-09-26 14:01:59,LT-101,NORMAL,LOW,56.94,NUMERIC,CLEARED,
2026-09-26 14:03:50,M-101,HIGH_CURRENT,HIGH,40.13,NUMERIC,ACTIVE,
2026-09-26 14:10:40,PT-101,NORMAL,LOW,5.94,NUMERIC,CLEARED,
2026-09-26 14:14:36,LT-101,NORMAL,LOW,59.18,NUMERIC,CLEARED,
2026-09-26 14:21:29,PT-101,NORMAL,LOW,5.71,NUMERIC,CLEARED,
2026-09-26 14:27:09,TT-101,NORMAL,LOW,59.55,NUMERIC,CLEARED,
2026-09-26 14:27:40,LT-101,NORMAL,LOW,51.3,NUMERIC,CLEARED,
2026-09-26 14:30:53,PT-101,NORMAL,LOW,5.06,NUMERIC,CLEARED,
2026-09-26 14:34:31,PT-101,NORMAL,LOW,4.23,NUMERIC,CLEARED,
2026-09-26 14:36:18,PT-101,NORMAL,LOW,6.3,NUMERIC,CLEARED,
2026-09-26 14:37:45,TT-101,HIGH_TEMPERATURE,HIGH,101.91,NUMERIC,ACTIVE,
2026-09-26 14:43:09,LT-101,NORMAL,LOW,52.79,NUMERIC,CLEARED,
2026-09-26 14:49:52,LT-101,NORMAL,LOW,53.59,NUMERIC,CLEARED,
2026-09-26 14:54:46,LT-101,NORMAL,LOW,48.96,NUMERIC,CLEARED,
2026-09-26 14:55:18,TT-101,NORMAL,LOW,69.81,NUMERIC,CLEARED,
2026-09-26 14:59:54,TT-101,NORMAL,LOW,66.79,NUMERIC,CLEARED,
2026-09-26 15:01:16,FT-101,NORMAL,LOW,22.7,NUMERIC,CLEARED,
2026-09-26 15:02:21,LT-101,NORMAL,LOW,52.44,NUMERIC,CLEARED,
2026-09-26 15:08:53,LT-101,NORMAL,LOW,51.15,NUMERIC,CLEARED,
2026-09-26 15:09:51,FT-101,NORMAL,LOW,29.89,NUMERIC,CLEARED,
2026-09-26 15:21:16,TT-101,NORMAL,LOW,45.89,NUMERIC,CLEARED,
2026-09-26 15:34:41,PT-101,NORMAL,LOW,6.57,NUMERIC,CLEARED,
2026-09-26 15:35:10,M-101,NORMAL,LOW,29.95,NUMERIC,CLEARED,
2026-09-26 15:35:17,M-101,NORMAL,LOW,31.78,NUMERIC,CLEARED,
2026-09-26 15:42:21,FT-101,NORMAL,LOW,25.4,NUMERIC,CLEARED,
2026-09-26 15:43:44,LT-101,NORMAL,LOW,46.66,NUMERIC,CLEARED,
2026-09-26 15:54:02,PT-101,NORMAL,LOW,4.06,NUMERIC,CLEARED,
2026-09-26 15:57:09,LT-101,NORMAL,LOW,47.2,NUMERIC,CLEARED,
2026-09-26 16:03:21,PT-101,NORMAL,LOW,6.59,NUMERIC,CLEARED,
2026-09-26 16:05:12,FT-101,NORMAL,LOW,36.97,NUMERIC,CLEARED,
2026-09-26 16:15:33,LT-101,NORMAL,LOW,58.54,NUMERIC,CLEARED,
2026-09-26 16:16:04,LT-101,NORMAL,LOW,41.53,NUMERIC,CLEARED,
2026-09-26 16:19:55,TT-101,NORMAL,LOW,70.03,NUMERIC,CLEARED,
2026-09-26 16:26:31,LT-101,NORMAL,LOW,47.9,NUMERIC,CLEARED,
2026-09-26 16:32:47,FT-101,NORMAL,LOW,27.48,NUMERIC,CLEARED,
2026-09-26 16:37:40,LT-101,NORMAL,LOW,45.39,NUMERIC,CLEARED,
2026-09-26 16:40:01,TT-101,NORMAL,LOW,71.71,NUMERIC,CLEARED,
2026-09-26 16:48:57,V-101,NORMAL,LOW,78.94,NUMERIC,CLEARED,
2026-09-26 16:52:08,V-101,NORMAL,LOW,54.09,NUMERIC,CLEARED,
2026-09-26 17:14:18,PT-101,NORMAL,LOW,,NULL,CLEARED,MISSING_VALUE
2026-09-26 17:14:56,M-101,NORMAL,LOW,16.49,NUMERIC,CLEARED,
2026-09-26 17:25:28,TT-101,NORMAL,LOW,48.21,NUMERIC,CLEARED,
2026-09-26 17:32:08,PT-101,NORMAL,LOW,5.55,NUMERIC,CLEARED,
2026-09-26 17:37:29,LT-101,NORMAL,LOW,66.38,NUMERIC,CLEARED,
2026-09-26 18:01:55,FT-101,NORMAL,LOW,26.97,NUMERIC,CLEARED,
2026-09-26 18:04:30,TT-101,NORMAL,LOW,63.12,NUMERIC,CLEARED,
2026-09-26 18:04:33,PT-101,NORMAL,LOW,6.85,NUMERIC,CLEARED,
2026-09-26 18:11:06,TT-101,NORMAL,LOW,72.59,NUMERIC,CLEARED,
2026-09-26 18:11:30,M-101,NORMAL,LOW,24.21,NUMERIC,CLEARED,
2026-09-26 18:12:30,M-101,HIGH_CURRENT,HIGH,58.56,NUMERIC,ACTIVE,
2026-09-26 18:16:14,LT-101,NORMAL,LOW,76.87,NUMERIC,CLEARED,
2026-09-26 18:19:42,LT-101,NORMAL,LOW,46.13,NUMERIC,CLEARED,
2026-09-26 18:32:48,PT-101,NORMAL,LOW,6.69,NUMERIC,CLEARED,
2026-09-26 18:34:40,LT-101,NORMAL,LOW,67.89,NUMERIC,CLEARED,
2026-09-26 18:35:09,TT-101,NORMAL,LOW,60.52,NUMERIC,CLEARED,
2026-09-26 18:38:02,M-101,NORMAL,LOW,34.73,NUMERIC,CLEARED,
2026-09-26 18:41:57,M-101,NORMAL,LOW,26.49,NUMERIC,CLEARED,
2026-09-26 18:51:13,TT-101,NORMAL,LOW,49.37,NUMERIC,CLEARED,
2026-09-26 19:00:05,M-101,NORMAL,LOW,1.44,NUMERIC,CLEARED,
2026-09-26 19:09:38,LT-101,NORMAL,LOW,63.99,NUMERIC,CLEARED,
2026-09-26 19:12:51,V-101,NORMAL,LOW,41.39,NUMERIC,CLEARED,
2026-09-26 19:14:48,TT-101,NORMAL,LOW,69.35,NUMERIC,CLEARED,
2026-09-26 19:16:17,PT-101,NORMAL,LOW,6.22,NUMERIC,CLEARED,
2026-09-26 19:24:14,TT-101,NORMAL,LOW,46.35,NUMERIC,CLEARED,
2026-09-26 19:34:28,FT-101,NORMAL,LOW,23.98,NUMERIC,CLEARED,
2026-09-26 19:40:38,TT-101,NORMAL,LOW,73.11,NUMERIC,CLEARED,
2026-09-26 19:44:46,TT-101,NORMAL,LOW,69.95,NUMERIC,CLEARED,
2026-09-26 19:50:18,PT-101,NORMAL,LOW,5.79,NUMERIC,CLEARED,
2026-09-26 19:53:31,LT-101,NORMAL,LOW,66.44,NUMERIC,CLEARED,
2026-09-26 19:59:19,FT-101,NORMAL,LOW,35,NUMERIC,CLEARED,
2026-09-26 20:02:46,TT-101,NORMAL,LOW,52.93,NUMERIC,CLEARED,
2026-09-26 20:04:28,LT-101,NORMAL,LOW,42.36,NUMERIC,CLEARED,
2026-09-26 20:12:06,LT-101,NORMAL,LOW,70.9,NUMERIC,CLEARED,
2026-09-26 20:23:53,TT-101,NORMAL,LOW,64.8,NUMERIC,CLEARED,
2026-09-26 20:25:54,TT-101,NORMAL,LOW,67.57,NUMERIC,CLEARED,
2026-09-26 20:28:16,V-101,NORMAL,LOW,18.96,NUMERIC,CLEARED,
2026-09-26 20:55:18,P-101,COMMUNICATION_LOST,MEDIUM,,NULL,CLEARED,MISSING_VALUE
2026-09-26 21:02:13,PT-101,NORMAL,LOW,5.3,NUMERIC,CLEARED,
2026-09-26 21:03:50,PT-101,NORMAL,LOW,5.86,NUMERIC,CLEARED,
2026-09-26 21:12:55,LT-101,NORMAL,LOW,53.13,NUMERIC,CLEARED,
2026-09-26 21:19:34,M-101,NORMAL,LOW,31.3,NUMERIC,CLEARED,
2026-09-26 21:32:02,TT-101,NORMAL,LOW,57.08,NUMERIC,CLEARED,
2026-09-26 21:32:53,FT-101,NORMAL,LOW,33.71,NUMERIC,CLEARED,
2026-09-26 21:33:17,TT-101,NORMAL,LOW,66.39,NUMERIC,CLEARED,
2026-09-26 21:42:34,FT-101,NORMAL,LOW,22.38,NUMERIC,CLEARED,
2026-09-26 21:42:54,PT-101,NORMAL,LOW,4.99,NUMERIC,CLEARED,
2026-09-26 21:44:50,FT-101,NORMAL,LOW,27.61,NUMERIC,CLEARED,
2026-09-26 21:45:07,LT-101,NORMAL,LOW,66.98,NUMERIC,CLEARED,
2026-09-26 21:46:03,LT-101,NORMAL,LOW,63.43,NUMERIC,CLEARED,
2026-09-26 21:47:04,TT-101,NORMAL,LOW,57.42,NUMERIC,CLEARED,
2026-09-26 21:48:00,LT-101,NORMAL,LOW,71.06,NUMERIC,CLEARED,
2026-09-26 21:53:40,LT-101,HIGH_LEVEL,CRITICAL,93.46,NUMERIC,ACTIVE,
2026-09-26 21:56:22,PT-101,NORMAL,LOW,6.25,NUMERIC,CLEARED,
2026-09-26 21:56:24,LT-101,NORMAL,LOW,43.25,NUMERIC,CLEARED,
2026-09-26 21:59:58,PT-101,NORMAL,LOW,6.47,NUMERIC,CLEARED,
2026-09-26 22:02:30,FT-101,HIGH_FLOW,HIGH,60.15,NUMERIC,CLEARED,
2026-09-26 22:11:15,LT-101,NORMAL,LOW,62.49,NUMERIC,CLEARED,
2026-09-26 22:18:44,TT-101,NORMAL,LOW,54.07,NUMERIC,CLEARED,
2026-09-26 22:25:24,TT-101,NORMAL,LOW,69.81,NUMERIC,CLEARED,
2026-09-26 22:35:00,FT-101,NORMAL,LOW,22.13,NUMERIC,CLEARED,
2026-09-26 22:35:41,LT-101,NORMAL,LOW,72.71,NUMERIC,CLEARED,
2026-09-26 22:50:40,PT-101,NORMAL,LOW,6.51,NUMERIC,CLEARED,
2026-09-26 22:51:40,PT-101,LOW_PRESSURE,MEDIUM,1.72,NUMERIC,ACTIVE,
2026-09-26 22:54:08,LT-101,NORMAL,LOW,47.17,NUMERIC,CLEARED,
2026-09-26 22:55:22,LT-101,NORMAL,LOW,53.21,NUMERIC,CLEARED,
2026-09-26 23:02:31,FT-101,HIGH_FLOW,HIGH,54.38,NUMERIC,CLEARED,
2026-09-26 23:04:57,LT-101,NORMAL,LOW,77.57,NUMERIC,CLEARED,
2026-09-26 23:10:27,LT-101,NORMAL,LOW,41.76,NUMERIC,CLEARED,
2026-09-26 23:13:26,FT-101,NORMAL,LOW,24.48,NUMERIC,CLEARED,
2026-09-26 23:21:56,M-101,NORMAL,LOW,0.57,NUMERIC,CLEARED,
2026-09-26 23:37:35,FT-101,NORMAL,LOW,31.8,NUMERIC,CLEARED,
2026-09-26 23:41:20,M-101,NORMAL,LOW,5.63,NUMERIC,CLEARED,
2026-09-26 23:45:15,PT-101,NORMAL,LOW,6.91,NUMERIC,CLEARED,
2026-09-26 23:52:20,PT-101,NORMAL,LOW,6.32,NUMERIC,CLEARED,
2026-09-27 00:03:38,LT-101,NORMAL,LOW,54.84,NUMERIC,CLEARED,
2026-09-27 00:34:02,FT-101,NORMAL,LOW,28.71,NUMERIC,CLEARED,
2026-09-27 00:43:58,FT-101,NORMAL,LOW,29.85,NUMERIC,CLEARED,
2026-09-27 00:44:11,TT-101,NORMAL,LOW,56.99,NUMERIC,CLEARED,
2026-09-27 00:44:19,LT-101,NORMAL,LOW,56.52,NUMERIC,CLEARED,
2026-09-27 00:46:11,TT-101,NORMAL,LOW,65.8,NUMERIC,CLEARED,
2026-09-27 00:50:46,LT-101,NORMAL,LOW,41.12,NUMERIC,CLEARED,
2026-09-27 00:59:30,FT-101,NORMAL,LOW,34.66,NUMERIC,CLEARED,
2026-09-27 01:00:20,PT-101,NORMAL,LOW,4.22,NUMERIC,CLEARED,
2026-09-27 01:05:33,V-101,NORMAL,LOW,90.62,NUMERIC,CLEARED,
2026-09-27 01:07:16,PT-101,NORMAL,LOW,4.33,NUMERIC,CLEARED,
2026-09-27 01:08:21,TT-101,NORMAL,LOW,60.69,NUMERIC,CLEARED,
2026-09-27 01:14:52,LT-101,NORMAL,LOW,64.6,NUMERIC,CLEARED,
2026-09-27 01:15:06,FT-101,NORMAL,LOW,39.05,NUMERIC,CLEARED,
2026-09-27 01:16:40,M-101,NORMAL,LOW,13.77,NUMERIC,CLEARED,
2026-09-27 01:19:57,LT-101,NORMAL,LOW,79.33,NUMERIC,CLEARED,
2026-09-27 01:35:06,M-101,HIGH_CURRENT,HIGH,40.24,NUMERIC,ACTIVE,
2026-09-27 01:51:57,V-101,NORMAL,LOW,50.34,NUMERIC,CLEARED,
2026-09-27 01:52:52,FT-101,NORMAL,LOW,27.11,NUMERIC,CLEARED,
2026-09-27 01:54:11,P-101,NORMAL,LOW,,NULL,CLEARED,MISSING_VALUE
2026-09-27 02:05:32,FT-101,NORMAL,LOW,29.73,NUMERIC,CLEARED,
2026-09-27 02:08:44,LT-101,NORMAL,LOW,40.31,NUMERIC,CLEARED,
2026-09-27 02:14:06,LT-101,NORMAL,LOW,40.9,NUMERIC,CLEARED,
2026-09-27 02:14:44,TT-101,NORMAL,LOW,70.87,NUMERIC,CLEARED,
2026-09-27 02:15:12,PT-101,LOW_PRESSURE,MEDIUM,1.81,NUMERIC,CLEARED,
2026-09-27 02:18:03,TT-101,NORMAL,LOW,56.07,NUMERIC,CLEARED,
2026-09-27 02:19:43,LT-101,NORMAL,LOW,40.16,NUMERIC,CLEARED,
2026-09-27 02:20:27,LT-101,HIGH_LEVEL,CRITICAL,94.91,NUMERIC,ACTIVE,
2026-09-27 02:21:14,PT-101,NORMAL,LOW,5.21,NUMERIC,CLEARED,
2026-09-27 02:26:57,PT-101,NORMAL,LOW,5.02,NUMERIC,CLEARED,
2026-09-27 02:33:14,V-101,NORMAL,LOW,89.2,NUMERIC,CLEARED,
2026-09-27 02:39:08,LT-101,NORMAL,LOW,71.73,NUMERIC,CLEARED,
2026-09-27 02:43:54,PT-101,NORMAL,LOW,4.55,NUMERIC,CLEARED,
2026-09-27 02:46:15,LT-101,NORMAL,LOW,73.45,NUMERIC,CLEARED,
2026-09-27 02:47:09,LT-101,NORMAL,LOW,78.87,NUMERIC,CLEARED,
2026-09-27 02:54:28,LT-101,NORMAL,LOW,47.8,NUMERIC,CLEARED,
2026-09-27 03:02:27,TT-101,NORMAL,LOW,48.38,NUMERIC,CLEARED,
2026-09-27 03:04:48,TT-101,NORMAL,LOW,46.07,NUMERIC,CLEARED,
2026-09-27 03:07:29,PT-101,NORMAL,LOW,5.57,NUMERIC,CLEARED,
2026-09-27 03:10:34,TT-101,NORMAL,LOW,51.69,NUMERIC,CLEARED,
2026-09-27 03:17:44,TT-101,HIGH_TEMPERATURE,HIGH,90.63,NUMERIC,ACTIVE,
2026-09-27 03:18:00,TT-101,NORMAL,LOW,61.52,NUMERIC,CLEARED,
2026-09-27 03:30:10,LT-101,NORMAL,LOW,53.7,NUMERIC,CLEARED,
2026-09-27 03:32:55,TT-101,NORMAL,LOW,74.97,NUMERIC,CLEARED,
2026-09-27 03:36:46,FT-101,NORMAL,LOW,29.38,NUMERIC,CLEARED,
2026-09-27 03:40:12,PT-101,NORMAL,LOW,5.9,NUMERIC,CLEARED,
2026-09-27 03:44:42,TT-101,NORMAL,LOW,65.24,NUMERIC,CLEARED,
2026-09-27 03:45:30,FT-101,HIGH_FLOW,HIGH,63.11,NUMERIC,ACTIVE,
2026-09-27 03:49:55,PT-101,NORMAL,LOW,4.72,NUMERIC,CLEARED,
2026-09-27 03:58:56,LT-101,NORMAL,LOW,54.76,NUMERIC,CLEARED,
2026-09-27 04:04:03,FT-101,NORMAL,LOW,22.79,NUMERIC,CLEARED,
2026-09-27 04:09:45,PT-101,NORMAL,LOW,4.83,NUMERIC,CLEARED,
2026-09-27 04:19:31,FT-101,NORMAL,LOW,39.29,NUMERIC,CLEARED,
2026-09-27 04:22:06,FT-101,NORMAL,LOW,22.12,NUMERIC,CLEARED,
2026-09-27 04:30:47,FT-101,NORMAL,LOW,30.66,NUMERIC,CLEARED,
2026-09-27 04:40:21,FT-101,NORMAL,LOW,29.45,NUMERIC,CLEARED,
2026-09-27 04:46:09,LT-101,NORMAL,LOW,75.76,NUMERIC,CLEARED,
2026-09-27 04:50:58,PT-101,NORMAL,LOW,6.77,NUMERIC,CLEARED,
2026-09-27 05:04:14,FT-101,NORMAL,LOW,30.56,NUMERIC,CLEARED,
2026-09-27 05:04:55,M-101,NORMAL,LOW,23.16,NUMERIC,CLEARED,
2026-09-27 05:07:45,V-101,NORMAL,LOW,32.29,NUMERIC,CLEARED,
2026-09-27 05:13:21,V-101,NORMAL,LOW,39.78,NUMERIC,CLEARED,
2026-09-27 05:24:58,TT-101,NORMAL,LOW,61.84,NUMERIC,CLEARED,
2026-09-27 05:26:34,FT-101,NORMAL,LOW,25.44,NUMERIC,CLEARED,
2026-09-27 05:29:30,M-101,NORMAL,LOW,30.87,NUMERIC,CLEARED,
2026-09-27 05:39:02,FT-101,NORMAL,LOW,22.87,NUMERIC,CLEARED,
2026-09-27 05:39:35,LT-101,NORMAL,LOW,73.98,NUMERIC,CLEARED,
2026-09-27 06:19:36,LT-101,NORMAL,LOW,65.49,NUMERIC,CLEARED,
2026-09-27 06:19:45,TT-101,NORMAL,LOW,67.78,NUMERIC,CLEARED,
2026-09-27 06:22:24,V-101,NORMAL,LOW,85.79,NUMERIC,CLEARED,
2026-09-27 06:24:23,PT-101,NORMAL,LOW,6.86,NUMERIC,CLEARED,
2026-09-27 06:27:58,PT-101,NORMAL,LOW,6.43,NUMERIC,CLEARED,
2026-09-27 06:47:56,TT-101,NORMAL,LOW,54.57,NUMERIC,CLEARED,
2026-09-27 06:52:36,PT-101,NORMAL,LOW,4.58,NUMERIC,CLEARED,
2026-09-27 06:58:04,M-101,NORMAL,LOW,4.4,NUMERIC,CLEARED,
2026-09-27 07:02:15,TT-101,NORMAL,LOW,56.59,NUMERIC,CLEARED,
2026-09-27 07:07:45,FT-101,NORMAL,LOW,24.14,NUMERIC,CLEARED,
2026-09-27 07:11:10,PT-101,NORMAL,LOW,5.44,NUMERIC,CLEARED,
2026-09-27 07:11:38,PT-101,NORMAL,LOW,5.36,NUMERIC,CLEARED,
2026-09-27 07:12:11,LT-101,NORMAL,LOW,73.39,NUMERIC,CLEARED,
2026-09-27 07:14:01,LT-101,LOW_LEVEL,HIGH,6.96,NUMERIC,ACTIVE,
2026-09-27 07:15:18,PT-101,NORMAL,LOW,4.22,NUMERIC,CLEARED,
2026-09-27 07:16:57,LT-101,NORMAL,LOW,47.7,NUMERIC,CLEARED,
2026-09-27 07:45:40,LT-101,NORMAL,LOW,55.58,NUMERIC,CLEARED,
2026-09-27 07:54:19,LT-101,NORMAL,LOW,47.9,NUMERIC,CLEARED,
2026-09-27 08:12:55,FT-101,NORMAL,LOW,35.5,NUMERIC,CLEARED,
2026-09-27 08:20:07,TT-101,NORMAL,LOW,55.93,NUMERIC,CLEARED,
2026-09-27 08:20:53,FT-101,LOW_FLOW,MEDIUM,4.45,NUMERIC,CLEARED,
2026-09-27 08:23:33,TT-101,NORMAL,LOW,72.01,NUMERIC,CLEARED,
2026-09-27 08:40:34,V-101,NORMAL,LOW,79,NUMERIC,CLEARED,
2026-09-27 08:47:14,FT-101,NORMAL,LOW,37.1,NUMERIC,CLEARED,
2026-09-27 08:50:59,FT-101,NORMAL,LOW,20.53,NUMERIC,CLEARED,
2026-09-27 08:51:47,FT-101,HIGH_FLOW,HIGH,54.39,NUMERIC,ACKNOWLEDGED,
2026-09-27 08:52:06,LT-101,NORMAL,LOW,64.67,NUMERIC,CLEARED,
2026-09-27 08:52:25,PT-101,NORMAL,LOW,6.83,NUMERIC,CLEARED,
2026-09-27 08:53:33,M-101,NORMAL,LOW,3.3,NUMERIC,CLEARED,
2026-09-27 08:53:41,V-101,NORMAL,LOW,15.77,NUMERIC,CLEARED,
2026-09-27 09:03:56,LT-101,NORMAL,LOW,72.54,NUMERIC,CLEARED,
2026-09-27 09:06:05,PT-101,NORMAL,LOW,6.56,NUMERIC,CLEARED,
2026-09-27 09:07:20,PT-101,NORMAL,LOW,5.79,NUMERIC,CLEARED,
2026-09-27 09:08:01,TT-101,NORMAL,LOW,54.59,NUMERIC,CLEARED,
2026-09-27 09:08:30,PT-101,NORMAL,LOW,5,NUMERIC,CLEARED,
2026-09-27 09:16:33,M-101,NORMAL,LOW,7.19,NUMERIC,CLEARED,
2026-09-27 09:21:19,LT-101,LOW_LEVEL,HIGH,5.23,NUMERIC,CLEARED,
2026-09-27 09:25:27,FT-101,NORMAL,LOW,20.56,NUMERIC,CLEARED,
2026-09-27 09:29:40,M-101,NORMAL,LOW,19.25,NUMERIC,CLEARED,
2026-09-27 09:35:30,V-101,NORMAL,LOW,47.39,NUMERIC,CLEARED,
2026-09-27 09:46:10,PT-101,NORMAL,LOW,4.54,NUMERIC,CLEARED,
2026-09-27 10:14:26,FT-101,NORMAL,LOW,34.2,NUMERIC,CLEARED,
2026-09-27 10:17:20,TT-101,NORMAL,LOW,67.82,NUMERIC,CLEARED,
2026-09-27 10:17:43,M-101,NORMAL,LOW,19.17,NUMERIC,CLEARED,
2026-09-27 10:18:05,LT-101,NORMAL,LOW,65.76,NUMERIC,CLEARED,
2026-09-27 10:19:29,P-101,COMMUNICATION_LOST,MEDIUM,,NULL,ACKNOWLEDGED,MISSING_VALUE
2026-09-27 10:20:11,FT-101,NORMAL,LOW,30.89,NUMERIC,CLEARED,
2026-09-27 10:29:39,LT-101,NORMAL,LOW,72.83,NUMERIC,CLEARED,
2026-09-27 10:33:31,TT-101,NORMAL,LOW,60.74,NUMERIC,CLEARED,
2026-09-27 10:38:54,M-101,HIGH_CURRENT,HIGH,54.81,NUMERIC,CLEARED,
2026-09-27 10:52:25,M-101,NORMAL,LOW,33.79,NUMERIC,CLEARED,
2026-09-27 11:06:33,TT-101,NORMAL,LOW,56.45,NUMERIC,CLEARED,
2026-09-27 11:12:10,PT-101,NORMAL,LOW,5.71,NUMERIC,CLEARED,
2026-09-27 11:19:32,LT-101,NORMAL,LOW,72.26,NUMERIC,CLEARED,
2026-09-27 11:21:48,V-101,NORMAL,LOW,68.83,NUMERIC,CLEARED,
2026-09-27 11:23:55,PT-101,NORMAL,LOW,5.34,NUMERIC,CLEARED,
2026-09-27 11:30:20,FT-101,NORMAL,LOW,,NULL,CLEARED,MISSING_VALUE
2026-09-27 11:36:21,TT-101,NORMAL,LOW,48,NUMERIC,CLEARED,
2026-09-27 11:52:37,LT-101,HIGH_LEVEL,CRITICAL,98.76,NUMERIC,ACTIVE,
2026-09-27 11:53:40,FT-101,NORMAL,LOW,38.41,NUMERIC,CLEARED,
2026-09-27 12:01:15,FT-101,LOW_FLOW,MEDIUM,4.46,NUMERIC,ACKNOWLEDGED,
2026-09-27 12:12:02,M-101,NORMAL,LOW,32.01,NUMERIC,CLEARED,
2026-09-27 12:16:03,M-101,NORMAL,LOW,16.37,NUMERIC,CLEARED,
2026-09-27 12:19:47,TT-101,NORMAL,LOW,57.33,NUMERIC,CLEARED,
2026-09-27 12:26:18,TT-101,NORMAL,LOW,58.31,NUMERIC,CLEARED,
2026-09-27 12:27:00,TT-101,NORMAL,LOW,54.31,NUMERIC,CLEARED,
2026-09-27 12:29:18,LT-101,NORMAL,LOW,50.51,NUMERIC,CLEARED,
2026-09-27 12:31:17,M-101,NORMAL,LOW,1.72,NUMERIC,CLEARED,
2026-09-27 12:31:42,V-101,NORMAL,LOW,39.02,NUMERIC,CLEARED,
2026-09-27 12:34:39,PT-101,NORMAL,LOW,5.85,NUMERIC,CLEARED,
2026-09-27 12:36:37,LT-101,NORMAL,LOW,77.51,NUMERIC,CLEARED,
2026-09-27 12:40:38,PT-101,NORMAL,LOW,5.98,NUMERIC,CLEARED,
2026-09-27 12:47:15,M-101,HIGH_CURRENT,HIGH,55.54,NUMERIC,CLEARED,
2026-09-27 12:49:47,PT-101,NORMAL,LOW,4.01,NUMERIC,CLEARED,
2026-09-27 12:53:59,FT-101,NORMAL,LOW,21.16,NUMERIC,CLEARED,
2026-09-27 12:58:26,M-101,NORMAL,LOW,29.46,NUMERIC,CLEARED,
2026-09-27 13:12:50,V-101,NORMAL,LOW,2.57,NUMERIC,CLEARED,
2026-09-27 13:21:59,PT-101,NORMAL,LOW,4.45,NUMERIC,CLEARED,
2026-09-27 13:24:10,PT-101,NORMAL,LOW,4.42,NUMERIC,CLEARED,
2026-09-27 13:24:40,TT-101,NORMAL,LOW,56.72,NUMERIC,CLEARED,
2026-09-27 13:39:43,FT-101,NORMAL,LOW,27.69,NUMERIC,CLEARED,
2026-09-27 13:53:26,LT-101,NORMAL,LOW,54.85,NUMERIC,CLEARED,
2026-09-27 13:55:56,V-101,NORMAL,LOW,43.44,NUMERIC,CLEARED,
2026-09-27 13:56:19,PT-101,NORMAL,LOW,5.8,NUMERIC,CLEARED,
2026-09-27 13:57:01,PT-101,NORMAL,LOW,6.57,NUMERIC,CLEARED,
2026-09-27 13:58:08,LT-101,NORMAL,LOW,74.33,NUMERIC,CLEARED,
2026-09-27 13:59:06,LT-101,NORMAL,LOW,73.45,NUMERIC,CLEARED,
2026-09-27 14:09:13,TT-101,NORMAL,LOW,62.16,NUMERIC,CLEARED,
2026-09-27 14:23:35,V-101,NORMAL,LOW,30.09,NUMERIC,CLEARED,
2026-09-27 14:26:36,FT-101,HIGH_FLOW,HIGH,64.07,NUMERIC,CLEARED,
2026-09-27 14:27:15,PT-101,NORMAL,LOW,6,NUMERIC,CLEARED,
2026-09-27 14:31:40,FT-101,NORMAL,LOW,28.51,NUMERIC,CLEARED,
2026-09-27 14:31:42,PT-101,NORMAL,LOW,5.34,NUMERIC,CLEARED,
2026-09-27 14:32:13,FT-101,NORMAL,LOW,29.69,NUMERIC,CLEARED,
2026-09-27 14:44:15,M-101,HIGH_CURRENT,HIGH,51.35,NUMERIC,CLEARED,
2026-09-27 14:45:35,TT-101,NORMAL,LOW,62.77,NUMERIC,CLEARED,
2026-09-27 14:55:21,FT-101,NORMAL,LOW,38.82,NUMERIC,CLEARED,
2026-09-27 15:06:05,PT-101,NORMAL,LOW,6.8,NUMERIC,CLEARED,
2026-09-27 15:12:26,V-101,NORMAL,LOW,64.28,NUMERIC,CLEARED,
2026-09-27 15:17:59,FT-101,NORMAL,LOW,20.21,NUMERIC,CLEARED,
2026-09-27 15:27:11,LT-101,HIGH_LEVEL,CRITICAL,91.33,NUMERIC,ACTIVE,
2026-09-27 15:44:22,FT-101,NORMAL,LOW,25.85,NUMERIC,CLEARED,
2026-09-27 15:47:59,PT-101,NORMAL,LOW,6.25,NUMERIC,CLEARED,
2026-09-27 16:03:26,LT-101,HIGH_LEVEL,CRITICAL,91.1,NUMERIC,ACKNOWLEDGED,
2026-09-27 16:05:13,LT-101,NORMAL,LOW,64.66,NUMERIC,CLEARED,
2026-09-27 16:08:14,TT-101,NORMAL,LOW,72.1,NUMERIC,CLEARED,
2026-09-27 16:34:03,FT-101,NORMAL,LOW,33.2,NUMERIC,CLEARED,
2026-09-27 16:36:08,TT-101,NORMAL,LOW,71.97,NUMERIC,CLEARED,
2026-09-27 16:38:17,LT-101,NORMAL,LOW,69.59,NUMERIC,CLEARED,
2026-09-27 16:42:24,TT-101,NORMAL,LOW,48.92,NUMERIC,CLEARED,
2026-09-27 16:45:22,PT-101,NORMAL,LOW,6.38,NUMERIC,CLEARED,
2026-09-27 16:58:01,V-101,NORMAL,LOW,66.19,NUMERIC,CLEARED,
2026-09-27 16:59:53,PT-101,NORMAL,LOW,4.09,NUMERIC,CLEARED,
2026-09-27 17:04:25,PT-101,NORMAL,LOW,5.11,NUMERIC,CLEARED,
2026-09-27 17:07:56,PT-101,NORMAL,LOW,6.59,NUMERIC,CLEARED,
2026-09-27 17:08:09,PT-101,NORMAL,LOW,5.29,NUMERIC,CLEARED,
2026-09-27 17:09:03,FT-101,NORMAL,LOW,22.37,NUMERIC,CLEARED,
2026-09-27 17:10:57,TT-101,NORMAL,LOW,67.99,NUMERIC,CLEARED,
2026-09-27 17:14:56,PT-101,NORMAL,LOW,5.03,NUMERIC,CLEARED,
2026-09-27 17:15:57,PT-101,NORMAL,LOW,6.27,NUMERIC,CLEARED,
2026-09-27 17:19:08,FT-101,NORMAL,LOW,25.09,NUMERIC,CLEARED,
2026-09-27 17:20:00,PT-101,NORMAL,LOW,5.28,NUMERIC,CLEARED,
2026-09-27 17:20:16,TT-101,NORMAL,LOW,48.33,NUMERIC,CLEARED,
2026-09-27 17:28:22,V-101,NORMAL,LOW,71.2,NUMERIC,CLEARED,
2026-09-27 18:01:37,FT-101,NORMAL,LOW,26.82,NUMERIC,CLEARED,
2026-09-27 18:13:24,TT-101,NORMAL,LOW,64.39,NUMERIC,CLEARED,
2026-09-27 18:30:23,LT-101,HIGH_LEVEL,CRITICAL,91.96,NUMERIC,CLEARED,
2026-09-27 18:35:20,LT-101,NORMAL,LOW,54.22,NUMERIC,CLEARED,
2026-09-27 18:39:53,PT-101,NORMAL,LOW,6.4,NUMERIC,CLEARED,
2026-09-27 18:45:02,LT-101,NORMAL,LOW,43.54,NUMERIC,CLEARED,
2026-09-27 18:47:10,V-101,NORMAL,LOW,43.72,NUMERIC,CLEARED,
2026-09-27 18:54:00,LT-101,NORMAL,LOW,56.18,NUMERIC,CLEARED,
2026-09-27 18:54:17,V-101,NORMAL,LOW,33.62,NUMERIC,CLEARED,
2026-09-27 18:58:21,LT-101,NORMAL,LOW,54.74,NUMERIC,CLEARED,
2026-09-27 19:10:55,PT-101,NORMAL,LOW,6.67,NUMERIC,CLEARED,
2026-09-27 19:33:04,LT-101,NORMAL,LOW,56.86,NUMERIC,CLEARED,
2026-09-27 19:39:01,LT-101,NORMAL,LOW,65.05,NUMERIC,CLEARED,
2026-09-27 19:48:25,M-101,NORMAL,LOW,34.26,NUMERIC,CLEARED,
2026-09-27 20:03:13,TT-101,NORMAL,LOW,57.74,NUMERIC,CLEARED,
2026-09-27 20:03:26,M-101,NORMAL,LOW,24.39,NUMERIC,CLEARED,
2026-09-27 20:07:33,TT-101,NORMAL,LOW,69.03,NUMERIC,CLEARED,
2026-09-27 20:08:53,M-101,NORMAL,LOW,14.01,NUMERIC,CLEARED,
2026-09-27 20:38:22,LT-101,NORMAL,LOW,58.1,NUMERIC,CLEARED,
2026-09-27 20:40:43,TT-101,NORMAL,LOW,74.85,NUMERIC,CLEARED,
2026-09-27 20:45:13,LT-101,NORMAL,LOW,43.37,NUMERIC,CLEARED,
2026-09-27 20:49:35,TT-101,NORMAL,LOW,57.12,NUMERIC,CLEARED,
2026-09-27 20:50:44,LT-101,NORMAL,LOW,50.46,NUMERIC,CLEARED,
2026-09-27 20:55:01,PT-101,NORMAL,LOW,4.94,NUMERIC,CLEARED,
2026-09-27 20:55:35,PT-101,NORMAL,LOW,5.61,NUMERIC,CLEARED,
2026-09-27 20:56:05,PT-101,NORMAL,LOW,4.32,NUMERIC,CLEARED,
2026-09-27 21:00:59,PT-101,NORMAL,LOW,6.47,NUMERIC,CLEARED,
2026-09-27 21:07:06,PT-101,NORMAL,LOW,5.66,NUMERIC,CLEARED,
2026-09-27 21:19:44,TT-101,NORMAL,LOW,69.44,NUMERIC,CLEARED,
2026-09-27 21:25:00,TT-101,NORMAL,LOW,55.48,NUMERIC,CLEARED,
2026-09-27 21:25:42,LT-101,NORMAL,LOW,72.96,NUMERIC,CLEARED,
2026-09-27 21:27:54,FT-101,NORMAL,LOW,30.57,NUMERIC,CLEARED,
2026-09-27 21:35:15,LT-101,NORMAL,LOW,47.6,NUMERIC,CLEARED,
2026-09-27 21:42:20,TT-101,NORMAL,LOW,47.43,NUMERIC,CLEARED,
2026-09-27 21:42:54,PT-101,HIGH_PRESSURE,CRITICAL,8.67,NUMERIC,ACTIVE,
2026-09-27 21:53:05,PT-101,NORMAL,LOW,4.33,NUMERIC,CLEARED,
2026-09-27 21:54:16,V-101,NORMAL,LOW,36.01,NUMERIC,CLEARED,
2026-09-27 22:04:30,TT-101,HIGH_TEMPERATURE,HIGH,87.4,NUMERIC,ACTIVE,
2026-09-27 22:05:12,TT-101,NORMAL,LOW,71.22,NUMERIC,CLEARED,
2026-09-27 22:12:00,V-101,NORMAL,LOW,74.56,NUMERIC,CLEARED,
2026-09-27 22:14:43,LT-101,NORMAL,LOW,78.57,NUMERIC,CLEARED,
2026-09-27 22:26:57,PT-101,NORMAL,LOW,4.03,NUMERIC,CLEARED,
2026-09-27 22:32:13,LT-101,NORMAL,LOW,65.99,NUMERIC,CLEARED,
2026-09-27 22:33:04,V-101,NORMAL,LOW,2.95,NUMERIC,CLEARED,
2026-09-27 22:33:12,TT-101,NORMAL,LOW,48.32,NUMERIC,CLEARED,
2026-09-27 22:35:19,TT-101,NORMAL,LOW,63,NUMERIC,CLEARED,
2026-09-27 22:51:47,TT-101,NORMAL,LOW,74.37,NUMERIC,CLEARED,
2026-09-27 22:56:55,TT-101,HIGH_TEMPERATURE,HIGH,90.14,NUMERIC,CLEARED,
2026-09-27 23:05:41,LT-101,NORMAL,LOW,60.45,NUMERIC,CLEARED,
2026-09-27 23:22:07,PT-101,NORMAL,LOW,5.36,NUMERIC,CLEARED,
2026-09-27 23:29:00,LT-101,NORMAL,LOW,57.2,NUMERIC,CLEARED,
2026-09-27 23:29:32,LT-101,NORMAL,LOW,62.87,NUMERIC,CLEARED,
2026-09-27 23:32:34,LT-101,NORMAL,LOW,46.94,NUMERIC,CLEARED,
2026-09-27 23:36:37,LT-101,NORMAL,LOW,55.56,NUMERIC,CLEARED,
2026-09-27 23:44:17,TT-101,NORMAL,LOW,73.73,NUMERIC,CLEARED,
2026-09-27 23:50:05,M-101,NORMAL,LOW,0.04,NUMERIC,CLEARED,
2026-09-27 23:54:30,LT-101,NORMAL,LOW,46.06,NUMERIC,CLEARED,
2026-09-28 00:06:55,PT-101,NORMAL,LOW,4.66,NUMERIC,CLEARED,
2026-09-28 00:07:23,PT-101,NORMAL,LOW,4.51,NUMERIC,CLEARED,
2026-09-28 00:07:45,M-101,NORMAL,LOW,8.91,NUMERIC,CLEARED,
2026-09-28 00:19:14,FT-101,NORMAL,LOW,30.82,NUMERIC,CLEARED,
2026-09-28 00:20:42,PT-101,NORMAL,LOW,4.42,NUMERIC,CLEARED,
2026-09-28 00:22:48,M-101,NORMAL,LOW,0.86,NUMERIC,CLEARED,
2026-09-28 00:39:21,M-101,HIGH_CURRENT,HIGH,44.57,NUMERIC,ACKNOWLEDGED,
2026-09-28 00:39:48,M-101,NORMAL,LOW,9.59,NUMERIC,CLEARED,
2026-09-28 01:03:23,LT-101,NORMAL,LOW,78.94,NUMERIC,CLEARED,
2026-09-28 01:03:40,PT-101,NORMAL,LOW,4.94,NUMERIC,CLEARED,
2026-09-28 01:04:01,LT-101,NORMAL,LOW,61.06,NUMERIC,CLEARED,
2026-09-28 01:07:49,PT-101,LOW_PRESSURE,MEDIUM,1.46,NUMERIC,CLEARED,
2026-09-28 01:33:55,M-101,NORMAL,LOW,33.42,NUMERIC,CLEARED,
2026-09-28 01:35:28,TT-101,NORMAL,LOW,63.59,NUMERIC,CLEARED,
2026-09-28 01:40:29,TT-101,NORMAL,LOW,68.21,NUMERIC,CLEARED,
2026-09-28 01:55:55,TT-101,NORMAL,LOW,63.52,NUMERIC,CLEARED,
2026-09-28 02:00:23,PT-101,NORMAL,LOW,6.06,NUMERIC,CLEARED,
2026-09-28 02:14:36,V-101,NORMAL,LOW,63.14,NUMERIC,CLEARED,
2026-09-28 02:16:55,TT-101,NORMAL,LOW,50.37,NUMERIC,CLEARED,
2026-09-28 02:18:55,M-101,NORMAL,LOW,11.11,NUMERIC,CLEARED,
2026-09-28 02:20:59,FT-101,NORMAL,LOW,29.05,NUMERIC,CLEARED,
2026-09-28 02:28:46,M-101,NORMAL,LOW,7.96,NUMERIC,CLEARED,
2026-09-28 02:30:23,PT-101,NORMAL,LOW,4.7,NUMERIC,CLEARED,
2026-09-28 02:34:43,V-101,NORMAL,LOW,48.74,NUMERIC,CLEARED,
2026-09-28 02:40:25,FT-101,NORMAL,LOW,23.21,NUMERIC,CLEARED,
2026-09-28 02:41:57,LT-101,NORMAL,LOW,68.29,NUMERIC,CLEARED,
2026-09-28 02:43:02,TT-101,NORMAL,LOW,47.48,NUMERIC,CLEARED,
2026-09-28 02:52:49,PT-101,NORMAL,LOW,6.39,NUMERIC,CLEARED,
2026-09-28 02:55:46,FT-101,NORMAL,LOW,27.04,NUMERIC,CLEARED,
2026-09-28 02:55:54,M-101,NORMAL,LOW,33.01,NUMERIC,CLEARED,
2026-09-28 03:06:31,LT-101,NORMAL,LOW,46.73,NUMERIC,CLEARED,
2026-09-28 03:09:16,LT-101,NORMAL,LOW,49.16,NUMERIC,CLEARED,
2026-09-28 03:11:42,LT-101,NORMAL,LOW,61.25,NUMERIC,CLEARED,
2026-09-28 03:13:17,FT-101,NORMAL,LOW,30.77,NUMERIC,CLEARED,
2026-09-28 03:18:39,TT-101,NORMAL,LOW,66.2,NUMERIC,CLEARED,
2026-09-28 03:18:47,PT-101,NORMAL,LOW,4.47,NUMERIC,CLEARED,
2026-09-28 03:22:50,P-102,PUMP_FAILURE,CRITICAL,STOPPED,STATE,ACTIVE,
2026-09-28 03:29:59,PT-101,NORMAL,LOW,6.9,NUMERIC,CLEARED,
2026-09-28 03:34:05,PT-101,NORMAL,LOW,5.49,NUMERIC,CLEARED,
2026-09-28 03:37:02,FT-101,NORMAL,LOW,28.14,NUMERIC,CLEARED,
2026-09-28 03:37:30,LT-101,NORMAL,LOW,72.9,NUMERIC,CLEARED,
2026-09-28 03:47:08,LT-101,NORMAL,LOW,62.41,NUMERIC,CLEARED,
2026-09-28 03:56:06,M-101,NORMAL,LOW,4.63,NUMERIC,CLEARED,
2026-09-28 03:56:37,M-101,NORMAL,LOW,33.97,NUMERIC,CLEARED,
2026-09-28 04:03:03,TT-101,NORMAL,LOW,54.47,NUMERIC,CLEARED,
2026-09-28 04:18:41,TT-101,NORMAL,LOW,48.08,NUMERIC,CLEARED,
2026-09-28 04:26:08,V-101,COMMUNICATION_LOST,MEDIUM,,NULL,ACKNOWLEDGED,MISSING_VALUE
2026-09-28 04:28:36,LT-101,NORMAL,LOW,66.11,NUMERIC,CLEARED,
2026-09-28 04:33:11,PT-101,NORMAL,LOW,6.57,NUMERIC,CLEARED,
2026-09-28 04:39:06,LT-101,NORMAL,LOW,57.2,NUMERIC,CLEARED,
2026-09-28 04:39:57,PT-101,NORMAL,LOW,6.07,NUMERIC,CLEARED,
2026-09-28 04:41:58,TT-101,HIGH_TEMPERATURE,HIGH,104.27,NUMERIC,ACTIVE,
2026-09-28 04:45:45,PT-101,NORMAL,LOW,4,NUMERIC,CLEARED,
2026-09-28 04:48:11,M-101,NORMAL,LOW,26.38,NUMERIC,CLEARED,
2026-09-28 04:51:01,TT-101,NORMAL,LOW,70.6,NUMERIC,CLEARED,
2026-09-28 04:52:32,PT-101,NORMAL,LOW,5.02,NUMERIC,CLEARED,
2026-09-28 04:54:48,V-101,NORMAL,LOW,9.62,NUMERIC,CLEARED,
2026-09-28 05:00:45,LT-101,NORMAL,LOW,76.35,NUMERIC,CLEARED,
2026-09-28 05:01:08,V-101,NORMAL,LOW,50.9,NUMERIC,CLEARED,
2026-09-28 05:02:55,LT-101,NORMAL,LOW,49.45,NUMERIC,CLEARED,
2026-09-28 05:03:32,LT-101,NORMAL,LOW,56.05,NUMERIC,CLEARED,
2026-09-28 05:14:31,FT-101,NORMAL,LOW,33.73,NUMERIC,CLEARED,
2026-09-28 05:14:33,LT-101,NORMAL,LOW,40.5,NUMERIC,CLEARED,
2026-09-28 05:26:34,V-101,NORMAL,LOW,44.15,NUMERIC,CLEARED,
2026-09-28 05:30:44,TT-101,NORMAL,LOW,,NULL,CLEARED,MISSING_VALUE
2026-09-28 05:32:32,PT-101,NORMAL,LOW,5.92,NUMERIC,CLEARED,
2026-09-28 05:32:43,TT-101,NORMAL,LOW,63.45,NUMERIC,CLEARED,
2026-09-28 05:44:35,PT-101,NORMAL,LOW,6.8,NUMERIC,CLEARED,
2026-09-28 05:47:27,V-101,NORMAL,LOW,65.73,NUMERIC,CLEARED,
2026-09-28 05:50:03,FT-101,NORMAL,LOW,31.82,NUMERIC,CLEARED,
2026-09-28 06:08:27,FT-101,NORMAL,LOW,34.26,NUMERIC,CLEARED,
2026-09-28 06:17:59,PT-101,NORMAL,LOW,4.3,NUMERIC,CLEARED,
2026-09-28 06:20:27,P-101,COMMUNICATION_LOST,MEDIUM,,NULL,ACKNOWLEDGED,MISSING_VALUE
2026-09-28 06:23:46,LT-101,NORMAL,LOW,60.71,NUMERIC,CLEARED,
2026-09-28 06:26:17,PT-101,NORMAL,LOW,4.68,NUMERIC,CLEARED,
2026-09-28 06:35:12,V-101,NORMAL,LOW,57.41,NUMERIC,CLEARED,
2026-09-28 06:41:06,FT-101,NORMAL,LOW,27.66,NUMERIC,CLEARED,
2026-09-28 06:52:53,TT-101,NORMAL,LOW,51.58,NUMERIC,CLEARED,
2026-09-28 06:55:31,FT-101,NORMAL,LOW,32.03,NUMERIC,CLEARED,
2026-09-28 06:56:35,TT-101,NORMAL,LOW,52.98,NUMERIC,CLEARED,
2026-09-28 07:02:35,FT-101,HIGH_FLOW,HIGH,64.55,NUMERIC,ACTIVE,
2026-09-28 07:09:53,M-101,NORMAL,LOW,31.15,NUMERIC,CLEARED,
2026-09-28 07:13:00,LT-101,NORMAL,LOW,52.58,NUMERIC,CLEARED,
2026-09-28 07:16:07,PT-101,NORMAL,LOW,4.83,NUMERIC,CLEARED,
2026-09-28 07:19:38,PT-101,NORMAL,LOW,6.36,NUMERIC,CLEARED,
2026-09-28 07:28:03,TT-101,NORMAL,LOW,50.86,NUMERIC,CLEARED,
2026-09-28 07:30:07,FT-101,NORMAL,LOW,35.93,NUMERIC,CLEARED,
2026-09-28 07:34:30,PT-101,NORMAL,LOW,6.14,NUMERIC,CLEARED,
2026-09-28 07:40:31,LT-101,NORMAL,LOW,77.87,NUMERIC,CLEARED,
2026-09-28 07:42:26,FT-101,NORMAL,LOW,39.29,NUMERIC,CLEARED,
2026-09-28 07:42:52,M-101,NORMAL,LOW,24.13,NUMERIC,CLEARED,
2026-09-28 07:51:42,M-101,NORMAL,LOW,24.34,NUMERIC,CLEARED,
2026-09-28 07:56:19,LT-101,NORMAL,LOW,76.47,NUMERIC,CLEARED,
2026-09-28 08:06:45,TT-101,HIGH_TEMPERATURE,HIGH,90.04,NUMERIC,ACTIVE,
2026-09-28 08:11:22,P-102,COMMUNICATION_LOST,MEDIUM,,NULL,ACTIVE,MISSING_VALUE
2026-09-28 08:36:04,FT-101,HIGH_FLOW,HIGH,53.69,NUMERIC,CLEARED,
2026-09-28 08:36:53,PT-101,NORMAL,LOW,6.99,NUMERIC,CLEARED,
2026-09-28 08:38:49,V-101,NORMAL,LOW,40.55,NUMERIC,CLEARED,
2026-09-28 08:42:49,TT-101,NORMAL,LOW,64.27,NUMERIC,CLEARED,
2026-09-28 08:43:28,LT-101,NORMAL,LOW,71.24,NUMERIC,CLEARED,
2026-09-28 08:49:23,LT-101,NORMAL,LOW,44.84,NUMERIC,CLEARED,
2026-09-28 09:05:14,TT-101,NORMAL,LOW,49.66,NUMERIC,CLEARED,
2026-09-28 09:06:25,LT-101,NORMAL,LOW,57.47,NUMERIC,CLEARED,
2026-09-28 09:08:26,FT-101,NORMAL,LOW,25.36,NUMERIC,CLEARED,
2026-09-28 09:08:53,M-101,NORMAL,LOW,33.3,NUMERIC,CLEARED,
2026-09-28 09:14:58,PT-101,LOW_PRESSURE,MEDIUM,1.05,NUMERIC,CLEARED,
2026-09-28 09:33:22,LT-101,NORMAL,LOW,67.77,NUMERIC,CLEARED,
2026-09-28 09:33:40,TT-101,HIGH_TEMPERATURE,HIGH,97.47,NUMERIC,ACKNOWLEDGED,
2026-09-28 09:37:59,FT-101,NORMAL,LOW,31.23,NUMERIC,CLEARED,
2026-09-28 09:45:35,V-101,NORMAL,LOW,56.91,NUMERIC,CLEARED,
2026-09-28 09:55:56,TT-101,NORMAL,LOW,61.5,NUMERIC,CLEARED,
2026-09-28 10:05:28,V-101,NORMAL,LOW,65.62,NUMERIC,CLEARED,
2026-09-28 10:05:32,FT-101,NORMAL,LOW,28.48,NUMERIC,CLEARED,
2026-09-28 10:14:23,LT-101,NORMAL,LOW,68.97,NUMERIC,CLEARED,
2026-09-28 10:14:23,PT-101,NORMAL,LOW,6.65,NUMERIC,CLEARED,
2026-09-28 10:19:29,FT-101,NORMAL,LOW,38.45,NUMERIC,CLEARED,
2026-09-28 10:19:51,PT-101,NORMAL,LOW,5.39,NUMERIC,CLEARED,
2026-09-28 10:27:28,M-101,NORMAL,LOW,2.67,NUMERIC,CLEARED,
2026-09-28 10:32:35,FT-101,NORMAL,LOW,38.09,NUMERIC,CLEARED,
2026-09-28 10:34:33,TT-101,NORMAL,LOW,69.73,NUMERIC,CLEARED,
2026-09-28 10:37:48,FT-101,NORMAL,LOW,34.69,NUMERIC,CLEARED,
2026-09-28 10:50:17,PT-101,NORMAL,LOW,4.96,NUMERIC,CLEARED,
2026-09-28 10:50:43,PT-101,NORMAL,LOW,6.74,NUMERIC,CLEARED,
2026-09-28 10:51:37,PT-101,NORMAL,LOW,5.52,NUMERIC,CLEARED,
2026-09-28 10:56:31,LT-101,NORMAL,LOW,63.24,NUMERIC,CLEARED,
2026-09-28 11:01:52,PT-101,NORMAL,LOW,5.45,NUMERIC,CLEARED,
2026-09-28 11:03:25,M-101,NORMAL,LOW,34.31,NUMERIC,CLEARED,
2026-09-28 11:05:47,PT-101,NORMAL,LOW,5.98,NUMERIC,CLEARED,
2026-09-28 11:06:09,FT-101,NORMAL,LOW,23.9,NUMERIC,CLEARED,
2026-09-28 11:07:00,M-101,NORMAL,LOW,28.31,NUMERIC,CLEARED,
2026-09-28 11:18:35,TT-101,NORMAL,LOW,68.55,NUMERIC,CLEARED,
2026-09-28 11:31:24,LT-101,NORMAL,LOW,66.81,NUMERIC,CLEARED,
2026-09-28 11:36:56,PT-101,NORMAL,LOW,6.66,NUMERIC,CLEARED,
2026-09-28 11:42:05,PT-101,NORMAL,LOW,4.22,NUMERIC,CLEARED,
2026-09-28 11:44:59,V-101,NORMAL,LOW,14.25,NUMERIC,CLEARED,
2026-09-28 11:47:52,TT-101,NORMAL,LOW,60.05,NUMERIC,CLEARED,
2026-09-28 11:51:14,FT-101,NORMAL,LOW,32.82,NUMERIC,CLEARED,
2026-09-28 11:55:00,M-101,NORMAL,LOW,31.94,NUMERIC,CLEARED,
2026-09-28 12:10:57,PT-101,NORMAL,LOW,5.57,NUMERIC,CLEARED,
2026-09-28 12:23:37,LT-101,LOW_LEVEL,HIGH,13.91,NUMERIC,ACKNOWLEDGED,
2026-09-28 12:25:26,PT-101,NORMAL,LOW,5.88,NUMERIC,CLEARED,
2026-09-28 12:26:31,FT-101,NORMAL,LOW,23.05,NUMERIC,CLEARED,
2026-09-28 12:28:12,PT-101,NORMAL,LOW,4.17,NUMERIC,CLEARED,
2026-09-28 12:32:30,FT-101,NORMAL,LOW,31.63,NUMERIC,CLEARED,
2026-09-28 12:41:14,FT-101,NORMAL,LOW,22,NUMERIC,CLEARED,
2026-09-28 12:42:08,LT-101,NORMAL,LOW,52.37,NUMERIC,CLEARED,
2026-09-28 12:44:35,LT-101,NORMAL,LOW,49.83,NUMERIC,CLEARED,
2026-09-28 12:46:06,FT-101,NORMAL,LOW,28.59,NUMERIC,CLEARED,
2026-09-28 12:47:08,PT-101,NORMAL,LOW,6.16,NUMERIC,CLEARED,
2026-09-28 12:48:22,PT-101,NORMAL,LOW,6.51,NUMERIC,CLEARED,
2026-09-28 12:52:24,FT-101,NORMAL,LOW,38.84,NUMERIC,CLEARED,
2026-09-28 12:53:28,FT-101,NORMAL,LOW,38.4,NUMERIC,CLEARED,
2026-09-28 12:53:45,FT-101,NORMAL,LOW,29.16,NUMERIC,CLEARED,
2026-09-28 12:57:07,PT-101,NORMAL,LOW,5.57,NUMERIC,CLEARED,
2026-09-28 13:09:55,LT-101,NORMAL,LOW,62.9,NUMERIC,CLEARED,
2026-09-28 13:12:41,PT-101,NORMAL,LOW,6.84,NUMERIC,CLEARED,
2026-09-28 13:19:04,LT-101,NORMAL,LOW,71.94,NUMERIC,CLEARED,
2026-09-28 13:22:12,V-101,NORMAL,LOW,43.7,NUMERIC,CLEARED,
2026-09-28 13:27:05,LT-101,NORMAL,LOW,59.48,NUMERIC,CLEARED,
2026-09-28 13:34:30,TT-101,NORMAL,LOW,52.53,NUMERIC,CLEARED,
2026-09-28 13:38:59,V-101,NORMAL,LOW,80.39,NUMERIC,CLEARED,
2026-09-28 13:39:00,PT-101,NORMAL,LOW,4.98,NUMERIC,CLEARED,
2026-09-28 13:56:48,M-101,HIGH_CURRENT,HIGH,59.96,NUMERIC,ACTIVE,
2026-09-28 14:02:56,PT-101,NORMAL,LOW,6.61,NUMERIC,CLEARED,
2026-09-28 14:03:09,PT-101,NORMAL,LOW,5.45,NUMERIC,CLEARED,
2026-09-28 14:04:12,FT-101,NORMAL,LOW,28.39,NUMERIC,CLEARED,
2026-09-28 14:10:09,FT-101,NORMAL,LOW,33.31,NUMERIC,CLEARED,
2026-09-28 14:12:40,M-101,NORMAL,LOW,30.13,NUMERIC,CLEARED,
2026-09-28 14:17:04,PT-101,NORMAL,LOW,6.8,NUMERIC,CLEARED,
2026-09-28 14:29:05,PT-101,NORMAL,LOW,4.55,NUMERIC,CLEARED,
2026-09-28 14:38:31,P-102,COMMUNICATION_LOST,MEDIUM,,NULL,ACTIVE,MISSING_VALUE
2026-09-28 14:42:19,LT-101,NORMAL,LOW,50.4,NUMERIC,CLEARED,
2026-09-28 14:44:56,TT-101,NORMAL,LOW,67.14,NUMERIC,CLEARED,
2026-09-28 14:50:28,FT-101,HIGH_FLOW,HIGH,57.83,NUMERIC,ACKNOWLEDGED,
2026-09-28 14:57:02,TT-101,NORMAL,LOW,50.55,NUMERIC,CLEARED,
2026-09-28 15:07:03,M-101,NORMAL,LOW,25.6,NUMERIC,CLEARED,
2026-09-28 15:10:19,FT-101,LOW_FLOW,MEDIUM,5.77,NUMERIC,CLEARED,
2026-09-28 15:38:45,LT-101,NORMAL,LOW,61.58,NUMERIC,CLEARED,
2026-09-28 15:41:58,PT-101,NORMAL,LOW,4.53,NUMERIC,CLEARED,
2026-09-28 16:07:22,FT-101,NORMAL,LOW,20.5,NUMERIC,CLEARED,
2026-09-28 16:13:21,LT-101,HIGH_LEVEL,CRITICAL,98.8,NUMERIC,ACTIVE,
2026-09-28 16:13:34,FT-101,NORMAL,LOW,21.96,NUMERIC,CLEARED,
2026-09-28 16:14:28,TT-101,HIGH_TEMPERATURE,HIGH,89.88,NUMERIC,ACTIVE,
2026-09-28 16:19:19,M-101,HIGH_CURRENT,HIGH,57.57,NUMERIC,CLEARED,
2026-09-28 16:28:22,V-101,NORMAL,LOW,54.17,NUMERIC,CLEARED,
2026-09-28 16:33:11,PT-101,NORMAL,LOW,6.63,NUMERIC,CLEARED,
2026-09-28 16:43:37,FT-101,NORMAL,LOW,38.44,NUMERIC,CLEARED,
2026-09-28 16:49:07,FT-101,LOW_FLOW,MEDIUM,8.22,NUMERIC,ACKNOWLEDGED,
2026-09-28 16:49:13,LT-101,NORMAL,LOW,74.22,NUMERIC,CLEARED,
2026-09-28 16:53:22,FT-101,NORMAL,LOW,37.48,NUMERIC,CLEARED,
2026-09-28 16:56:15,V-101,NORMAL,LOW,63.33,NUMERIC,CLEARED,
2026-09-28 17:09:06,PT-101,NORMAL,LOW,6.59,NUMERIC,CLEARED,
2026-09-28 17:14:30,M-101,NORMAL,LOW,29.48,NUMERIC,CLEARED,
2026-09-28 17:16:16,LT-101,NORMAL,LOW,75.77,NUMERIC,CLEARED,
2026-09-28 17:17:11,LT-101,NORMAL,LOW,42.37,NUMERIC,CLEARED,
2026-09-28 17:18:48,TT-101,NORMAL,LOW,73.07,NUMERIC,CLEARED,
2026-09-28 17:20:35,V-101,NORMAL,LOW,22.53,NUMERIC,CLEARED,
2026-09-28 17:25:14,PT-101,HIGH_PRESSURE,CRITICAL,8.62,NUMERIC,CLEARED,
2026-09-28 17:32:32,FT-101,NORMAL,LOW,29.56,NUMERIC,CLEARED,
2026-09-28 17:43:50,FT-101,NORMAL,LOW,23.99,NUMERIC,CLEARED,
2026-09-28 17:45:22,PT-101,NORMAL,LOW,5.3,NUMERIC,CLEARED,
2026-09-28 17:50:10,LT-101,NORMAL,LOW,76.43,NUMERIC,CLEARED,
2026-09-28 18:01:10,TT-101,NORMAL,LOW,62.23,NUMERIC,CLEARED,
2026-09-28 18:01:41,FT-101,HIGH_FLOW,HIGH,50.71,NUMERIC,CLEARED,
2026-09-28 18:17:34,FT-101,NORMAL,LOW,20.74,NUMERIC,CLEARED,
2026-09-28 18:21:06,PT-101,NORMAL,LOW,5.83,NUMERIC,CLEARED,
2026-09-28 18:22:26,PT-101,NORMAL,LOW,6.13,NUMERIC,CLEARED,
2026-09-28 18:31:11,LT-101,HIGH_LEVEL,CRITICAL,94.31,NUMERIC,ACTIVE,
2026-09-28 18:38:20,PT-101,HIGH_PRESSURE,CRITICAL,8.92,NUMERIC,ACTIVE,
2026-09-28 18:51:04,FT-101,NORMAL,LOW,33.89,NUMERIC,CLEARED,
2026-09-28 19:04:24,PT-101,NORMAL,LOW,5.83,NUMERIC,CLEARED,
2026-09-28 19:06:42,PT-101,NORMAL,LOW,4.21,NUMERIC,CLEARED,
2026-09-28 19:08:16,LT-101,NORMAL,LOW,64.84,NUMERIC,CLEARED,
2026-09-28 19:08:27,V-101,NORMAL,LOW,10.93,NUMERIC,CLEARED,
2026-09-28 19:13:23,TT-101,NORMAL,LOW,63.83,NUMERIC,CLEARED,
2026-09-28 19:19:13,TT-101,NORMAL,LOW,65.01,NUMERIC,CLEARED,
2026-09-28 19:20:44,FT-101,NORMAL,LOW,35.12,NUMERIC,CLEARED,
2026-09-28 19:23:08,PT-101,NORMAL,LOW,6.79,NUMERIC,CLEARED,
2026-09-28 19:24:11,TT-101,NORMAL,LOW,52.17,NUMERIC,CLEARED,
2026-09-28 19:25:43,V-101,NORMAL,LOW,79.49,NUMERIC,CLEARED,
2026-09-28 19:36:17,V-101,NORMAL,LOW,48.29,NUMERIC,CLEARED,
2026-09-28 19:55:12,V-101,NORMAL,LOW,95.96,NUMERIC,CLEARED,
2026-09-28 20:00:32,TT-101,HIGH_TEMPERATURE,HIGH,90.21,NUMERIC,CLEARED,
2026-09-28 20:02:33,PT-101,NORMAL,LOW,5.7,NUMERIC,CLEARED,
2026-09-28 20:03:32,V-101,NORMAL,LOW,57.58,NUMERIC,CLEARED,
2026-09-28 20:12:00,FT-101,NORMAL,LOW,20.95,NUMERIC,CLEARED,
2026-09-28 20:22:01,FT-101,NORMAL,LOW,36.12,NUMERIC,CLEARED,
2026-09-28 20:25:25,LT-101,NORMAL,LOW,48.74,NUMERIC,CLEARED,
2026-09-28 20:28:46,TT-101,NORMAL,LOW,60.99,NUMERIC,CLEARED,
2026-09-28 20:32:06,TT-101,NORMAL,LOW,52.4,NUMERIC,CLEARED,
2026-09-28 20:36:02,LT-101,NORMAL,LOW,73.37,NUMERIC,CLEARED,
2026-09-28 20:42:37,PT-101,NORMAL,LOW,4.21,NUMERIC,CLEARED,
2026-09-28 20:43:04,LT-101,NORMAL,LOW,76.24,NUMERIC,CLEARED,
2026-09-28 20:43:32,TT-101,HIGH_TEMPERATURE,HIGH,87.56,NUMERIC,CLEARED,
2026-09-28 20:44:07,FT-101,NORMAL,LOW,30.89,NUMERIC,CLEARED,
2026-09-28 20:44:45,LT-101,NORMAL,LOW,73.25,NUMERIC,CLEARED,
2026-09-28 20:50:47,PT-101,LOW_PRESSURE,MEDIUM,2.07,NUMERIC,ACTIVE,
2026-09-28 20:52:02,V-101,NORMAL,LOW,53.46,NUMERIC,CLEARED,
2026-09-28 20:56:11,LT-101,NORMAL,LOW,76.28,NUMERIC,CLEARED,
2026-09-28 20:58:40,LT-101,NORMAL,LOW,69.57,NUMERIC,CLEARED,
2026-09-28 21:00:43,FT-101,NORMAL,LOW,25.19,NUMERIC,CLEARED,
2026-09-28 21:01:48,LT-101,NORMAL,LOW,75.05,NUMERIC,CLEARED,
2026-09-28 21:09:34,FT-101,NORMAL,LOW,28.27,NUMERIC,CLEARED,
2026-09-28 21:21:48,PT-101,NORMAL,LOW,6.69,NUMERIC,CLEARED,
2026-09-28 21:26:57,FT-101,NORMAL,LOW,23,NUMERIC,CLEARED,
2026-09-28 21:33:40,PT-101,NORMAL,LOW,6.91,NUMERIC,CLEARED,
2026-09-28 21:38:13,PT-101,NORMAL,LOW,4.96,NUMERIC,CLEARED,
2026-09-28 22:06:43,PT-101,NORMAL,LOW,5.34,NUMERIC,CLEARED,
2026-09-28 22:09:19,LT-101,NORMAL,LOW,66.97,NUMERIC,CLEARED,
2026-09-28 22:15:07,V-101,NORMAL,LOW,94.46,NUMERIC,CLEARED,
2026-09-28 22:18:13,TT-101,NORMAL,LOW,63.37,NUMERIC,CLEARED,
2026-09-28 22:29:13,PT-101,NORMAL,LOW,6.95,NUMERIC,CLEARED,
2026-09-28 22:34:59,LT-101,NORMAL,LOW,78.2,NUMERIC,CLEARED,
2026-09-28 22:42:18,FT-101,NORMAL,LOW,29.11,NUMERIC,CLEARED,
2026-09-28 22:48:26,FT-101,HIGH_FLOW,HIGH,52.49,NUMERIC,CLEARED,
2026-09-28 22:56:52,TT-101,NORMAL,LOW,59.73,NUMERIC,CLEARED,
2026-09-28 22:57:49,TT-101,NORMAL,LOW,48.93,NUMERIC,CLEARED,
2026-09-28 23:12:53,LT-101,NORMAL,LOW,44.57,NUMERIC,CLEARED,
2026-09-28 23:13:01,M-101,NORMAL,LOW,32.07,NUMERIC,CLEARED,
2026-09-28 23:13:45,PT-101,LOW_PRESSURE,MEDIUM,1.96,NUMERIC,ACTIVE,
2026-09-28 23:14:25,LT-101,NORMAL,LOW,78.13,NUMERIC,CLEARED,
2026-09-28 23:20:33,PT-101,NORMAL,LOW,6.11,NUMERIC,CLEARED,
2026-09-28 23:21:34,LT-101,NORMAL,LOW,67.58,NUMERIC,CLEARED,
2026-09-28 23:22:13,FT-101,NORMAL,LOW,34.28,NUMERIC,CLEARED,
2026-09-28 23:22:35,LT-101,NORMAL,LOW,72.9,NUMERIC,CLEARED,
2026-09-28 23:25:09,LT-101,NORMAL,LOW,41.49,NUMERIC,CLEARED,
2026-09-28 23:26:30,TT-101,NORMAL,LOW,48.37,NUMERIC,CLEARED,
2026-09-28 23:29:03,TT-101,NORMAL,LOW,65.04,NUMERIC,CLEARED,
2026-09-28 23:44:37,FT-101,HIGH_FLOW,HIGH,62.86,NUMERIC,ACTIVE,
2026-09-28 23:45:49,FT-101,NORMAL,LOW,35.85,NUMERIC,CLEARED,
2026-09-28 23:50:41,LT-101,NORMAL,LOW,60.99,NUMERIC,CLEARED,
2026-09-28 23:50:52,PT-101,NORMAL,LOW,4.79,NUMERIC,CLEARED,
2026-09-28 23:50:58,TT-101,NORMAL,LOW,67.97,NUMERIC,CLEARED,
2026-09-28 23:51:49,PT-101,HIGH_PRESSURE,CRITICAL,8.93,NUMERIC,ACTIVE,
2026-09-29 00:03:47,TT-101,NORMAL,LOW,50.73,NUMERIC,CLEARED,
2026-09-29 00:12:44,LT-101,NORMAL,LOW,60.49,NUMERIC,CLEARED,
2026-09-29 00:31:54,PT-101,LOW_PRESSURE,MEDIUM,0.58,NUMERIC,CLEARED,
2026-09-29 00:35:27,V-101,NORMAL,LOW,60.33,NUMERIC,CLEARED,
2026-09-29 00:48:12,FT-101,NORMAL,LOW,35.73,NUMERIC,CLEARED,
2026-09-29 00:50:45,PT-101,NORMAL,LOW,5.12,NUMERIC,CLEARED,
2026-09-29 00:54:21,FT-101,NORMAL,LOW,26.25,NUMERIC,CLEARED,
2026-09-29 00:56:50,M-101,NORMAL,LOW,13.26,NUMERIC,CLEARED,
2026-09-29 00:57:47,LT-101,NORMAL,LOW,,NULL,CLEARED,MISSING_VALUE
2026-09-29 00:57:47,LT-101,NORMAL,LOW,74.62,NUMERIC,CLEARED,
2026-09-29 00:59:34,M-101,NORMAL,LOW,27.17,NUMERIC,CLEARED,
2026-09-29 00:59:53,TT-101,NORMAL,LOW,46.59,NUMERIC,CLEARED,
2026-09-29 01:07:43,TT-101,NORMAL,LOW,52.39,NUMERIC,CLEARED,
2026-09-29 01:13:57,LT-101,NORMAL,LOW,40.46,NUMERIC,CLEARED,
2026-09-29 01:14:53,TT-101,NORMAL,LOW,69.86,NUMERIC,CLEARED,
2026-09-29 01:16:29,PT-101,NORMAL,LOW,5.27,NUMERIC,CLEARED,
2026-09-29 01:17:59,FT-101,NORMAL,LOW,26.03,NUMERIC,CLEARED,
2026-09-29 01:18:38,TT-101,NORMAL,LOW,53.02,NUMERIC,CLEARED,
2026-09-29 01:29:00,PT-101,NORMAL,LOW,6.37,NUMERIC,CLEARED,
2026-09-29 01:30:18,FT-101,HIGH_FLOW,HIGH,57.77,NUMERIC,ACTIVE,
2026-09-29 01:36:49,LT-101,NORMAL,LOW,75.04,NUMERIC,CLEARED,
2026-09-29 01:38:38,TT-101,NORMAL,LOW,47.76,NUMERIC,CLEARED,
2026-09-29 01:46:53,PT-101,NORMAL,LOW,6.24,NUMERIC,CLEARED,
2026-09-29 01:49:01,M-101,NORMAL,LOW,8.66,NUMERIC,CLEARED,
2026-09-29 01:54:44,PT-101,NORMAL,LOW,6.12,NUMERIC,CLEARED,
2026-09-29 01:57:54,TT-101,NORMAL,LOW,56.77,NUMERIC,CLEARED,
2026-09-29 02:11:21,P-101,COMMUNICATION_LOST,MEDIUM,,NULL,CLEARED,MISSING_VALUE
2026-09-29 02:14:04,LT-101,NORMAL,LOW,44.13,NUMERIC,CLEARED,
2026-09-29 02:36:52,PT-101,NORMAL,LOW,4.18,NUMERIC,CLEARED,
2026-09-29 02:39:29,LT-101,NORMAL,LOW,49.45,NUMERIC,CLEARED,
2026-09-29 02:40:59,PT-101,NORMAL,LOW,4.48,NUMERIC,CLEARED,
2026-09-29 02:53:16,M-101,NORMAL,LOW,28.99,NUMERIC,CLEARED,
2026-09-29 02:53:49,TT-101,HIGH_TEMPERATURE,HIGH,97.99,NUMERIC,ACTIVE,
2026-09-29 03:00:47,LT-101,NORMAL,LOW,66.45,NUMERIC,CLEARED,
2026-09-29 03:13:40,TT-101,NORMAL,LOW,70.17,NUMERIC,CLEARED,
2026-09-29 03:15:22,LT-101,NORMAL,LOW,61.79,NUMERIC,CLEARED,
2026-09-29 03:17:58,LT-101,NORMAL,LOW,40.33,NUMERIC,CLEARED,
2026-09-29 03:18:32,FT-101,NORMAL,LOW,26.11,NUMERIC,CLEARED,
2026-09-29 03:19:44,LT-101,NORMAL,LOW,48.3,NUMERIC,CLEARED,
2026-09-29 03:21:28,PT-101,NORMAL,LOW,5.3,NUMERIC,CLEARED,
2026-09-29 03:21:29,PT-101,NORMAL,LOW,5.18,NUMERIC,CLEARED,
2026-09-29 03:24:13,M-101,NORMAL,LOW,14.69,NUMERIC,CLEARED,
2026-09-29 03:28:17,LT-101,NORMAL,LOW,57.79,NUMERIC,CLEARED,
2026-09-29 03:42:38,V-101,NORMAL,LOW,91.91,NUMERIC,CLEARED,
2026-09-29 03:52:24,FT-101,NORMAL,LOW,25.99,NUMERIC,CLEARED,
2026-09-29 03:53:17,TT-101,NORMAL,LOW,59.35,NUMERIC,CLEARED,
2026-09-29 03:59:57,FT-101,NORMAL,LOW,24.83,NUMERIC,CLEARED,
2026-09-29 04:03:19,TT-101,NORMAL,LOW,45.82,NUMERIC,CLEARED,
2026-09-29 04:07:28,LT-101,NORMAL,LOW,71.47,NUMERIC,CLEARED,
2026-09-29 04:11:45,FT-101,NORMAL,LOW,26.47,NUMERIC,CLEARED,
2026-09-29 04:14:16,PT-101,NORMAL,LOW,5.99,NUMERIC,CLEARED,
2026-09-29 04:17:12,PT-101,NORMAL,LOW,,NULL,CLEARED,MISSING_VALUE
2026-09-29 04:21:55,FT-101,NORMAL,LOW,26.03,NUMERIC,CLEARED,
2026-09-29 04:22:33,TT-101,NORMAL,LOW,56.68,NUMERIC,CLEARED,
2026-09-29 04:24:06,TT-101,NORMAL,LOW,51.25,NUMERIC,CLEARED,
2026-09-29 04:26:09,LT-101,NORMAL,LOW,50.45,NUMERIC,CLEARED,
2026-09-29 04:26:54,FT-101,NORMAL,LOW,38.72,NUMERIC,CLEARED,
2026-09-29 04:29:08,PT-101,NORMAL,LOW,6.82,NUMERIC,CLEARED,
2026-09-29 04:31:14,LT-101,NORMAL,LOW,76.37,NUMERIC,CLEARED,
2026-09-29 04:32:55,LT-101,NORMAL,LOW,66.93,NUMERIC,CLEARED,
2026-09-29 04:38:12,TT-101,NORMAL,LOW,66.32,NUMERIC,CLEARED,
2026-09-29 04:52:11,PT-101,NORMAL,LOW,6.69,NUMERIC,CLEARED,
2026-09-29 04:59:45,LT-101,NORMAL,LOW,69.19,NUMERIC,CLEARED,
2026-09-29 05:00:13,PT-101,NORMAL,LOW,6.91,NUMERIC,CLEARED,
2026-09-29 05:13:44,LT-101,NORMAL,LOW,63.43,NUMERIC,CLEARED,
2026-09-29 05:16:20,TT-101,NORMAL,LOW,51.29,NUMERIC,CLEARED,
2026-09-29 05:22:58,PT-101,NORMAL,LOW,6.78,NUMERIC,CLEARED,
2026-09-29 05:24:36,FT-101,NORMAL,LOW,29.04,NUMERIC,CLEARED,
2026-09-29 05:31:43,LT-101,NORMAL,LOW,42.72,NUMERIC,CLEARED,
2026-09-29 05:45:33,FT-101,NORMAL,LOW,34.22,NUMERIC,CLEARED,
2026-09-29 05:59:03,TT-101,NORMAL,LOW,59.97,NUMERIC,CLEARED,
2026-09-29 06:27:23,PT-101,NORMAL,LOW,5.93,NUMERIC,CLEARED,
2026-09-29 06:34:07,LT-101,NORMAL,LOW,43.95,NUMERIC,CLEARED,
2026-09-29 06:44:08,LT-101,NORMAL,LOW,78.29,NUMERIC,CLEARED,
2026-09-29 06:44:21,V-101,NORMAL,LOW,28.06,NUMERIC,CLEARED,
2026-09-29 06:53:36,TT-101,NORMAL,LOW,72.01,NUMERIC,CLEARED,
2026-09-29 06:54:32,M-101,NORMAL,LOW,16.9,NUMERIC,CLEARED,
2026-09-29 06:56:25,LT-101,NORMAL,LOW,48.35,NUMERIC,CLEARED,
2026-09-29 07:03:23,TT-101,NORMAL,LOW,57.91,NUMERIC,CLEARED,
2026-09-29 07:04:04,LT-101,NORMAL,LOW,64.73,NUMERIC,CLEARED,
2026-09-29 07:11:13,PT-101,NORMAL,LOW,5.72,NUMERIC,CLEARED,
2026-09-29 07:18:40,PT-101,NORMAL,LOW,5.21,NUMERIC,CLEARED,
2026-09-29 07:24:58,FT-101,NORMAL,LOW,24.11,NUMERIC,CLEARED,
2026-09-29 07:25:38,PT-101,NORMAL,LOW,5.49,NUMERIC,CLEARED,
2026-09-29 07:32:54,M-101,NORMAL,LOW,34.26,NUMERIC,CLEARED,
2026-09-29 07:33:48,PT-101,NORMAL,LOW,5.17,NUMERIC,CLEARED,
2026-09-29 07:34:11,V-101,NORMAL,LOW,28.42,NUMERIC,CLEARED,
2026-09-29 07:38:08,M-101,NORMAL,LOW,27.73,NUMERIC,CLEARED,
2026-09-29 07:38:38,TT-101,NORMAL,LOW,46.64,NUMERIC,CLEARED,
2026-09-29 07:38:42,PT-101,NORMAL,LOW,4.72,NUMERIC,CLEARED,
2026-09-29 07:43:05,LT-101,NORMAL,LOW,77.26,NUMERIC,CLEARED,
2026-09-29 07:46:20,PT-101,NORMAL,LOW,6.77,NUMERIC,CLEARED,
2026-09-29 07:46:43,FT-101,NORMAL,LOW,35.58,NUMERIC,CLEARED,
2026-09-29 07:54:29,LT-101,NORMAL,LOW,53.6,NUMERIC,CLEARED,
2026-09-29 07:54:49,PT-101,NORMAL,LOW,4.16,NUMERIC,CLEARED,
2026-09-29 08:03:44,PT-101,NORMAL,LOW,6.94,NUMERIC,CLEARED,
2026-09-29 08:12:34,LT-101,NORMAL,LOW,67.8,NUMERIC,CLEARED,
2026-09-29 08:15:20,LT-101,NORMAL,LOW,48.72,NUMERIC,CLEARED,
2026-09-29 08:21:02,M-101,HIGH_CURRENT,HIGH,45.21,NUMERIC,ACTIVE,
2026-09-29 08:24:47,PT-101,NORMAL,LOW,6.6,NUMERIC,CLEARED,
2026-09-29 08:30:06,PT-101,NORMAL,LOW,5.26,NUMERIC,CLEARED,
2026-09-29 08:36:58,FT-101,NORMAL,LOW,21.14,NUMERIC,CLEARED,
2026-09-29 08:42:33,V-101,NORMAL,LOW,51.55,NUMERIC,CLEARED,
2026-09-29 08:45:47,FT-101,NORMAL,LOW,37.44,NUMERIC,CLEARED,
2026-09-29 08:50:14,PT-101,NORMAL,LOW,5.79,NUMERIC,CLEARED,
2026-09-29 08:57:18,FT-101,LOW_FLOW,MEDIUM,8.3,NUMERIC,CLEARED,
2026-09-29 08:58:40,TT-101,NORMAL,LOW,65.78,NUMERIC,CLEARED,
2026-09-29 09:00:29,PT-101,HIGH_PRESSURE,CRITICAL,9.93,NUMERIC,ACTIVE,
2026-09-29 09:02:46,FT-101,NORMAL,LOW,28.16,NUMERIC,CLEARED,
2026-09-29 09:05:31,TT-101,NORMAL,LOW,52.88,NUMERIC,CLEARED,
2026-09-29 09:14:03,LT-101,NORMAL,LOW,71.2,NUMERIC,CLEARED,
2026-09-29 09:16:53,LT-101,NORMAL,LOW,66.13,NUMERIC,CLEARED,
2026-09-29 09:19:11,TT-101,NORMAL,LOW,72.42,NUMERIC,CLEARED,
2026-09-29 09:20:32,FT-101,NORMAL,LOW,33.57,NUMERIC,CLEARED,
2026-09-29 09:28:28,LT-101,NORMAL,LOW,72.6,NUMERIC,CLEARED,
2026-09-29 09:31:36,TT-101,NORMAL,LOW,58.76,NUMERIC,CLEARED,
2026-09-29 09:32:57,V-101,NORMAL,LOW,46.65,NUMERIC,CLEARED,
2026-09-29 09:41:32,P-101,NORMAL,LOW,,NULL,CLEARED,MISSING_VALUE
2026-09-29 09:45:35,PT-101,NORMAL,LOW,5.9,NUMERIC,CLEARED,
2026-09-29 09:46:49,M-101,NORMAL,LOW,,NULL,CLEARED,MISSING_VALUE
2026-09-29 09:47:30,LT-101,NORMAL,LOW,50.87,NUMERIC,CLEARED,
2026-09-29 09:48:31,LT-101,NORMAL,LOW,76.98,NUMERIC,CLEARED,
2026-09-29 09:59:57,LT-101,NORMAL,LOW,64.97,NUMERIC,CLEARED,
2026-09-29 10:07:48,TT-101,NORMAL,LOW,58.53,NUMERIC,CLEARED,
2026-09-29 10:11:56,TT-101,NORMAL,LOW,58.65,NUMERIC,CLEARED,
2026-09-29 10:12:22,PT-101,NORMAL,LOW,4.39,NUMERIC,CLEARED,
2026-09-29 10:16:00,FT-101,NORMAL,LOW,35.12,NUMERIC,CLEARED,
2026-09-29 10:16:33,FT-101,NORMAL,LOW,27.46,NUMERIC,CLEARED,
2026-09-29 10:20:40,V-101,NORMAL,LOW,4.87,NUMERIC,CLEARED,
2026-09-29 10:33:13,TT-101,NORMAL,LOW,69.24,NUMERIC,CLEARED,
2026-09-29 10:37:12,TT-101,NORMAL,LOW,47.98,NUMERIC,CLEARED,
2026-09-29 10:38:01,V-101,NORMAL,LOW,50.85,NUMERIC,CLEARED,
2026-09-29 10:41:21,PT-101,NORMAL,LOW,6.39,NUMERIC,CLEARED,
2026-09-29 10:42:54,FT-101,NORMAL,LOW,22.06,NUMERIC,CLEARED,
2026-09-29 10:47:28,TT-101,NORMAL,LOW,64.22,NUMERIC,CLEARED,
2026-09-29 10:50:40,TT-101,NORMAL,LOW,69.32,NUMERIC,CLEARED,
2026-09-29 11:00:00,FT-101,NORMAL,LOW,39.19,NUMERIC,CLEARED,
2026-09-29 11:06:59,M-101,NORMAL,LOW,15.98,NUMERIC,CLEARED,
2026-09-29 11:11:06,LT-101,NORMAL,LOW,60.67,NUMERIC,CLEARED,
2026-09-29 11:13:10,FT-101,LOW_FLOW,MEDIUM,7.58,NUMERIC,ACKNOWLEDGED,
2026-09-29 11:16:42,LT-101,NORMAL,LOW,56.07,NUMERIC,CLEARED,
2026-09-29 11:18:41,LT-101,NORMAL,LOW,48.12,NUMERIC,CLEARED,
2026-09-29 11:33:03,PT-101,NORMAL,LOW,6.55,NUMERIC,CLEARED,
2026-09-29 11:39:55,FT-101,NORMAL,LOW,25.77,NUMERIC,CLEARED,
2026-09-29 11:43:32,FT-101,NORMAL,LOW,39.38,NUMERIC,CLEARED,
2026-09-29 11:43:49,FT-101,NORMAL,LOW,24.5,NUMERIC,CLEARED,
2026-09-29 11:45:51,LT-101,NORMAL,LOW,63.09,NUMERIC,CLEARED,
2026-09-29 11:47:37,FT-101,NORMAL,LOW,29.67,NUMERIC,CLEARED,
2026-09-29 11:54:36,FT-101,NORMAL,LOW,32.23,NUMERIC,CLEARED,
2026-09-29 12:02:49,LT-101,NORMAL,LOW,52.41,NUMERIC,CLEARED,
2026-09-29 12:05:29,LT-101,NORMAL,LOW,67.16,NUMERIC,CLEARED,
2026-09-29 12:05:31,FT-101,NORMAL,LOW,32.81,NUMERIC,CLEARED,
2026-09-29 12:16:26,TT-101,NORMAL,LOW,68.91,NUMERIC,CLEARED,
2026-09-29 12:20:46,LT-101,NORMAL,LOW,72.01,NUMERIC,CLEARED,
2026-09-29 12:25:35,LT-101,NORMAL,LOW,40.98,NUMERIC,CLEARED,
2026-09-29 12:37:44,M-101,NORMAL,LOW,8.71,NUMERIC,CLEARED,
2026-09-29 12:38:15,P-102,COMMUNICATION_LOST,MEDIUM,,NULL,CLEARED,MISSING_VALUE
2026-09-29 12:41:43,FT-101,NORMAL,LOW,27.57,NUMERIC,CLEARED,
2026-09-29 12:44:12,LT-101,HIGH_LEVEL,CRITICAL,91.8,NUMERIC,ACTIVE,
2026-09-29 12:46:24,TT-101,NORMAL,LOW,47.07,NUMERIC,CLEARED,
2026-09-29 12:47:11,M-101,NORMAL,LOW,12.34,NUMERIC,CLEARED,
2026-09-29 12:47:18,PT-101,NORMAL,LOW,5.5,NUMERIC,CLEARED,
2026-09-29 12:58:51,M-101,NORMAL,LOW,8.29,NUMERIC,CLEARED,
2026-09-29 12:59:34,PT-101,NORMAL,LOW,4.44,NUMERIC,CLEARED,
2026-09-29 13:04:33,V-101,NORMAL,LOW,37.71,NUMERIC,CLEARED,
2026-09-29 13:08:32,TT-101,NORMAL,LOW,61.17,NUMERIC,CLEARED,
2026-09-29 13:09:40,FT-101,LOW_FLOW,MEDIUM,8.95,NUMERIC,CLEARED,
2026-09-29 13:13:05,FT-101,NORMAL,LOW,35.21,NUMERIC,CLEARED,
2026-09-29 13:18:11,V-101,NORMAL,LOW,79.79,NUMERIC,CLEARED,
2026-09-29 13:25:00,M-101,NORMAL,LOW,17.13,NUMERIC,CLEARED,
2026-09-29 13:31:06,V-101,NORMAL,LOW,64.76,NUMERIC,CLEARED,
2026-09-29 13:39:13,M-101,NORMAL,LOW,12.88,NUMERIC,CLEARED,
2026-09-29 13:40:03,FT-101,NORMAL,LOW,32.62,NUMERIC,CLEARED,
2026-09-29 13:40:48,TT-101,NORMAL,LOW,61.82,NUMERIC,CLEARED,
2026-09-29 13:40:53,PT-101,NORMAL,LOW,4.89,NUMERIC,CLEARED,
2026-09-29 13:51:03,PT-101,NORMAL,LOW,5.15,NUMERIC,CLEARED,
2026-09-29 13:53:13,TT-101,NORMAL,LOW,70.99,NUMERIC,CLEARED,
2026-09-29 14:01:44,LT-101,NORMAL,LOW,50.24,NUMERIC,CLEARED,
2026-09-29 14:04:09,TT-101,NORMAL,LOW,47.21,NUMERIC,CLEARED,
2026-09-29 14:21:04,PT-101,NORMAL,LOW,6.29,NUMERIC,CLEARED,
2026-09-29 14:22:33,M-101,NORMAL,LOW,10.78,NUMERIC,CLEARED,
2026-09-29 14:26:42,TT-101,NORMAL,LOW,46.18,NUMERIC,CLEARED,
2026-09-29 14:26:55,FT-101,NORMAL,LOW,34.15,NUMERIC,CLEARED,
2026-09-29 14:30:25,FT-101,NORMAL,LOW,37.09,NUMERIC,CLEARED,
2026-09-29 14:36:02,PT-101,NORMAL,LOW,6.9,NUMERIC,CLEARED,
2026-09-29 14:38:47,FT-101,NORMAL,LOW,29.36,NUMERIC,CLEARED,
2026-09-29 14:47:32,FT-101,NORMAL,LOW,28.95,NUMERIC,CLEARED,
2026-09-29 14:48:05,LT-101,NORMAL,LOW,63.87,NUMERIC,CLEARED,
2026-09-29 14:59:13,LT-101,NORMAL,LOW,60.07,NUMERIC,CLEARED,
2026-09-29 15:01:53,TT-101,NORMAL,LOW,57.68,NUMERIC,CLEARED,
2026-09-29 15:02:22,PT-101,NORMAL,LOW,5.29,NUMERIC,CLEARED,
2026-09-29 15:08:34,TT-101,NORMAL,LOW,65.46,NUMERIC,CLEARED,
2026-09-29 15:16:06,PT-101,NORMAL,LOW,6.79,NUMERIC,CLEARED,
2026-09-29 15:18:35,FT-101,NORMAL,LOW,20.94,NUMERIC,CLEARED,
2026-09-29 15:24:35,TT-101,NORMAL,LOW,63.31,NUMERIC,CLEARED,
2026-09-29 15:26:31,FT-101,NORMAL,LOW,31.58,NUMERIC,CLEARED,
2026-09-29 15:29:08,TT-101,NORMAL,LOW,74.1,NUMERIC,CLEARED,
2026-09-29 15:30:20,FT-101,NORMAL,LOW,27.09,NUMERIC,CLEARED,
2026-09-29 15:32:37,FT-101,HIGH_FLOW,HIGH,54.02,NUMERIC,CLEARED,
2026-09-29 15:35:26,TT-101,NORMAL,LOW,57.95,NUMERIC,CLEARED,
2026-09-29 15:39:10,PT-101,NORMAL,LOW,6.31,NUMERIC,CLEARED,
2026-09-29 15:44:17,V-101,NORMAL,LOW,14.19,NUMERIC,CLEARED,
2026-09-29 15:46:02,PT-101,NORMAL,LOW,4.54,NUMERIC,CLEARED,
2026-09-29 15:47:58,V-101,NORMAL,LOW,60.17,NUMERIC,CLEARED,
2026-09-29 15:48:11,LT-101,NORMAL,LOW,72.4,NUMERIC,CLEARED,
2026-09-29 15:58:25,LT-101,NORMAL,LOW,61.81,NUMERIC,CLEARED,
2026-09-29 16:01:43,FT-101,NORMAL,LOW,33.84,NUMERIC,CLEARED,
2026-09-29 16:02:31,V-101,NORMAL,LOW,62.95,NUMERIC,CLEARED,
2026-09-29 16:13:36,PT-101,NORMAL,LOW,6.19,NUMERIC,CLEARED,
2026-09-29 16:44:34,FT-101,NORMAL,LOW,35.28,NUMERIC,CLEARED,
2026-09-29 16:45:11,PT-101,LOW_PRESSURE,MEDIUM,2.1,NUMERIC,CLEARED,
2026-09-29 16:47:36,PT-101,NORMAL,LOW,6.98,NUMERIC,CLEARED,
2026-09-29 16:48:09,M-101,NORMAL,LOW,11.92,NUMERIC,CLEARED,
2026-09-29 16:58:56,TT-101,NORMAL,LOW,66.54,NUMERIC,CLEARED,
2026-09-29 17:01:56,TT-101,NORMAL,LOW,70.2,NUMERIC,CLEARED,
2026-09-29 17:04:25,FT-101,NORMAL,LOW,22.65,NUMERIC,CLEARED,
2026-09-29 17:21:38,V-101,NORMAL,LOW,90.09,NUMERIC,CLEARED,
2026-09-29 17:30:24,FT-101,NORMAL,LOW,32.82,NUMERIC,CLEARED,
2026-09-29 17:38:04,TT-101,HIGH_TEMPERATURE,HIGH,101.22,NUMERIC,ACTIVE,
2026-09-29 17:42:14,PT-101,NORMAL,LOW,5.74,NUMERIC,CLEARED,
2026-09-29 17:51:40,TT-101,NORMAL,LOW,62.16,NUMERIC,CLEARED,
2026-09-29 18:12:43,LT-101,NORMAL,LOW,43.8,NUMERIC,CLEARED,
2026-09-29 18:16:58,V-101,NORMAL,LOW,46.49,NUMERIC,CLEARED,
2026-09-29 18:26:29,PT-101,NORMAL,LOW,6.97,NUMERIC,CLEARED,
2026-09-29 18:34:00,P-102,PUMP_FAILURE,CRITICAL,STOPPED,STATE,ACTIVE,
2026-09-29 18:45:14,FT-101,NORMAL,LOW,34.91,NUMERIC,CLEARED,
2026-09-29 18:45:42,LT-101,NORMAL,LOW,70.65,NUMERIC,CLEARED,
2026-09-29 18:45:46,LT-101,NORMAL,LOW,68.53,NUMERIC,CLEARED,
2026-09-29 18:45:54,FT-101,NORMAL,LOW,39.18,NUMERIC,CLEARED,
2026-09-29 18:46:55,TT-101,NORMAL,LOW,52.55,NUMERIC,CLEARED,
2026-09-29 18:49:31,TT-101,NORMAL,LOW,59.39,NUMERIC,CLEARED,
2026-09-29 19:03:25,V-101,NORMAL,LOW,50.47,NUMERIC,CLEARED,
2026-09-29 19:05:01,TT-101,NORMAL,LOW,61.65,NUMERIC,CLEARED,
2026-09-29 19:18:40,PT-101,NORMAL,LOW,4.98,NUMERIC,CLEARED,
2026-09-29 19:23:07,V-101,NORMAL,LOW,35.23,NUMERIC,CLEARED,
2026-09-29 19:32:57,FT-101,NORMAL,LOW,36.93,NUMERIC,CLEARED,
2026-09-29 19:39:02,LT-101,NORMAL,LOW,72.39,NUMERIC,CLEARED,
2026-09-29 19:43:41,FT-101,NORMAL,LOW,35.99,NUMERIC,CLEARED,
2026-09-29 19:44:21,PT-101,NORMAL,LOW,6.53,NUMERIC,CLEARED,
2026-09-29 19:44:33,M-101,NORMAL,LOW,29.12,NUMERIC,CLEARED,
2026-09-29 19:47:42,LT-101,HIGH_LEVEL,CRITICAL,98.33,NUMERIC,ACKNOWLEDGED,
2026-09-29 19:50:24,FT-101,NORMAL,LOW,28.17,NUMERIC,CLEARED,
2026-09-29 19:55:26,FT-101,NORMAL,LOW,24.79,NUMERIC,CLEARED,
2026-09-29 19:57:40,TT-101,NORMAL,LOW,71.66,NUMERIC,CLEARED,
2026-09-29 20:04:09,PT-101,NORMAL,LOW,5.3,NUMERIC,CLEARED,
2026-09-29 20:07:02,PT-101,NORMAL,LOW,5.21,NUMERIC,CLEARED,
2026-09-29 20:27:09,PT-101,NORMAL,LOW,5.13,NUMERIC,CLEARED,
2026-09-29 20:27:37,TT-101,NORMAL,LOW,47.59,NUMERIC,CLEARED,
2026-09-29 20:28:14,LT-101,NORMAL,LOW,73.27,NUMERIC,CLEARED,
2026-09-29 20:31:04,PT-101,NORMAL,LOW,5.95,NUMERIC,CLEARED,
2026-09-29 20:39:29,P-101,NORMAL,LOW,,NULL,CLEARED,MISSING_VALUE
2026-09-29 20:46:44,P-101,PUMP_FAILURE,CRITICAL,STOPPED,STATE,ACKNOWLEDGED,
2026-09-29 20:46:58,V-101,NORMAL,LOW,14.56,NUMERIC,CLEARED,
2026-09-29 20:48:20,LT-101,NORMAL,LOW,65.45,NUMERIC,CLEARED,
2026-09-29 20:59:36,TT-101,HIGH_TEMPERATURE,HIGH,101.08,NUMERIC,ACTIVE,
2026-09-29 21:04:03,V-101,NORMAL,LOW,52.84,NUMERIC,CLEARED,
2026-09-29 21:05:57,LT-101,NORMAL,LOW,47.08,NUMERIC,CLEARED,
2026-09-29 21:09:31,V-101,NORMAL,LOW,45.46,NUMERIC,CLEARED,
2026-09-29 21:13:49,TT-101,NORMAL,LOW,61.53,NUMERIC,CLEARED,
2026-09-29 21:29:38,FT-101,NORMAL,LOW,28.42,NUMERIC,CLEARED,
2026-09-29 21:50:22,V-101,NORMAL,LOW,81.62,NUMERIC,CLEARED,
2026-09-29 21:58:42,PT-101,NORMAL,LOW,5.96,NUMERIC,CLEARED,
2026-09-29 22:02:14,PT-101,NORMAL,LOW,4.49,NUMERIC,CLEARED,
2026-09-29 22:08:58,PT-101,NORMAL,LOW,6.24,NUMERIC,CLEARED,
2026-09-29 22:16:02,FT-101,NORMAL,LOW,29.18,NUMERIC,CLEARED,
2026-09-29 22:18:45,TT-101,NORMAL,LOW,73.98,NUMERIC,CLEARED,
2026-09-29 22:21:12,FT-101,NORMAL,LOW,38.64,NUMERIC,CLEARED,
2026-09-29 22:22:08,V-101,NORMAL,LOW,14.76,NUMERIC,CLEARED,
2026-09-29 22:27:25,FT-101,NORMAL,LOW,32.35,NUMERIC,CLEARED,
2026-09-29 22:36:02,TT-101,NORMAL,LOW,54.45,NUMERIC,CLEARED,
2026-09-29 22:36:12,P-102,COMMUNICATION_LOST,MEDIUM,,NULL,CLEARED,MISSING_VALUE
2026-09-29 22:39:37,TT-101,NORMAL,LOW,50.34,NUMERIC,CLEARED,
2026-09-29 22:41:41,V-101,NORMAL,LOW,72.05,NUMERIC,CLEARED,
2026-09-29 22:45:19,LT-101,NORMAL,LOW,65.48,NUMERIC,CLEARED,
2026-09-29 22:49:49,TT-101,HIGH_TEMPERATURE,HIGH,89.08,NUMERIC,ACTIVE,
2026-09-29 22:56:35,FT-101,LOW_FLOW,MEDIUM,6.37,NUMERIC,ACKNOWLEDGED,
2026-09-29 23:02:24,V-101,NORMAL,LOW,85.27,NUMERIC,CLEARED,
2026-09-29 23:09:11,FT-101,NORMAL,LOW,20.1,NUMERIC,CLEARED,
2026-09-29 23:16:01,PT-101,NORMAL,LOW,4.95,NUMERIC,CLEARED,
2026-09-29 23:21:20,FT-101,NORMAL,LOW,30.33,NUMERIC,CLEARED,
2026-09-29 23:26:42,FT-101,NORMAL,LOW,30.76,NUMERIC,CLEARED,
2026-09-29 23:27:00,V-101,NORMAL,LOW,62.93,NUMERIC,CLEARED,
2026-09-29 23:32:44,PT-101,NORMAL,LOW,6.61,NUMERIC,CLEARED,
2026-09-29 23:33:18,FT-101,NORMAL,LOW,35.55,NUMERIC,CLEARED,
2026-09-29 23:41:34,PT-101,NORMAL,LOW,6.6,NUMERIC,CLEARED,
2026-09-29 23:53:03,LT-101,NORMAL,LOW,79.22,NUMERIC,CLEARED,
2026-09-30 00:05:11,PT-101,NORMAL,LOW,5.4,NUMERIC,CLEARED,
2026-09-30 00:08:26,V-101,NORMAL,LOW,59.09,NUMERIC,CLEARED,
2026-09-30 00:12:31,PT-101,NORMAL,LOW,5.21,NUMERIC,CLEARED,
2026-09-30 00:14:09,M-101,NORMAL,LOW,6.2,NUMERIC,CLEARED,
2026-09-30 00:14:22,FT-101,NORMAL,LOW,32.92,NUMERIC,CLEARED,
2026-09-30 00:17:49,PT-101,HIGH_PRESSURE,CRITICAL,8.94,NUMERIC,ACTIVE,
2026-09-30 00:22:35,FT-101,LOW_FLOW,MEDIUM,2.91,NUMERIC,ACTIVE,
2026-09-30 00:24:51,PT-101,NORMAL,LOW,6.29,NUMERIC,CLEARED,
2026-09-30 00:25:42,TT-101,NORMAL,LOW,57.09,NUMERIC,CLEARED,
2026-09-30 00:29:38,LT-101,NORMAL,LOW,70.51,NUMERIC,CLEARED,
2026-09-30 00:39:48,LT-101,NORMAL,LOW,64.55,NUMERIC,CLEARED,
2026-09-30 00:58:25,LT-101,NORMAL,LOW,69.16,NUMERIC,CLEARED,
2026-09-30 00:58:48,TT-101,NORMAL,LOW,57.99,NUMERIC,CLEARED,
2026-09-30 01:05:50,TT-101,NORMAL,LOW,69.16,NUMERIC,CLEARED,
2026-09-30 01:06:18,LT-101,NORMAL,LOW,60.93,NUMERIC,CLEARED,
2026-09-30 01:07:27,V-101,NORMAL,LOW,7.3,NUMERIC,CLEARED,
2026-09-30 01:14:17,FT-101,NORMAL,LOW,26.67,NUMERIC,CLEARED,
2026-09-30 01:40:52,FT-101,NORMAL,LOW,24.05,NUMERIC,CLEARED,
2026-09-30 01:42:46,V-101,NORMAL,LOW,44.06,NUMERIC,CLEARED,
2026-09-30 02:00:18,TT-101,NORMAL,LOW,48.52,NUMERIC,CLEARED,
2026-09-30 02:07:39,TT-101,NORMAL,LOW,59.56,NUMERIC,CLEARED,
2026-09-30 02:20:40,V-101,NORMAL,LOW,87.67,NUMERIC,CLEARED,
2026-09-30 02:22:22,TT-101,NORMAL,LOW,70.45,NUMERIC,CLEARED,
2026-09-30 02:25:33,PT-101,NORMAL,LOW,5.82,NUMERIC,CLEARED,
2026-09-30 02:42:12,LT-101,NORMAL,LOW,54.16,NUMERIC,CLEARED,
2026-09-30 02:47:53,TT-101,NORMAL,LOW,58.79,NUMERIC,CLEARED,
2026-09-30 02:48:56,PT-101,NORMAL,LOW,4.62,NUMERIC,CLEARED,
2026-09-30 02:55:54,LT-101,NORMAL,LOW,57.07,NUMERIC,CLEARED,
2026-09-30 02:59:14,PT-101,NORMAL,LOW,6.46,NUMERIC,CLEARED,
2026-09-30 03:05:22,FT-101,NORMAL,LOW,21.14,NUMERIC,CLEARED,
2026-09-30 03:08:49,PT-101,NORMAL,LOW,6.57,NUMERIC,CLEARED,
2026-09-30 03:09:13,PT-101,NORMAL,LOW,6.19,NUMERIC,CLEARED,
2026-09-30 03:12:26,FT-101,NORMAL,LOW,31.76,NUMERIC,CLEARED,
2026-09-30 03:12:59,FT-101,NORMAL,LOW,24.04,NUMERIC,CLEARED,
2026-09-30 03:20:26,PT-101,NORMAL,LOW,5.11,NUMERIC,CLEARED,
2026-09-30 03:24:45,FT-101,NORMAL,LOW,32.83,NUMERIC,CLEARED,
2026-09-30 03:24:55,V-101,NORMAL,LOW,43.73,NUMERIC,CLEARED,
2026-09-30 03:27:23,TT-101,NORMAL,LOW,69.38,NUMERIC,CLEARED,
2026-09-30 03:37:40,LT-101,NORMAL,LOW,57.37,NUMERIC,CLEARED,
2026-09-30 03:41:12,LT-101,NORMAL,LOW,44.14,NUMERIC,CLEARED,
2026-09-30 03:42:54,PT-101,NORMAL,LOW,4.26,NUMERIC,CLEARED,
2026-09-30 03:45:00,PT-101,NORMAL,LOW,4.58,NUMERIC,CLEARED,
2026-09-30 03:45:04,PT-101,NORMAL,LOW,6.11,NUMERIC,CLEARED,
2026-09-30 03:53:19,FT-101,NORMAL,LOW,37.84,NUMERIC,CLEARED,
2026-09-30 03:53:23,TT-101,NORMAL,LOW,68.6,NUMERIC,CLEARED,
2026-09-30 04:07:36,TT-101,NORMAL,LOW,58.99,NUMERIC,CLEARED,
2026-09-30 04:07:49,M-101,NORMAL,LOW,27.74,NUMERIC,CLEARED,
2026-09-30 04:11:31,LT-101,NORMAL,LOW,69.17,NUMERIC,CLEARED,
2026-09-30 04:18:21,FT-101,NORMAL,LOW,20.63,NUMERIC,CLEARED,
2026-09-30 04:19:40,PT-101,NORMAL,LOW,5,NUMERIC,CLEARED,
2026-09-30 04:28:05,FT-101,NORMAL,LOW,28.84,NUMERIC,CLEARED,
2026-09-30 04:48:20,LT-101,NORMAL,LOW,64.29,NUMERIC,CLEARED,
2026-09-30 04:53:05,PT-101,NORMAL,LOW,5.01,NUMERIC,CLEARED,
2026-09-30 04:56:00,V-101,NORMAL,LOW,91.74,NUMERIC,CLEARED,
2026-09-30 04:58:41,PT-101,NORMAL,LOW,5.92,NUMERIC,CLEARED,
2026-09-30 04:59:16,LT-101,NORMAL,LOW,42.25,NUMERIC,CLEARED,
2026-09-30 05:08:00,V-101,COMMUNICATION_LOST,MEDIUM,,NULL,ACKNOWLEDGED,MISSING_VALUE
2026-09-30 05:11:19,PT-101,NORMAL,LOW,4.39,NUMERIC,CLEARED,
2026-09-30 05:13:17,FT-101,NORMAL,LOW,38.34,NUMERIC,CLEARED,
2026-09-30 05:14:58,FT-101,NORMAL,LOW,28.1,NUMERIC,CLEARED,
2026-09-30 05:20:29,LT-101,NORMAL,LOW,42.78,NUMERIC,CLEARED,
2026-09-30 05:26:26,LT-101,NORMAL,LOW,52.42,NUMERIC,CLEARED,
2026-09-30 05:43:02,PT-101,NORMAL,LOW,5.44,NUMERIC,CLEARED,
2026-09-30 05:43:56,PT-101,LOW_PRESSURE,MEDIUM,1.96,NUMERIC,CLEARED,
2026-09-30 05:51:33,LT-101,NORMAL,LOW,64.78,NUMERIC,CLEARED,
2026-09-30 06:00:14,PT-101,NORMAL,LOW,6.97,NUMERIC,CLEARED,
2026-09-30 06:03:48,FT-101,NORMAL,LOW,35.33,NUMERIC,CLEARED,
2026-09-30 06:11:50,FT-101,NORMAL,LOW,25.04,NUMERIC,CLEARED,
2026-09-30 06:12:10,FT-101,NORMAL,LOW,26.03,NUMERIC,CLEARED,
2026-09-30 06:17:50,LT-101,NORMAL,LOW,79.23,NUMERIC,CLEARED,
2026-09-30 06:22:17,PT-101,NORMAL,LOW,6.21,NUMERIC,CLEARED,
2026-09-30 06:27:18,TT-101,NORMAL,LOW,,NULL,CLEARED,MISSING_VALUE
2026-09-30 06:28:53,V-101,NORMAL,LOW,60.91,NUMERIC,CLEARED,
2026-09-30 06:32:56,M-101,NORMAL,LOW,22.04,NUMERIC,CLEARED,
2026-09-30 06:35:58,V-101,NORMAL,LOW,90.45,NUMERIC,CLEARED,
2026-09-30 06:46:54,M-101,NORMAL,LOW,5.4,NUMERIC,CLEARED,
2026-09-30 06:50:44,FT-101,NORMAL,LOW,33.75,NUMERIC,CLEARED,
2026-09-30 06:53:16,FT-101,NORMAL,LOW,36.16,NUMERIC,CLEARED,
2026-09-30 06:53:54,LT-101,NORMAL,LOW,52.17,NUMERIC,CLEARED,
2026-09-30 07:05:56,LT-101,NORMAL,LOW,45.21,NUMERIC,CLEARED,
2026-09-30 07:14:46,FT-101,NORMAL,LOW,23.79,NUMERIC,CLEARED,
2026-09-30 07:15:54,M-101,NORMAL,LOW,3.07,NUMERIC,CLEARED,
2026-09-30 07:21:00,FT-101,NORMAL,LOW,29.74,NUMERIC,CLEARED,
2026-09-30 07:54:16,M-101,NORMAL,LOW,26.56,NUMERIC,CLEARED,
2026-09-30 08:04:05,PT-101,NORMAL,LOW,4.11,NUMERIC,CLEARED,
2026-09-30 08:06:12,FT-101,NORMAL,LOW,26.44,NUMERIC,CLEARED,
2026-09-30 08:07:58,V-101,NORMAL,LOW,25.07,NUMERIC,CLEARED,
2026-09-30 08:08:29,TT-101,NORMAL,LOW,54.52,NUMERIC,CLEARED,
2026-09-30 08:11:21,TT-101,NORMAL,LOW,56.19,NUMERIC,CLEARED,
2026-09-30 08:12:41,FT-101,NORMAL,LOW,29.12,NUMERIC,CLEARED,
2026-09-30 08:18:03,V-101,NORMAL,LOW,89.56,NUMERIC,CLEARED,
2026-09-30 08:18:53,FT-101,NORMAL,LOW,26.05,NUMERIC,CLEARED,
2026-09-30 08:24:41,TT-101,NORMAL,LOW,49.1,NUMERIC,CLEARED,
2026-09-30 08:29:02,PT-101,NORMAL,LOW,4.6,NUMERIC,CLEARED,
2026-09-30 08:30:36,FT-101,NORMAL,LOW,22.4,NUMERIC,CLEARED,
2026-09-30 08:33:33,TT-101,NORMAL,LOW,50.67,NUMERIC,CLEARED,
2026-09-30 08:36:51,PT-101,NORMAL,LOW,6.56,NUMERIC,CLEARED,
2026-09-30 08:43:31,FT-101,NORMAL,LOW,35.75,NUMERIC,CLEARED,
2026-09-30 08:50:48,LT-101,NORMAL,LOW,62.27,NUMERIC,CLEARED,
2026-09-30 08:56:07,LT-101,NORMAL,LOW,78.7,NUMERIC,CLEARED,
2026-09-30 09:02:16,LT-101,NORMAL,LOW,68.83,NUMERIC,CLEARED,
2026-09-30 09:04:05,LT-101,NORMAL,LOW,70.05,NUMERIC,CLEARED,
2026-09-30 09:04:12,LT-101,NORMAL,LOW,41.36,NUMERIC,CLEARED,
2026-09-30 09:16:16,FT-101,NORMAL,LOW,36.25,NUMERIC,CLEARED,
2026-09-30 09:16:18,LT-101,NORMAL,LOW,50.72,NUMERIC,CLEARED,
2026-09-30 09:22:24,TT-101,HIGH_TEMPERATURE,HIGH,95.66,NUMERIC,ACKNOWLEDGED,
2026-09-30 09:23:14,LT-101,NORMAL,LOW,56.81,NUMERIC,CLEARED,
2026-09-30 09:26:26,FT-101,NORMAL,LOW,35.76,NUMERIC,CLEARED,
2026-09-30 09:27:43,FT-101,NORMAL,LOW,37.74,NUMERIC,CLEARED,
2026-09-30 09:27:59,TT-101,NORMAL,LOW,72.43,NUMERIC,CLEARED,
2026-09-30 09:28:04,TT-101,NORMAL,LOW,55.9,NUMERIC,CLEARED,
2026-09-30 09:32:49,PT-101,NORMAL,LOW,6.04,NUMERIC,CLEARED,
2026-09-30 09:34:20,TT-101,HIGH_TEMPERATURE,HIGH,98,NUMERIC,ACTIVE,
2026-09-30 09:40:54,LT-101,NORMAL,LOW,55.64,NUMERIC,CLEARED,
2026-09-30 10:03:09,LT-101,NORMAL,LOW,41.82,NUMERIC,CLEARED,
2026-09-30 10:04:21,LT-101,NORMAL,LOW,68.16,NUMERIC,CLEARED,
2026-09-30 10:14:58,TT-101,HIGH_TEMPERATURE,HIGH,101.21,NUMERIC,ACTIVE,
2026-09-30 10:16:39,PT-101,NORMAL,LOW,5.69,NUMERIC,CLEARED,
2026-09-30 10:26:28,PT-101,NORMAL,LOW,4.62,NUMERIC,CLEARED,
2026-09-30 10:30:53,V-101,NORMAL,LOW,97.36,NUMERIC,CLEARED,
2026-09-30 10:36:40,PT-101,NORMAL,LOW,4.57,NUMERIC,CLEARED,
2026-09-30 10:38:36,PT-101,NORMAL,LOW,5.52,NUMERIC,CLEARED,
2026-09-30 10:40:28,PT-101,NORMAL,LOW,5.51,NUMERIC,CLEARED,
2026-09-30 10:42:42,V-101,NORMAL,LOW,77.45,NUMERIC,CLEARED,
2026-09-30 10:46:20,TT-101,NORMAL,LOW,50.27,NUMERIC,CLEARED,
2026-09-30 10:47:55,PT-101,NORMAL,LOW,4.86,NUMERIC,CLEARED,
2026-09-30 10:48:14,LT-101,NORMAL,LOW,62.69,NUMERIC,CLEARED,
2026-09-30 10:48:20,LT-101,NORMAL,LOW,61.33,NUMERIC,CLEARED,
2026-09-30 10:48:43,TT-101,NORMAL,LOW,68.57,NUMERIC,CLEARED,
2026-09-30 10:51:04,LT-101,NORMAL,LOW,55.5,NUMERIC,CLEARED,
2026-09-30 10:54:11,FT-101,NORMAL,LOW,36.04,NUMERIC,CLEARED,
2026-09-30 10:56:39,FT-101,HIGH_FLOW,HIGH,62.21,NUMERIC,ACKNOWLEDGED,
2026-09-30 10:59:14,PT-101,NORMAL,LOW,6.58,NUMERIC,CLEARED,
2026-09-30 11:10:45,V-101,NORMAL,LOW,71.58,NUMERIC,CLEARED,
2026-09-30 11:23:44,PT-101,NORMAL,LOW,4.57,NUMERIC,CLEARED,
2026-09-30 11:38:26,PT-101,NORMAL,LOW,4.12,NUMERIC,CLEARED,
2026-09-30 11:44:35,FT-101,NORMAL,LOW,24.89,NUMERIC,CLEARED,
2026-09-30 11:49:48,V-101,NORMAL,LOW,34.54,NUMERIC,CLEARED,
2026-09-30 11:50:52,TT-101,NORMAL,LOW,63.83,NUMERIC,CLEARED,
2026-09-30 11:51:57,TT-101,NORMAL,LOW,56.76,NUMERIC,CLEARED,
2026-09-30 11:55:36,PT-101,NORMAL,LOW,6.5,NUMERIC,CLEARED,
2026-09-30 12:15:35,FT-101,NORMAL,LOW,25.56,NUMERIC,CLEARED,
2026-09-30 12:17:01,PT-101,NORMAL,LOW,6.35,NUMERIC,CLEARED,
2026-09-30 12:17:23,V-101,NORMAL,LOW,77.62,NUMERIC,CLEARED,
2026-09-30 12:56:03,PT-101,NORMAL,LOW,4.08,NUMERIC,CLEARED,
2026-09-30 13:07:07,PT-101,NORMAL,LOW,5.08,NUMERIC,CLEARED,
2026-09-30 13:11:01,FT-101,LOW_FLOW,MEDIUM,7.11,NUMERIC,ACKNOWLEDGED,
2026-09-30 13:11:39,TT-101,NORMAL,LOW,74.57,NUMERIC,CLEARED,
2026-09-30 13:12:08,FT-101,NORMAL,LOW,24.47,NUMERIC,CLEARED,
2026-09-30 13:27:12,LT-101,NORMAL,LOW,60.7,NUMERIC,CLEARED,
2026-09-30 13:31:44,TT-101,NORMAL,LOW,57.56,NUMERIC,CLEARED,
2026-09-30 13:50:13,TT-101,NORMAL,LOW,48.52,NUMERIC,CLEARED,
2026-09-30 13:53:27,LT-101,NORMAL,LOW,57.29,NUMERIC,CLEARED,
2026-09-30 13:56:53,LT-101,NORMAL,LOW,41.53,NUMERIC,CLEARED,
2026-09-30 13:59:14,FT-101,NORMAL,LOW,34.16,NUMERIC,CLEARED,
2026-09-30 14:13:44,M-101,NORMAL,LOW,30.2,NUMERIC,CLEARED,
2026-09-30 14:14:03,PT-101,NORMAL,LOW,5.35,NUMERIC,CLEARED,
2026-09-30 14:20:02,TT-101,NORMAL,LOW,55.78,NUMERIC,CLEARED,
2026-09-30 14:20:17,TT-101,NORMAL,LOW,71.91,NUMERIC,CLEARED,
2026-09-30 14:22:36,P-101,COMMUNICATION_LOST,MEDIUM,,NULL,CLEARED,MISSING_VALUE
2026-09-30 14:24:00,LT-101,NORMAL,LOW,,NULL,CLEARED,MISSING_VALUE
2026-09-30 14:24:05,V-101,NORMAL,LOW,39.18,NUMERIC,CLEARED,
2026-09-30 14:25:16,V-101,NORMAL,LOW,74.07,NUMERIC,CLEARED,
2026-09-30 14:35:26,LT-101,NORMAL,LOW,64.93,NUMERIC,CLEARED,
2026-09-30 14:48:44,TT-101,NORMAL,LOW,49.03,NUMERIC,CLEARED,
2026-09-30 14:50:27,LT-101,NORMAL,LOW,53.34,NUMERIC,CLEARED,
2026-09-30 14:52:47,FT-101,NORMAL,LOW,25.98,NUMERIC,CLEARED,
2026-09-30 14:59:05,LT-101,NORMAL,LOW,66.97,NUMERIC,CLEARED,
2026-09-30 15:06:40,TT-101,NORMAL,LOW,48.17,NUMERIC,CLEARED,
2026-09-30 15:09:20,FT-101,NORMAL,LOW,26.67,NUMERIC,CLEARED,
2026-09-30 15:11:20,LT-101,NORMAL,LOW,78.99,NUMERIC,CLEARED,
2026-09-30 15:13:36,V-101,NORMAL,LOW,49.11,NUMERIC,CLEARED,
2026-09-30 15:18:05,LT-101,NORMAL,LOW,47.21,NUMERIC,CLEARED,
2026-09-30 15:20:16,FT-101,NORMAL,LOW,38.24,NUMERIC,CLEARED,
2026-09-30 15:22:16,LT-101,NORMAL,LOW,50.74,NUMERIC,CLEARED,
2026-09-30 15:36:07,PT-101,NORMAL,LOW,6.06,NUMERIC,CLEARED,
2026-09-30 15:41:58,TT-101,NORMAL,LOW,54.1,NUMERIC,CLEARED,
2026-09-30 15:48:12,PT-101,NORMAL,LOW,4.47,NUMERIC,CLEARED,
2026-09-30 15:50:38,TT-101,NORMAL,LOW,67.65,NUMERIC,CLEARED,
2026-09-30 15:54:19,FT-101,NORMAL,LOW,30.66,NUMERIC,CLEARED,
2026-09-30 15:55:00,FT-101,NORMAL,LOW,32.46,NUMERIC,CLEARED,
2026-09-30 16:07:25,LT-101,NORMAL,LOW,70.32,NUMERIC,CLEARED,
2026-09-30 16:07:38,FT-101,NORMAL,LOW,24.19,NUMERIC,CLEARED,
2026-09-30 16:09:17,LT-101,NORMAL,LOW,74.13,NUMERIC,CLEARED,
2026-09-30 16:11:29,V-101,NORMAL,LOW,98.53,NUMERIC,CLEARED,
2026-09-30 16:15:23,PT-101,NORMAL,LOW,5.47,NUMERIC,CLEARED,
2026-09-30 16:24:28,FT-101,NORMAL,LOW,,NULL,CLEARED,MISSING_VALUE
2026-09-30 16:26:18,V-101,COMMUNICATION_LOST,MEDIUM,,NULL,ACKNOWLEDGED,MISSING_VALUE
2026-09-30 16:43:19,TT-101,NORMAL,LOW,53.53,NUMERIC,CLEARED,
2026-09-30 16:46:59,FT-101,NORMAL,LOW,20.74,NUMERIC,CLEARED,
2026-09-30 16:48:11,PT-101,NORMAL,LOW,6.16,NUMERIC,CLEARED,
2026-09-30 17:00:36,TT-101,NORMAL,LOW,45.79,NUMERIC,CLEARED,
2026-09-30 17:00:58,TT-101,NORMAL,LOW,71.9,NUMERIC,CLEARED,
2026-09-30 17:07:04,V-101,NORMAL,LOW,24.47,NUMERIC,CLEARED,
2026-09-30 17:17:35,PT-101,NORMAL,LOW,5.77,NUMERIC,CLEARED,
2026-09-30 17:32:45,LT-101,NORMAL,LOW,73.89,NUMERIC,CLEARED,
2026-09-30 17:47:49,TT-101,NORMAL,LOW,67.24,NUMERIC,CLEARED,
2026-09-30 17:54:22,M-101,NORMAL,LOW,11.53,NUMERIC,CLEARED,
2026-09-30 17:54:49,LT-101,NORMAL,LOW,53.05,NUMERIC,CLEARED,
2026-09-30 17:55:32,V-101,NORMAL,LOW,34.13,NUMERIC,CLEARED,
2026-09-30 18:02:41,PT-101,NORMAL,LOW,5.84,NUMERIC,CLEARED,
2026-09-30 18:06:52,TT-101,NORMAL,LOW,56.19,NUMERIC,CLEARED,
2026-09-30 18:08:45,PT-101,NORMAL,LOW,5.5,NUMERIC,CLEARED,
2026-09-30 18:15:33,FT-101,NORMAL,LOW,23.77,NUMERIC,CLEARED,
2026-09-30 18:16:34,LT-101,NORMAL,LOW,45.59,NUMERIC,CLEARED,
2026-09-30 18:29:58,M-101,NORMAL,LOW,11.41,NUMERIC,CLEARED,
2026-09-30 18:30:00,PT-101,NORMAL,LOW,6.29,NUMERIC,CLEARED,
2026-09-30 18:35:44,PT-101,NORMAL,LOW,6.95,NUMERIC,CLEARED,
2026-09-30 18:51:52,P-102,PUMP_FAILURE,CRITICAL,STOPPED,STATE,CLEARED,
2026-09-30 18:54:21,PT-101,NORMAL,LOW,6.95,NUMERIC,CLEARED,
2026-09-30 19:11:12,LT-101,NORMAL,LOW,74.41,NUMERIC,CLEARED,
2026-09-30 19:13:56,M-101,NORMAL,LOW,24.58,NUMERIC,CLEARED,
2026-09-30 19:15:30,FT-101,NORMAL,LOW,28.15,NUMERIC,CLEARED,
2026-09-30 19:18:09,LT-101,NORMAL,LOW,78.44,NUMERIC,CLEARED,
2026-09-30 19:22:03,LT-101,NORMAL,LOW,53.87,NUMERIC,CLEARED,
2026-09-30 19:23:29,PT-101,NORMAL,LOW,6.4,NUMERIC,CLEARED,
2026-09-30 19:24:13,LT-101,NORMAL,LOW,78.56,NUMERIC,CLEARED,
2026-09-30 19:39:24,PT-101,LOW_PRESSURE,MEDIUM,0.92,NUMERIC,ACTIVE,
2026-09-30 19:41:54,TT-101,NORMAL,LOW,48.14,NUMERIC,CLEARED,
2026-09-30 19:48:32,PT-101,NORMAL,LOW,4.42,NUMERIC,CLEARED,
2026-09-30 19:50:08,V-101,NORMAL,LOW,29.14,NUMERIC,CLEARED,
2026-09-30 19:56:24,LT-101,NORMAL,LOW,42.42,NUMERIC,CLEARED,
2026-09-30 20:14:43,TT-101,NORMAL,LOW,57.02,NUMERIC,CLEARED,
2026-09-30 20:14:53,LT-101,NORMAL,LOW,54.69,NUMERIC,CLEARED,
2026-09-30 20:15:30,P-101,PUMP_FAILURE,CRITICAL,STOPPED,STATE,ACKNOWLEDGED,
2026-09-30 20:26:16,P-102,COMMUNICATION_LOST,MEDIUM,,NULL,ACTIVE,MISSING_VALUE
2026-09-30 20:32:31,PT-101,NORMAL,LOW,6.81,NUMERIC,CLEARED,
2026-09-30 20:33:59,LT-101,NORMAL,LOW,78.9,NUMERIC,CLEARED,
2026-09-30 20:35:06,PT-101,NORMAL,LOW,4.43,NUMERIC,CLEARED,
2026-09-30 20:36:39,TT-101,NORMAL,LOW,72.03,NUMERIC,CLEARED,
2026-09-30 20:41:19,TT-101,NORMAL,LOW,72.49,NUMERIC,CLEARED,
2026-09-30 20:50:04,M-101,NORMAL,LOW,15.12,NUMERIC,CLEARED,
2026-09-30 20:57:44,V-101,VALVE_FAILURE,HIGH,34.67,NUMERIC,ACTIVE,
2026-09-30 20:57:58,FT-101,NORMAL,LOW,30.42,NUMERIC,CLEARED,
2026-09-30 21:14:21,LT-101,NORMAL,LOW,67.61,NUMERIC,CLEARED,
2026-09-30 21:17:16,FT-101,NORMAL,LOW,22.36,NUMERIC,CLEARED,
2026-09-30 21:21:13,FT-101,NORMAL,LOW,36.74,NUMERIC,CLEARED,
2026-09-30 21:33:40,LT-101,LOW_LEVEL,HIGH,5.73,NUMERIC,ACKNOWLEDGED,
2026-09-30 21:35:46,LT-101,NORMAL,LOW,44.17,NUMERIC,CLEARED,
2026-09-30 21:37:55,FT-101,NORMAL,LOW,28.85,NUMERIC,CLEARED,
2026-09-30 21:38:27,M-101,NORMAL,LOW,31.88,NUMERIC,CLEARED,
2026-09-30 21:38:33,M-101,HIGH_CURRENT,HIGH,40.82,NUMERIC,ACTIVE,
2026-09-30 21:41:17,PT-101,NORMAL,LOW,4.59,NUMERIC,CLEARED,
2026-09-30 21:46:01,PT-101,NORMAL,LOW,6.13,NUMERIC,CLEARED,
2026-09-30 21:48:43,PT-101,NORMAL,LOW,6.89,NUMERIC,CLEARED,
2026-09-30 21:49:07,FT-101,NORMAL,LOW,29.05,NUMERIC,CLEARED,
2026-09-30 21:52:05,V-101,NORMAL,LOW,42.82,NUMERIC,CLEARED,
2026-09-30 22:07:09,P-101,COMMUNICATION_LOST,MEDIUM,,NULL,ACKNOWLEDGED,MISSING_VALUE
2026-09-30 22:17:20,FT-101,NORMAL,LOW,33.36,NUMERIC,CLEARED,
2026-09-30 22:17:49,PT-101,NORMAL,LOW,5.91,NUMERIC,CLEARED,
2026-09-30 22:18:44,TT-101,NORMAL,LOW,61.08,NUMERIC,CLEARED,
2026-09-30 22:44:28,V-101,NORMAL,LOW,44.58,NUMERIC,CLEARED,
2026-09-30 22:45:02,TT-101,NORMAL,LOW,60.59,NUMERIC,CLEARED,
2026-09-30 22:47:12,FT-101,NORMAL,LOW,27.98,NUMERIC,CLEARED,
2026-09-30 22:49:23,LT-101,NORMAL,LOW,56.46,NUMERIC,CLEARED,
2026-09-30 23:03:03,P-101,PUMP_FAILURE,CRITICAL,STOPPED,STATE,ACTIVE,
2026-09-30 23:07:58,PT-101,NORMAL,LOW,6.65,NUMERIC,CLEARED,
2026-09-30 23:11:30,FT-101,NORMAL,LOW,31.53,NUMERIC,CLEARED,
2026-09-30 23:27:09,M-101,NORMAL,LOW,3.33,NUMERIC,CLEARED,
2026-09-30 23:40:13,PT-101,NORMAL,LOW,5.53,NUMERIC,CLEARED,
2026-09-30 23:47:27,FT-101,NORMAL,LOW,34.5,NUMERIC,CLEARED,
2026-09-30 23:56:36,M-101,NORMAL,LOW,13.2,NUMERIC,CLEARED,
