source_row,timestamp,tag_name,alarm_type,severity,value,status,timestamp_raw,tag_name_raw,severity_raw,status_raw,value_raw,quality_flags,value_type
3,2026-09-28 18:37:31,P-101,NORMAL,LOW,RUNNING,CLEARED,2026-09-28 18:37:31,P-101,LOW,CLEARED,RUNNING,INVALID_NUMERIC_VALUE,STATE
9,2026-09-02 22:27:04,P-102,NORMAL,LOW,RUNNING,CLEARED,2026-09-02 22:27:04,P-102,LOW,CLEARED,RUNNING,INVALID_NUMERIC_VALUE,STATE
10,2026-09-10 22:16:14,P-101,NORMAL,LOW,RUNNING,UNKNOWN,2026-09-10 22:16:14,P_101,LOW,UNKNOWN,RUNNING,INVALID_STATUS;INVALID_NUMERIC_VALUE,STATE
13,2026-09-07 04:51:32,P-102,NORMAL,LOW,RUNNING,CLEARED,2026-09-07 04:51:32,P-102,LOW,CLEARED,RUNNING,INVALID_NUMERIC_VALUE,STATE
17,2026-09-04 05:31:11,P-101,NORMAL,LOW,RUNNING,CLEARED,2026-09-04 05:31:11,P-101,LOW,CLEARED,RUNNING,INVALID_NUMERIC_VALUE,STATE
26,2026-09-20 05:46:22,P-101,NORMAL,LOW,RUNNING,CLEARED,2026-09-20 05:46:22,P-101,LOW,CLEARED,RUNNING,INVALID_NUMERIC_VALUE,STATE
33,2026-09-23 11:46:58,P-101,NORMAL,LOW,RUNNING,CLEARED,2026-09-23 11:46:58,P-101,LOW,CLEARED,RUNNING,INVALID_NUMERIC_VALUE,STATE
34,2026-09-04 06:54:38,P-101,NORMAL,LOW,STOPPED,CLEARED,2026-09-04 06:54:38,P-101,LOW,CLEARED,STOPPED,INVALID_NUMERIC_VALUE,STATE
36,2026-09-16 21:46:26,P-102,NORMAL,LOW,RUNNING,CLEARED,2026-09-16 21:46:26,P-102,LOW,CLEARED,RUNNING,INVALID_NUMERIC_VALUE,STATE
37,2026-09-03 14:14:21,P-102,NORMAL,LOW,RUNNING,CLEARED,2026-09-03 14:14:21,P-102,LOW,CLEARED,RUNNING,INVALID_NUMERIC_VALUE,STATE
55,2026-09-24 07:15:09,P-102,NORMAL,LOW,RUNNING,CLEARED,2026-09-24 07:15:09,P-102,LOW,CLEARED,RUNNING,INVALID_NUMERIC_VALUE,STATE
58,2026-09-24 11:42:24,P-101,NORMAL,LOW,RUNNING,CLEARED,2026-09-24 11:42:24,P-101,LOW,CLEARED,RUNNING,INVALID_NUMERIC_VALUE,STATE
66,2026-09-02 01:25:06,P-101,NORMAL,LOW,STOPPED,CLEARED,2026-09-02 01:25:06,P-101,LOW,CLEARED,STOPPED,INVALID_NUMERIC_VALUE,STATE
67,2026-09-18 06:42:26,P-102,NORMAL,LOW,STOPPED,CLEARED,2026-09-18 06:42:26,P-102,LOW,CLEARED,STOPPED,INVALID_NUMERIC_VALUE,STATE
68,2026-09-04 01:54:17,P-101,NORMAL,LOW,RUNNING,CLEARED,2026-09-04 01:54:17,P-101,LOW,CLEARED,RUNNING,INVALID_NUMERIC_VALUE,STATE
90,2026-09-29 22:02:13,P-101,NORMAL,LOW,STOPPED,CLEARED,2026-09-29 22:02:13,P-101,LOW,CLEARED,STOPPED,INVALID_NUMERIC_VALUE,STATE
91,,FT-101,NORMAL,LOW,34.49,CLEARED,not-a-date,FT-101,LOW,CLEARED,34.49,INVALID_TIMESTAMP,NUMERIC
106,2026-09-20 00:25:50,P-101,NORMAL,LOW,RUNNING,CLEARED,2026-09-20 00:25:50,P-101,LOW,CLEARED,RUNNING,INVALID_NUMERIC_VALUE,STATE
107,2026-09-19 04:01:01,P-102,NORMAL,LOW,RUNNING,CLEARED,2026-09-19 04:01:01,P-102,LOW,CLEARED,RUNNING,INVALID_NUMERIC_VALUE,STATE
111,2026-09-18 09:47:10,P-102,NORMAL,LOW,RUNNING,CLEARED,2026-09-18 09:47:10,P-102,LOW,CLEARED,RUNNING,INVALID_NUMERIC_VALUE,STATE
115,2026-09-16 13:22:02,P-101,NORMAL,LOW,RUNNING,CLEARED,2026-09-16 13:22:02,P-101,LOW,CLEARED,RUNNING,INVALID_NUMERIC_VALUE,STATE
124,2026-09-11 01:24:17,P-101,NORMAL,LOW,RUNNING,CLEARED,2026-09-11 01:24:17,P-101,LOW,CLEARED,RUNNING,INVALID_NUMERIC_VALUE,STATE
127,2026-09-24 11:29:10,P-102,NORMAL,LOW,STOPPED,CLEARED,2026-09-24 11:29:10,P-102,LOW,CLEARED,STOPPED,INVALID_NUMERIC_VALUE,STATE
135,2026-09-04 12:53:08,P-101,NORMAL,LOW,RUNNING,CLEARED,2026-09-04 12:53:08,P-101,LOW,CLEARED,RUNNING,INVALID_NUMERIC_VALUE,STATE
140,2026-09-11 16:58:48,P-102,NORMAL,LOW,RUNNING,CLEARED,2026-09-11 16:58:48,P-102,LOW,CLEARED,RUNNING,INVALID_NUMERIC_VALUE,STATE
142,2026-09-22 18:09:40,P-101,NORMAL,LOW,STOPPED,CLEARED,2026-09-22 18:09:40,P-101,LOW,CLEARED,STOPPED,INVALID_NUMERIC_VALUE,STATE
147,2026-09-26 05:09:38,P-101,NORMAL,LOW,RUNNING,CLEARED,2026-09-26 05:09:38,P-101,LOW,CLEARED,RUNNING,INVALID_NUMERIC_VALUE,STATE
148,2026-09-15 11:11:04,P-101,NORMAL,LOW,STOPPED,CLEARED,2026-09-15 11:11:04,P-101,LOW,CLEARED,STOPPED,INVALID_NUMERIC_VALUE,STATE
157,2026-09-26 00:25:02,P-102,NORMAL,LOW,RUNNING,CLEARED,2026-09-26 00:25:02,P-102,LOW,CLEARED,RUNNING,INVALID_NUMERIC_VALUE,STATE
159,2026-09-19 03:03:59,P-101,NORMAL,LOW,STOPPED,CLEARED,2026-09-19 03:03:59,P-101,LOW,CLEARED,STOPPED,INVALID_NUMERIC_VALUE,STATE
161,2026-09-01 13:13:17,P-101,NORMAL,LOW,RUNNING,CLEARED,2026-09-01 13:13:17,P-101,LOW,CLEARED,RUNNING,INVALID_NUMERIC_VALUE,STATE
164,2026-09-21 12:03:13,P-101,NORMAL,LOW,RUNNING,CLEARED,2026-09-21 12:03:13,P-101,LOW,CLEARED,RUNNING,INVALID_NUMERIC_VALUE,STATE
165,,P-102,NORMAL,LOW,STOPPED,CLEARED,,P-102,Low,CLEARED,STOPPED,INVALID_TIMESTAMP;INVALID_NUMERIC_VALUE,STATE
171,2026-09-16 11:54:13,P-101,NORMAL,LOW,RUNNING,CLEARED,2026-09-16 11:54:13,P-101,LOW,CLEARED,RUNNING,INVALID_NUMERIC_VALUE,STATE
173,,TT-101,HIGH_TEMPERATURE,HIGH,94.9,CLEARED,32/15/2026 25:99:99,TT-101,HIGH, CLEARED ,94.9,INVALID_TIMESTAMP,NUMERIC
182,2026-09-15 13:53:56,P-101,NORMAL,LOW,STOPPED,CLEARED,2026-09-15 13:53:56,P-101,LOW,CLEARED,STOPPED,INVALID_NUMERIC_VALUE,STATE
184,2026-09-17 18:19:08,P-102,NORMAL,LOW,RUNNING,CLEARED,2026-09-17 18:19:08,P-102,LOW,CLEARED,RUNNING,INVALID_NUMERIC_VALUE,STATE
186,2026-09-11 06:27:59,P-102,NORMAL,LOW,STOPPED,CLEARED,2026-09-11 06:27:59,P-102,LOW,CLEARED,STOPPED,INVALID_NUMERIC_VALUE,STATE
187,2026-09-02 07:38:43,P-101,NORMAL,LOW,RUNNING,CLEARED,2026-09-02 07:38:43,P-101,LOW,CLEARED,RUNNING,INVALID_NUMERIC_VALUE,STATE
189,2026-09-14 06:15:59,P-102,NORMAL,LOW,RUNNING,CLEARED,2026-09-14 06:15:59,P-102,LOW,CLEARED,RUNNING,INVALID_NUMERIC_VALUE,STATE
204,2026-09-14 20:07:20,P-101,NORMAL,LOW,RUNNING,CLEARED,2026-09-14 20:07:20,P-101,LOW,CLEARED,RUNNING,INVALID_NUMERIC_VALUE,STATE
206,,LT-101,NORMAL,LOW,71.53,CLEARED,,LT-101,LOW,CLEARED,71.53,INVALID_TIMESTAMP,NUMERIC
207,2026-09-08 17:13:19,P-101,NORMAL,LOW,RUNNING,CLEARED,2026-09-08 17:13:19,P-101,LOW,CLEARED,RUNNING,INVALID_NUMERIC_VALUE,STATE
210,2026-09-01 04:13:26,P-101,NORMAL,LOW,RUNNING,CLEARED,2026-09-01 04:13:26,P-101,LOW,CLEARED,RUNNING,INVALID_NUMERIC_VALUE,STATE
214,2026-09-07 13:01:02,P-102,NORMAL,LOW,RUNNING,CLEARED,2026-09-07 13:01:02,P-102,LOW,CLEARED,RUNNING,INVALID_NUMERIC_VALUE,STATE
215,2026-09-25 12:23:58,P-102,NORMAL,LOW,RUNNING,CLEARED,2026-09-25 12:23:58,P-102,LOW,CLEARED,RUNNING,INVALID_NUMERIC_VALUE,STATE
232,2026-09-13 06:53:44,LT-101,NORMAL,LOW,64.9,UNKNOWN,2026-09-13 06:53:44,LT-101,LOW,UNKNOWN,64.9,INVALID_STATUS,NUMERIC
239,2026-09-07 23:42:56,P-101,NORMAL,LOW,RUNNING,CLEARED,2026-09-07 23:42:56,P-101,LOW,CLEARED,RUNNING,INVALID_NUMERIC_VALUE,STATE
240,2026-09-01 03:21:13,P-101,NORMAL,LOW,STOPPED,CLEARED,2026-09-01 03:21:13,P-101,LOW,CLEARED,STOPPED,INVALID_NUMERIC_VALUE,STATE
247,2026-09-19 23:06:12,P-102,NORMAL,LOW,RUNNING,CLEARED,2026-09-19 23:06:12,P-102,LOW,CLEARED,RUNNING,INVALID_NUMERIC_VALUE,STATE
251,2026-09-01 11:41:58,P-101,NORMAL,LOW,RUNNING,CLEARED,2026-09-01 11:41:58,P-101,LOW,CLEARED,RUNNING,INVALID_NUMERIC_VALUE,STATE
272,2026-09-27 09:47:31,P-101,NORMAL,LOW,RUNNING,CLEARED,2026-09-27 09:47:31,P-101,LOW,CLEARED,RUNNING,INVALID_NUMERIC_VALUE,STATE
277,2026-09-15 12:37:33,P-101,NORMAL,LOW,STOPPED,CLEARED,2026-09-15 12:37:33,P-101,LOW,CLEARED,STOPPED,INVALID_NUMERIC_VALUE,STATE
284,2026-09-30 21:51:52,P-101,NORMAL,LOW,RUNNING,CLEARED,2026-09-30 21:51:52,P-101,LOW,CLEARED,RUNNING,INVALID_NUMERIC_VALUE,STATE
287,2026-09-14 18:55:44,P-102,NORMAL,LOW,RUNNING,CLEARED,2026-09-14 18:55:44,P-102,LOW,CLEARED,RUNNING,INVALID_NUMERIC_VALUE,STATE
292,2026-09-13 12:51:55,P-101,NORMAL,LOW,RUNNING,CLEARED,2026-09-13 12:51:55,P-101,LOW,CLEARED,RUNNING,INVALID_NUMERIC_VALUE,STATE
293,2026-09-02 07:07:18,P-101,NORMAL,LOW,RUNNING,CLEARED,2026-09-02 07:07:18,P-101,LOW,CLEARED,RUNNING,INVALID_NUMERIC_VALUE,STATE
296,2026-09-10 20:57:41,P-102,NORMAL,LOW,RUNNING,CLEARED,2026-09-10 20:57:41,P-102,LOW,CLEARED,RUNNING,INVALID_NUMERIC_VALUE,STATE
301,2026-09-22 06:15:13,P-102,NORMAL,LOW,STOPPED,CLEARED,2026-09-22 06:15:13,P-102,LOW,CLEARED,STOPPED,INVALID_NUMERIC_VALUE,STATE
303,2026-09-19 18:35:51,P-102,NORMAL,LOW,RUNNING,CLEARED,2026-09-19 18:35:51,P-102,LOW,CLEARED,RUNNING,INVALID_NUMERIC_VALUE,STATE
305,2026-09-02 04:38:43,P-102,NORMAL,LOW,RUNNING,CLEARED,2026-09-02 04:38:43,P-102,LOW,CLEARED,RUNNING,INVALID_NUMERIC_VALUE,STATE
307,2026-09-20 20:47:07,P-102,NORMAL,LOW,RUNNING,CLEARED,2026-09-20 20:47:07,P-102,LOW,CLEARED,RUNNING,INVALID_NUMERIC_VALUE,STATE
311,2026-09-01 10:31:46,P-101,NORMAL,LOW,STOPPED,CLEARED,2026-09-01 10:31:46,P-101,LOW,CLEARED,STOPPED,INVALID_NUMERIC_VALUE,STATE
319,2026-09-30 20:17:03,P-101,NORMAL,LOW,RUNNING,CLEARED,2026-09-30 20:17:03,P-101,LOW,CLEARED,RUNNING,INVALID_NUMERIC_VALUE,STATE
320,2026-09-19 06:05:58,P-102,NORMAL,LOW,RUNNING,CLEARED,2026-09-19 06:05:58,P-102,LOW,CLEARED,RUNNING,INVALID_NUMERIC_VALUE,STATE
322,2026-09-07 03:57:36,P-102,NORMAL,LOW,STOPPED,CLEARED,2026-09-07 03:57:36,P-102,LOW,CLEARED,STOPPED,INVALID_NUMERIC_VALUE,STATE
323,2026-09-16 15:42:32,P-101,NORMAL,LOW,STOPPED,CLEARED,2026-09-16 15:42:32,P-101,LOW,CLEARED,STOPPED,INVALID_NUMERIC_VALUE,STATE
331,2026-09-24 00:07:15,P-101,NORMAL,LOW,RUNNING,CLEARED,2026-09-24 00:07:15,P-101,LOW,CLEARED,RUNNING,INVALID_NUMERIC_VALUE,STATE
337,2026-09-20 13:06:17,P-101,NORMAL,LOW,STOPPED,CLEARED,2026-09-20 13:06:17,P-101,LOW,CLEARED,STOPPED,INVALID_NUMERIC_VALUE,STATE
338,2026-09-29 05:33:21,P-102,NORMAL,LOW,RUNNING,CLEARED,2026-09-29 05:33:21,P-102,LOW,CLEARED,RUNNING,INVALID_NUMERIC_VALUE,STATE
339,2026-09-30 02:52:14,P-101,NORMAL,LOW,RUNNING,CLEARED,2026-09-30 02:52:14,P-101,LOW,CLEARED,RUNNING,INVALID_NUMERIC_VALUE,STATE
341,2026-09-06 20:25:57,P-102,NORMAL,LOW,STOPPED,CLEARED,2026-09-06 20:25:57,P-102,LOW,CLEARED,STOPPED,INVALID_NUMERIC_VALUE,STATE
343,2026-09-30 02:48:30,P-101,NORMAL,LOW,STOPPED,CLEARED,2026-09-30 02:48:30,P-101,LOW,CLEARED,STOPPED,INVALID_NUMERIC_VALUE,STATE
345,2026-09-03 07:11:30,P-102,NORMAL,LOW,RUNNING,CLEARED,2026-09-03 07:11:30,P-102,LOW,CLEARED,RUNNING,INVALID_NUMERIC_VALUE,STATE
349,2026-09-08 17:18:59,P-101,NORMAL,LOW,RUNNING,CLEARED,2026-09-08 17:18:59,P-101,LOW,CLEARED,RUNNING,INVALID_NUMERIC_VALUE,STATE
351,2026-09-02 00:15:32,P-101,NORMAL,LOW,RUNNING,CLEARED,2026-09-02 00:15:32,P-101,LOW,CLEARED,RUNNING,INVALID_NUMERIC_VALUE,STATE
352,2026-09-15 22:29:14,P-102,NORMAL,LOW,STOPPED,CLEARED,2026-09-15 22:29:14,P-102,LOW,CLEARED,STOPPED,INVALID_NUMERIC_VALUE,STATE
356,2026-09-05 03:03:51,P-101,NORMAL,LOW,RUNNING,CLEARED,2026-09-05 03:03:51,P-101,LOW,CLEARED,RUNNING,INVALID_NUMERIC_VALUE,STATE
361,2026-09-22 15:26:30,P-101,NORMAL,LOW,RUNNING,CLEARED,2026-09-22 15:26:30,P-101,LOW,CLEARED,RUNNING,INVALID_NUMERIC_VALUE,STATE
362,2026-09-18 04:29:06,P-101,NORMAL,LOW,RUNNING,CLEARED,2026-09-18 04:29:06,P-101,LOW,CLEARED,RUNNING,INVALID_NUMERIC_VALUE,STATE
367,2026-09-12 04:23:44,P-102,NORMAL,LOW,RUNNING,CLEARED,2026-09-12 04:23:44,P-102,LOW,CLEARED,RUNNING,INVALID_NUMERIC_VALUE,STATE
369,2026-09-03 05:48:25,P-101,NORMAL,LOW,RUNNING,UNKNOWN,2026-09-03 05:48:25,P-101,LOW,UNKNOWN,RUNNING,INVALID_STATUS;INVALID_NUMERIC_VALUE,STATE
371,2026-09-14 16:21:52,P-102,NORMAL,LOW,RUNNING,CLEARED,2026-09-14 16:21:52,P-102,LOW,CLEARED,RUNNING,INVALID_NUMERIC_VALUE,STATE
373,2026-09-22 08:11:45,P-102,NORMAL,LOW,RUNNING,CLEARED,2026-09-22 08:11:45,P-102,LOW,CLEARED,RUNNING,INVALID_NUMERIC_VALUE,STATE
375,2026-09-07 17:15:16,P-101,NORMAL,LOW,RUNNING,CLEARED,2026-09-07 17:15:16,P-101,LOW,CLEARED,RUNNING,INVALID_NUMERIC_VALUE,STATE
383,2026-09-18 14:38:18,P-102,NORMAL,LOW,STOPPED,CLEARED,2026-09-18 14:38:18,P-102,LOW,CLEARED,STOPPED,INVALID_NUMERIC_VALUE,STATE
391,2026-09-20 16:35:27,P-101,NORMAL,LOW,RUNNING,CLEARED,2026-09-20 16:35:27,P-101,LOW,CLEARED,RUNNING,INVALID_NUMERIC_VALUE,STATE
401,2026-09-16 07:31:45,P-101,NORMAL,LOW,RUNNING,CLEARED,2026-09-16 07:31:45,P-101,LOW,CLEARED,RUNNING,INVALID_NUMERIC_VALUE,STATE
402,2026-09-19 13:43:44,P-102,NORMAL,LOW,STOPPED,CLEARED,2026-09-19 13:43:44,P-102,LOW,CLEARED,STOPPED,INVALID_NUMERIC_VALUE,STATE
403,2026-09-24 21:32:37,P-102,NORMAL,LOW,RUNNING,CLEARED,2026-09-24 21:32:37,P-102,LOW,CLEARED,RUNNING,INVALID_NUMERIC_VALUE,STATE
408,2026-09-27 06:53:25,P-101,NORMAL,LOW,RUNNING,CLEARED,2026-09-27 06:53:25,P-101,LOW,CLEARED,RUNNING,INVALID_NUMERIC_VALUE,STATE
410,2026-09-30 16:53:10,P-102,NORMAL,LOW,RUNNING,CLEARED,2026-09-30 16:53:10,P-102,LOW,CLEARED,RUNNING,INVALID_NUMERIC_VALUE,STATE
411,2026-09-10 06:16:47,P-101,NORMAL,LOW,RUNNING,CLEARED,2026-09-10 06:16:47,P_101,LOW,CLEARED,RUNNING,INVALID_NUMERIC_VALUE,STATE
414,2026-09-14 19:24:31,P-102,NORMAL,LOW,RUNNING,,2026-09-14 19:24:31,P-102,LOW,,RUNNING,INVALID_STATUS;INVALID_NUMERIC_VALUE,STATE
415,2026-09-13 15:39:41,P-101,NORMAL,LOW,RUNNING,CLEARED,2026-09-13 15:39:41,P-101,LOW,CLEARED,RUNNING,INVALID_NUMERIC_VALUE,STATE
418,2026-09-07 16:18:54,LT-101,HIGH_LEVEL,CRITICAL,96.47,,2026-09-07 16:18:54,LT_101,CRITICAL,,96.47,INVALID_STATUS,NUMERIC
423,2026-09-14 06:58:20,P-101,NORMAL,LOW,RUNNING,CLEARED,2026-09-14 06:58:20,P-101,LOW,CLEARED,RUNNING,INVALID_NUMERIC_VALUE,STATE
429,2026-09-15 15:26:49,P-101,NORMAL,LOW,RUNNING,CLEARED,2026-09-15 15:26:49,P-101,LOW,CLEARED,RUNNING,INVALID_NUMERIC_VALUE,STATE
444,2026-09-03 01:57:27,P-101,NORMAL,LOW,RUNNING,CLEARED,2026-09-03 01:57:27,P-101,LOW,CLEARED,RUNNING,INVALID_NUMERIC_VALUE,STATE
453,2026-09-08 04:24:45,P-101,NORMAL,LOW,RUNNING,CLEARED,2026-09-08 04:24:45,P-101,LOW,CLEARED,RUNNING,INVALID_NUMERIC_VALUE,STATE
467,2026-09-18 10:23:09,P-101,NORMAL,LOW,RUNNING,CLEARED,2026-09-18 10:23:09,P-101,LOW,CLEARED,RUNNING,INVALID_NUMERIC_VALUE,STATE
472,2026-09-18 23:25:33,LT-101,NORMAL,LOW,67.37,UNKNOWN,2026-09-18 23:25:33,LT-101,LOW,UNKNOWN,67.37,INVALID_STATUS,NUMERIC
481,2026-09-30 04:28:08,P-101,NORMAL,LOW,RUNNING,CLEARED,2026-09-30 04:28:08,P-101,LOW,CLEARED,RUNNING,INVALID_NUMERIC_VALUE,STATE
483,2026-09-11 16:49:54,P-101,NORMAL,LOW,STOPPED,CLEARED,2026-09-11 16:49:54,P-101,LOW,CLEARED,STOPPED,INVALID_NUMERIC_VALUE,STATE
487,2026-09-30 11:27:30,P-101,NORMAL,LOW,RUNNING,CLEARED,2026-09-30 11:27:30,P-101,LOW,CLEARED,RUNNING,INVALID_NUMERIC_VALUE,STATE
496,2026-09-05 15:18:46,P-101,NORMAL,LOW,STOPPED,CLEARED,2026-09-05 15:18:46,P-101,LOW,CLEARED,STOPPED,INVALID_NUMERIC_VALUE,STATE
497,2026-09-15 14:48:50,P-102,NORMAL,LOW,RUNNING,CLEARED,2026-09-15 14:48:50,P-102,LOW,CLEARED,RUNNING,INVALID_NUMERIC_VALUE,STATE
503,2026-09-25 22:07:26,P-101,NORMAL,LOW,RUNNING,CLEARED,2026-09-25 22:07:26,P-101,LOW,CLEARED,RUNNING,INVALID_NUMERIC_VALUE,STATE
504,2026-09-22 21:19:18,P-101,NORMAL,LOW,RUNNING,CLEARED,2026-09-22 21:19:18,P-101,LOW,CLEARED,RUNNING,INVALID_NUMERIC_VALUE,STATE
506,2026-09-29 01:33:37,P-102,NORMAL,LOW,RUNNING,CLEARED,2026-09-29 01:33:37,P-102,LOW,CLEARED,RUNNING,INVALID_NUMERIC_VALUE,STATE
507,2026-09-26 01:10:35,P-101,NORMAL,LOW,RUNNING,CLEARED,2026-09-26 01:10:35,P-101,LOW,CLEARED,RUNNING,INVALID_NUMERIC_VALUE,STATE
511,2026-09-02 18:30:33,P-102,NORMAL,LOW,RUNNING,CLEARED,2026-09-02 18:30:33,P-102,LOW,CLEARED,RUNNING,INVALID_NUMERIC_VALUE,STATE
521,2026-09-30 15:34:05,P-102,NORMAL,LOW,RUNNING,CLEARED,2026-09-30 15:34:05,P-102,LOW,CLEARED,RUNNING,INVALID_NUMERIC_VALUE,STATE
527,2026-09-21 17:03:19,P-102,NORMAL,LOW,STOPPED,CLEARED,2026-09-21 17:03:19,P-102,LOW,CLEARED,STOPPED,INVALID_NUMERIC_VALUE,STATE
528,2026-09-04 12:47:24,P-102,NORMAL,LOW,RUNNING,CLEARED,2026-09-04 12:47:24,P-102,LOW,CLEARED,RUNNING,INVALID_NUMERIC_VALUE,STATE
538,2026-09-15 18:39:59,P-101,NORMAL,LOW,STOPPED,CLEARED,2026-09-15 18:39:59,P-101,LOW, CLEARED ,STOPPED,INVALID_NUMERIC_VALUE,STATE
539,2026-09-11 06:52:11,P-101,NORMAL,LOW,RUNNING,CLEARED,2026-09-11 06:52:11,P-101,LOW,CLEARED,RUNNING,INVALID_NUMERIC_VALUE,STATE
544,2026-09-20 07:53:22,TT-101,NORMAL,,70.26,CLEARED,2026-09-20 07:53:22,TT-101,,CLEARED,70.26,INVALID_SEVERITY,NUMERIC
546,2026-09-24 04:37:45,P-102,NORMAL,LOW,RUNNING,CLEARED,2026-09-24 04:37:45,P-102,LOW,CLEARED,RUNNING,INVALID_NUMERIC_VALUE,STATE
551,2026-09-22 13:25:04,P-101,NORMAL,LOW,RUNNING,CLEARED,2026-09-22 13:25:04,P-101,LOW,CLEARED,RUNNING,INVALID_NUMERIC_VALUE,STATE
557,2026-09-11 19:37:41,P-102,NORMAL,LOW,RUNNING,CLEARED,2026-09-11 19:37:41,P-102,LOW,CLEARED,RUNNING,INVALID_NUMERIC_VALUE,STATE
559,2026-09-29 11:14:19,P-102,NORMAL,LOW,STOPPED,CLEARED,2026-09-29 11:14:19,P-102,LOW,CLEARED,STOPPED,INVALID_NUMERIC_VALUE,STATE
561,2026-09-08 10:25:51,P-102,NORMAL,LOW,RUNNING,CLEARED,2026-09-08 10:25:51,P-102,LOW,CLEARED,RUNNING,INVALID_NUMERIC_VALUE,STATE
567,2026-09-01 10:47:13,P-101,NORMAL,LOW,STOPPED,CLEARED,2026-09-01 10:47:13,P-101,LOW,CLEARED,STOPPED,INVALID_NUMERIC_VALUE,STATE
568,2026-09-03 20:14:35,P-102,NORMAL,LOW,STOPPED,CLEARED,2026-09-03 20:14:35,P-102,LOW,CLEARED,STOPPED,INVALID_NUMERIC_VALUE,STATE
570,2026-09-25 08:56:38,P-101,NORMAL,LOW,STOPPED,CLEARED,2026-09-25 08:56:38,P-101,LOW,CLEARED,STOPPED,INVALID_NUMERIC_VALUE,STATE
572,2026-09-20 16:57:36,P-101,NORMAL,LOW,STOPPED,CLEARED,2026-09-20 16:57:36,P-101,LOW,CLEARED,STOPPED,INVALID_NUMERIC_VALUE,STATE
581,2026-09-26 05:39:41,V-101,COMMUNICATION_LOST,POTATO,,ACTIVE,2026-09-26 05:39:41,V_101,potato,ACTIVE,,INVALID_SEVERITY;MISSING_VALUE,NULL
584,2026-09-04 13:01:58,P-101,NORMAL,LOW,RUNNING,CLEARED,2026-09-04 13:01:58,P-101,LOW,CLEARED,RUNNING,INVALID_NUMERIC_VALUE,STATE
586,2026-09-08 18:26:43,FT-101,NORMAL,,35.1,CLEARED,2026-09-08 18:26:43,FT-101,,CLEARED,35.1,INVALID_SEVERITY,NUMERIC
587,2026-09-07 16:53:10,P-102,NORMAL,LOW,STOPPED,CLEARED,2026-09-07 16:53:10,P-102,LOW,CLEARED,STOPPED,INVALID_NUMERIC_VALUE,STATE
590,2026-09-19 17:36:33,P-102,NORMAL,LOW,RUNNING,CLEARED,2026-09-19 17:36:33,P-102,LOW,CLEARED,RUNNING,INVALID_NUMERIC_VALUE,STATE
597,2026-09-26 13:17:05,P-101,NORMAL,LOW,RUNNING,CLEARED,2026-09-26 13:17:05,P-101,LOW,CLEARED,RUNNING,INVALID_NUMERIC_VALUE,STATE
611,2026-09-11 21:31:00,P-101,NORMAL,LOW,STOPPED,CLEARED,11-09-2026 21:31,P-101,LOW,CLEARED,STOPPED,INVALID_NUMERIC_VALUE,STATE
622,2026-09-22 14:14:53,P-101,NORMAL,LOW,RUNNING,CLEARED,2026-09-22 14:14:53,P-101,LOW,CLEARED,RUNNING,INVALID_NUMERIC_VALUE,STATE
626,2026-09-16 12:32:06,P-102,NORMAL,LOW,RUNNING,CLEARED,2026-09-16 12:32:06,P-102,LOW,CLEARED,RUNNING,INVALID_NUMERIC_VALUE,STATE
634,2026-09-01 18:25:30,P-102,NORMAL,LOW,RUNNING,CLEARED,2026-09-01 18:25:30,P-102,LOW,CLEARED,RUNNING,INVALID_NUMERIC_VALUE,STATE
641,2026-09-06 16:35:22,P-102,NORMAL,LOW,RUNNING,CLEARED,2026-09-06 16:35:22,P-102,LOW,CLEARED,RUNNING,INVALID_NUMERIC_VALUE,STATE
643,2026-09-08 16:36:33,P-102,NORMAL,LOW,STOPPED,CLEARED,2026-09-08 16:36:33,P-102,LOW,CLEARED,STOPPED,INVALID_NUMERIC_VALUE,STATE
659,2026-09-01 23:56:32,P-102,NORMAL,LOW,RUNNING,CLEARED,2026-09-01 23:56:32,P-102,LOW,CLEARED,RUNNING,INVALID_NUMERIC_VALUE,STATE
679,2026-09-17 06:38:19,P-102,NORMAL,LOW,STOPPED,CLEARED,2026-09-17 06:38:19,P-102,LOW,CLEARED,STOPPED,INVALID_NUMERIC_VALUE,STATE
683,2026-09-29 00:39:50,P-102,NORMAL,LOW,RUNNING,CLEARED,2026-09-29 00:39:50,P-102,LOW,CLEARED,RUNNING,INVALID_NUMERIC_VALUE,STATE
684,2026-09-17 04:50:58,P-101,NORMAL,LOW,RUNNING,CLEARED,2026-09-17 04:50:58,P-101,LOW,CLEARED,RUNNING,INVALID_NUMERIC_VALUE,STATE
695,2026-09-10 10:54:49,P-101,NORMAL,LOW,RUNNING,CLEARED,2026-09-10 10:54:49,p-101,LOW,CLEARED,RUNNING,INVALID_NUMERIC_VALUE,STATE
698,2026-09-01 21:28:14,P-101,NORMAL,LOW,RUNNING,CLEARED,2026-09-01 21:28:14,P-101,LOW,CLEARED,RUNNING,INVALID_NUMERIC_VALUE,STATE
702,2026-09-16 05:06:47,P-101,NORMAL,LOW,RUNNING,CLEARED,2026-09-16 05:06:47,P-101,LOW,CLEARED,RUNNING,INVALID_NUMERIC_VALUE,STATE
703,2026-09-09 05:39:36,P-101,NORMAL,LOW,STOPPED,CLEARED,2026-09-09 05:39:36,P-101,LOW,CLEARED,STOPPED,INVALID_NUMERIC_VALUE,STATE
707,2026-09-04 19:20:03,P-102,NORMAL,LOW,STOPPED,CLEARED,2026-09-04 19:20:03,P-102,LOW,CLEARED,STOPPED,INVALID_NUMERIC_VALUE,STATE
708,2026-09-17 14:34:58,P-101,NORMAL,LOW,RUNNING,CLEARED,2026-09-17 14:34:58,P-101,LOW,CLEARED,RUNNING,INVALID_NUMERIC_VALUE,STATE
717,2026-09-22 19:58:30,P-101,NORMAL,LOW,RUNNING,CLEARED,2026-09-22 19:58:30,P-101,LOW,CLEARED,RUNNING,INVALID_NUMERIC_VALUE,STATE
726,2026-09-15 00:13:46,P-101,NORMAL,LOW,RUNNING,CLEARED,2026-09-15 00:13:46,P-101,LOW,CLEARED,RUNNING,INVALID_NUMERIC_VALUE,STATE
740,2026-09-28 13:53:03,P-102,NORMAL,LOW,STOPPED,CLEARED,2026-09-28 13:53:03,P-102,LOW,CLEARED,STOPPED,INVALID_NUMERIC_VALUE,STATE
743,2026-09-21 20:17:54,P-101,NORMAL,LOW,STOPPED,CLEARED,2026-09-21 20:17:54,P-101,LOW,CLEARED,STOPPED,INVALID_NUMERIC_VALUE,STATE
749,2026-09-26 23:17:40,P-101,NORMAL,LOW,STOPPED,CLEARED,2026-09-26 23:17:40,P-101,LOW,CLEARED,STOPPED,INVALID_NUMERIC_VALUE,STATE
750,2026-09-27 06:43:04,P-101,NORMAL,LOW,RUNNING,CLEARED,2026-09-27 06:43:04,P-101,LOW,CLEARED,RUNNING,INVALID_NUMERIC_VALUE,STATE
754,2026-09-16 10:17:43,P-101,NORMAL,LOW,RUNNING,CLEARED,2026-09-16 10:17:43,P-101,LOW,CLEARED,RUNNING,INVALID_NUMERIC_VALUE,STATE
760,2026-09-30 00:18:40,P-101,NORMAL,LOW,STOPPED,CLEARED,2026-09-30 00:18:40,P-101,LOW,CLEARED,STOPPED,INVALID_NUMERIC_VALUE,STATE
761,2026-09-16 14:03:40,P-102,NORMAL,LOW,RUNNING,CLEARED,2026-09-16 14:03:40,P-102,LOW,CLEARED,RUNNING,INVALID_NUMERIC_VALUE,STATE
763,2026-09-16 21:26:23,P-101,NORMAL,LOW,RUNNING,CLEARED,2026-09-16 21:26:23,P-101,LOW,CLEARED,RUNNING,INVALID_NUMERIC_VALUE,STATE
771,2026-09-21 12:19:16,P-101,NORMAL,LOW,RUNNING,CLEARED,2026-09-21 12:19:16,P-101,LOW,CLEARED,RUNNING,INVALID_NUMERIC_VALUE,STATE
775,,V-101,NORMAL,LOW,90.14,CLEARED,not-a-date,V-101,LOW,CLEARED,90.14,INVALID_TIMESTAMP,NUMERIC
777,2026-09-12 05:32:17,P-102,NORMAL,POTATO,,CLEARED,2026-09-12 05:32:17,P-102,potato,CLEARED,ERROR,INVALID_SEVERITY;MISSING_VALUE,NULL
780,2026-09-29 16:37:44,PT-101,NORMAL,,5.88,CLEARED,2026-09-29 16:37:44,PT-101,,cleared,5.88,INVALID_SEVERITY,NUMERIC
785,2026-09-25 04:16:54,P-102,NORMAL,LOW,RUNNING,CLEARED,2026-09-25 04:16:54,P-102,LOW,CLEARED,RUNNING,INVALID_NUMERIC_VALUE,STATE
788,2026-09-29 22:45:26,P-101,NORMAL,LOW,RUNNING,CLEARED,2026-09-29 22:45:26,P-101,LOW,CLEARED,RUNNING,INVALID_NUMERIC_VALUE,STATE
794,2026-09-14 05:17:34,P-101,NORMAL,LOW,RUNNING,CLEARED,2026-09-14 05:17:34,P-101,LOW,CLEARED,RUNNING,INVALID_NUMERIC_VALUE,STATE
800,2026-09-26 23:17:09,PT-101,NORMAL,POTATO,,CLEARED,26/09/2026 23:17:09,PT-101,potato,CLEARED,ERROR,INVALID_SEVERITY;MISSING_VALUE,NULL
804,2026-09-24 01:55:23,P-101,NORMAL,LOW,RUNNING,CLEARED,2026-09-24 01:55:23,P-101,LOW,CLEARED,RUNNING,INVALID_NUMERIC_VALUE,STATE
805,2026-09-06 01:16:37,P-101,NORMAL,LOW,RUNNING,CLEARED,2026-09-06 01:16:37,P-101,LOW,CLEARED,RUNNING,INVALID_NUMERIC_VALUE,STATE
806,2026-09-30 19:29:24,P-102,NORMAL,LOW,RUNNING,CLEARED,2026-09-30 19:29:24,P 102,LOW,CLEARED,RUNNING,INVALID_NUMERIC_VALUE,STATE
809,2026-09-14 15:10:01,P-101,NORMAL,LOW,RUNNING,CLEARED,2026-09-14 15:10:01,P-101,LOW,CLEARED,RUNNING,INVALID_NUMERIC_VALUE,STATE
815,2026-09-23 09:08:23,LT-101,LOW_LEVEL,HIGH,10.45,UNKNOWN,2026-09-23 09:08:23,LT-101,HIGH,UNKNOWN,10.45,INVALID_STATUS,NUMERIC
832,2026-09-13 11:29:42,P-101,NORMAL,LOW,RUNNING,CLEARED,2026-09-13 11:29:42,P-101,LOW,CLEARED,RUNNING,INVALID_NUMERIC_VALUE,STATE
850,2026-09-06 11:44:24,TT-101,NORMAL,LOW,60.07,UNKNOWN,2026/09/06 11:44:24,TT-101,LOW,UNKNOWN,60.07,INVALID_STATUS,NUMERIC
852,2026-09-02 07:20:24,P-101,NORMAL,LOW,RUNNING,CLEARED,2026-09-02 07:20:24,P-101,LOW,CLEARED,RUNNING,INVALID_NUMERIC_VALUE,STATE
853,2026-09-13 15:25:49,P-101,NORMAL,,RUNNING,CLEARED,2026-09-13 15:25:49,P-101,,CLEARED,RUNNING,INVALID_SEVERITY;INVALID_NUMERIC_VALUE,STATE
858,2026-09-16 11:17:52,P-102,NORMAL,LOW,RUNNING,CLEARED,2026-09-16 11:17:52,P-102,LOW,CLEARED,RUNNING,INVALID_NUMERIC_VALUE,STATE
862,2026-09-20 10:48:58,P-102,NORMAL,LOW,STOPPED,CLEARED,2026-09-20 10:48:58,P-102,LOW,CLEARED,STOPPED,INVALID_NUMERIC_VALUE,STATE
864,2026-09-26 06:19:05,P-102,NORMAL,LOW,RUNNING,CLEARED,2026-09-26 06:19:05,P-102,LOW,CLEARED,RUNNING,INVALID_NUMERIC_VALUE,STATE
866,2026-09-05 16:53:51,P-102,NORMAL,LOW,STOPPED,CLEARED,2026-09-05 16:53:51,P-102,LOW,CLEARED,STOPPED,INVALID_NUMERIC_VALUE,STATE
867,2026-09-12 17:31:34,P-101,NORMAL,LOW,RUNNING,CLEARED,2026-09-12 17:31:34,P-101,LOW,CLEARED,RUNNING,INVALID_NUMERIC_VALUE,STATE
873,2026-09-04 06:19:57,P-101,NORMAL,LOW,RUNNING,CLEARED,2026-09-04 06:19:57,P-101,LOW,CLEARED,RUNNING,INVALID_NUMERIC_VALUE,STATE
882,2026-09-16 15:10:12,FT-101,NORMAL,UNKNOWN,,CLEARED,2026-09-16 15:10:12,FT-101,UNKNOWN,CLEARED,ERROR,INVALID_SEVERITY;MISSING_VALUE,NULL
885,2026-09-30 16:53:18,P-101,NORMAL,LOW,RUNNING,CLEARED,2026-09-30 16:53:18,P-101,LOW,CLEARED,RUNNING,INVALID_NUMERIC_VALUE,STATE
886,2026-09-26 09:18:23,P-101,NORMAL,LOW,STOPPED,CLEARED,2026-09-26 09:18:23,P-101,LOW,CLEARED,STOPPED,INVALID_NUMERIC_VALUE,STATE
888,2026-09-14 08:29:13,P-101,NORMAL,LOW,RUNNING,CLEARED,2026-09-14 08:29:13,P-101,LOW,CLEARED,RUNNING,INVALID_NUMERIC_VALUE,STATE
889,2026-09-04 20:00:17,P-101,NORMAL,LOW,RUNNING,CLEARED,2026-09-04 20:00:17,P-101,LOW,CLEARED,RUNNING,INVALID_NUMERIC_VALUE,STATE
890,2026-09-30 20:18:18,P-101,NORMAL,LOW,RUNNING,CLEARED,2026-09-30 20:18:18,P-101,LOW,CLEARED,RUNNING,INVALID_NUMERIC_VALUE,STATE
897,2026-09-30 12:15:30,P-101,NORMAL,LOW,STOPPED,CLEARED,2026-09-30 12:15:30,P-101,LOW,CLEARED,STOPPED,INVALID_NUMERIC_VALUE,STATE
906,2026-09-23 09:39:34,P-101,NORMAL,LOW,STOPPED,CLEARED,2026-09-23 09:39:34,P-101,LOW,CLEARED,STOPPED,INVALID_NUMERIC_VALUE,STATE
907,2026-09-20 06:37:32,P-102,NORMAL,LOW,STOPPED,CLEARED,2026-09-20 06:37:32,P-102,LOW,CLEARED,STOPPED,INVALID_NUMERIC_VALUE,STATE
912,2026-09-25 09:58:29,P-101,NORMAL,LOW,RUNNING,CLEARED,2026-09-25 09:58:29,P-101,LOW,CLEARED,RUNNING,INVALID_NUMERIC_VALUE,STATE
918,2026-09-18 14:27:24,P-101,NORMAL,LOW,RUNNING,CLEARED,2026-09-18 14:27:24,P-101,LOW,CLEARED,RUNNING,INVALID_NUMERIC_VALUE,STATE
930,2026-09-14 16:27:20,P-101,NORMAL,LOW,RUNNING,CLEARED,2026-09-14 16:27:20,P-101,LOW,CLEARED,RUNNING,INVALID_NUMERIC_VALUE,STATE
931,2026-09-16 22:54:23,P-101,NORMAL,LOW,RUNNING,CLEARED,2026-09-16 22:54:23,P-101,LOW,CLEARED,RUNNING,INVALID_NUMERIC_VALUE,STATE
939,2026-09-26 23:27:18,P-101,NORMAL,LOW,STOPPED,CLEARED,2026-09-26 23:27:18,P-101,LOW,CLEARED,STOPPED,INVALID_NUMERIC_VALUE,STATE
946,2026-09-19 06:08:38,P-102,NORMAL,LOW,STOPPED,CLEARED,2026-09-19 06:08:38,P-102,LOW,CLEARED,STOPPED,INVALID_NUMERIC_VALUE,STATE
954,2026-09-06 10:51:25,P-101,NORMAL,LOW,RUNNING,CLEARED,2026-09-06 10:51:25,P-101,LOW,CLEARED,RUNNING,INVALID_NUMERIC_VALUE,STATE
959,2026-09-11 06:33:26,P-102,NORMAL,LOW,RUNNING,CLEARED,2026-09-11 06:33:26,P-102,LOW,CLEARED,RUNNING,INVALID_NUMERIC_VALUE,STATE
965,2026-09-06 17:05:51,P-102,NORMAL,LOW,RUNNING,CLEARED,2026-09-06 17:05:51,P-102,LOW,CLEARED,RUNNING,INVALID_NUMERIC_VALUE,STATE
971,2026-09-03 23:00:56,P-101,NORMAL,LOW,STOPPED,CLEARED,2026-09-03 23:00:56,P-101,LOW,CLEARED,STOPPED,INVALID_NUMERIC_VALUE,STATE
972,2026-09-21 02:04:06,P-101,NORMAL,LOW,RUNNING,CLEARED,2026-09-21 02:04:06,P-101,LOW,CLEARED,RUNNING,INVALID_NUMERIC_VALUE,STATE
977,2026-09-02 19:05:21,P-102,NORMAL,LOW,STOPPED,CLEARED,2026-09-02 19:05:21,P-102,LOW,CLEARED,STOPPED,INVALID_NUMERIC_VALUE,STATE
978,2026-09-12 07:33:10,P-101,NORMAL,LOW,STOPPED,CLEARED,2026-09-12 07:33:10,P-101,LOW,CLEARED,STOPPED,INVALID_NUMERIC_VALUE,STATE
985,2026-09-29 13:31:07,P-102,NORMAL,LOW,STOPPED,CLEARED,2026-09-29 13:31:07,P-102,LOW,CLEARED,STOPPED,INVALID_NUMERIC_VALUE,STATE
991,,M-101,NORMAL,LOW,1.48,CLEARED,32/15/2026 25:99:99,M-101,LOW,CLEARED,1.48,INVALID_TIMESTAMP,NUMERIC
998,2026-09-05 21:13:03,P-102,NORMAL,LOW,RUNNING,CLEARED,2026-09-05 21:13:03,P-102,LOW,CLEARED,RUNNING,INVALID_NUMERIC_VALUE,STATE
1001,2026-09-27 13:13:44,P-102,NORMAL,LOW,RUNNING,CLEARED,2026-09-27 13:13:44,P-102,LOW,CLEARED,RUNNING,INVALID_NUMERIC_VALUE,STATE
1003,2026-09-12 06:35:23,P-101,NORMAL,LOW,RUNNING,CLEARED,2026-09-12 06:35:23,P-101,LOW,CLEARED,RUNNING,INVALID_NUMERIC_VALUE,STATE
1004,2026-09-30 23:42:54,P-102,NORMAL,LOW,RUNNING,CLEARED,2026-09-30 23:42:54,P-102,LOW,CLEARED,RUNNING,INVALID_NUMERIC_VALUE,STATE
1007,2026-09-04 17:53:43,P-101,NORMAL,LOW,RUNNING,CLEARED,2026-09-04 17:53:43,P-101,LOW,CLEARED,RUNNING,INVALID_NUMERIC_VALUE,STATE
1018,2026-09-17 04:38:12,P-101,NORMAL,LOW,RUNNING,CLEARED,2026-09-17 04:38:12,P-101,LOW,CLEARED,RUNNING,INVALID_NUMERIC_VALUE,STATE
1034,2026-09-21 17:00:35,P-102,NORMAL,LOW,RUNNING,CLEARED,2026-09-21 17:00:35,P-102,LOW,CLEARED,RUNNING,INVALID_NUMERIC_VALUE,STATE
1040,2026-09-17 07:02:34,P-101,NORMAL,LOW,STOPPED,CLEARED,2026-09-17 07:02:34,P-101,LOW,CLEARED,STOPPED,INVALID_NUMERIC_VALUE,STATE
1046,2026-09-27 21:47:14,P-101,NORMAL,LOW,STOPPED,CLEARED,2026-09-27 21:47:14,P-101,LOW,CLEARED,STOPPED,INVALID_NUMERIC_VALUE,STATE
1049,,FT-101,NORMAL,LOW,20.39,CLEARED,32/15/2026 25:99:99,FT-101,LOW,CLEARED,20.39,INVALID_TIMESTAMP,NUMERIC
1050,2026-09-05 06:05:05,P-101,NORMAL,LOW,RUNNING,CLEARED,2026-09-05 06:05:05,P-101,LOW,CLEARED,RUNNING,INVALID_NUMERIC_VALUE,STATE
1051,2026-09-11 23:09:12,P-102,NORMAL,LOW,RUNNING,CLEARED,2026-09-11 23:09:12,P-102,LOW,CLEARED,RUNNING,INVALID_NUMERIC_VALUE,STATE
1053,2026-09-06 00:17:00,P-101,NORMAL,LOW,RUNNING,CLEARED,2026-09-06 00:17:00,P-101,LOW,CLEARED,RUNNING,INVALID_NUMERIC_VALUE,STATE
1054,2026-09-14 07:11:24,P-101,NORMAL,LOW,STOPPED,CLEARED,2026-09-14 07:11:24,P-101,LOW,CLEARED,STOPPED,INVALID_NUMERIC_VALUE,STATE
1055,2026-09-12 00:50:27,P-102,NORMAL,LOW,RUNNING,CLEARED,2026-09-12 00:50:27,P-102,LOW,CLEARED,RUNNING,INVALID_NUMERIC_VALUE,STATE
1066,2026-09-29 12:34:32,P-102,NORMAL,LOW,RUNNING,CLEARED,2026-09-29 12:34:32,P-102,LOW,CLEARED,RUNNING,INVALID_NUMERIC_VALUE,STATE
1068,2026-09-06 07:25:28,P-102,NORMAL,LOW,RUNNING,CLEARED,2026-09-06 07:25:28,P-102,LOW,CLEARED,RUNNING,INVALID_NUMERIC_VALUE,STATE
1070,2026-09-10 10:13:32,P-101,NORMAL,LOW,RUNNING,CLEARED,2026-09-10 10:13:32,P-101,LOW,CLEARED,RUNNING,INVALID_NUMERIC_VALUE,STATE
1075,2026-09-10 23:28:44,P-101,NORMAL,LOW,STOPPED,CLEARED,2026-09-10 23:28:44,P-101,LOW,CLEARED,STOPPED,INVALID_NUMERIC_VALUE,STATE
1082,2026-09-12 05:57:53,P-101,NORMAL,LOW,RUNNING,CLEARED,2026-09-12 05:57:53,P-101,LOW,CLEARED,RUNNING,INVALID_NUMERIC_VALUE,STATE
1083,2026-09-16 06:15:13,P-101,NORMAL,LOW,STOPPED,CLEARED,2026-09-16 06:15:13,P-101,LOW,CLEARED,STOPPED,INVALID_NUMERIC_VALUE,STATE
1086,2026-09-06 20:42:52,P-102,NORMAL,LOW,RUNNING,CLEARED,2026-09-06 20:42:52,P-102,LOW,CLEARED,RUNNING,INVALID_NUMERIC_VALUE,STATE
1088,2026-09-01 12:26:01,P-101,NORMAL,LOW,RUNNING,CLEARED,2026-09-01 12:26:01,P-101,LOW,CLEARED,RUNNING,INVALID_NUMERIC_VALUE,STATE
1093,2026-09-24 00:03:07,P-101,NORMAL,LOW,RUNNING,CLEARED,2026-09-24 00:03:07,P-101,LOW,CLEARED,RUNNING,INVALID_NUMERIC_VALUE,STATE
1104,2026-09-11 12:25:38,P-102,NORMAL,LOW,STOPPED,CLEARED,2026-09-11 12:25:38,P-102,LOW,CLEARED,STOPPED,INVALID_NUMERIC_VALUE,STATE
1106,2026-09-07 17:20:39,P-101,NORMAL,LOW,RUNNING,CLEARED,2026-09-07 17:20:39,P-101,LOW,CLEARED,RUNNING,INVALID_NUMERIC_VALUE,STATE
1125,2026-09-20 13:47:04,P-101,NORMAL,LOW,RUNNING,CLEARED,2026-09-20 13:47:04,P-101,LOW,CLEARED,RUNNING,INVALID_NUMERIC_VALUE,STATE
1137,2026-09-27 12:20:53,P-102,NORMAL,LOW,RUNNING,CLEARED,2026-09-27 12:20:53,P-102,LOW,CLEARED,RUNNING,INVALID_NUMERIC_VALUE,STATE
1140,2026-09-12 19:51:41,FT-101,NORMAL,LOW,26.49,,2026-09-12 19:51:41, FT-101 ,LOW,,26.49,INVALID_STATUS,NUMERIC
1142,2026-09-10 01:49:55,P-102,NORMAL,LOW,RUNNING,CLEARED,2026-09-10 01:49:55,P-102,LOW,CLEARED,RUNNING,INVALID_NUMERIC_VALUE,STATE
1148,2026-09-05 23:36:42,P-102,NORMAL,LOW,RUNNING,CLEARED,2026-09-05 23:36:42,P-102,LOW,CLEARED,RUNNING,INVALID_NUMERIC_VALUE,STATE
1152,2026-09-15 02:48:32,P-101,NORMAL,LOW,RUNNING,CLEARED,2026-09-15 02:48:32,P-101,LOW,CLEARED,RUNNING,INVALID_NUMERIC_VALUE,STATE
1153,2026-09-23 20:04:48,P-102,NORMAL,LOW,RUNNING,CLEARED,2026-09-23 20:04:48,P-102,LOW,CLEARED,RUNNING,INVALID_NUMERIC_VALUE,STATE
1154,2026-09-14 01:53:49,P-101,NORMAL,LOW,RUNNING,CLEARED,2026-09-14 01:53:49,P-101,LOW,CLEARED,RUNNING,INVALID_NUMERIC_VALUE,STATE
1155,2026-09-22 07:26:51,P-101,NORMAL,LOW,RUNNING,CLEARED,2026-09-22 07:26:51,P-101,LOW,CLEARED,RUNNING,INVALID_NUMERIC_VALUE,STATE
1163,2026-09-06 07:50:52,P-101,NORMAL,LOW,RUNNING,CLEARED,2026-09-06 07:50:52,P-101,LOW,CLEARED,RUNNING,INVALID_NUMERIC_VALUE,STATE
1166,2026-09-06 09:01:33,P-102,NORMAL,LOW,RUNNING,CLEARED,2026-09-06 09:01:33,P-102,LOW,CLEARED,RUNNING,INVALID_NUMERIC_VALUE,STATE
1167,2026-09-10 14:40:35,P-102,NORMAL,LOW,RUNNING,CLEARED,2026-09-10 14:40:35,P-102,LOW,CLEARED,RUNNING,INVALID_NUMERIC_VALUE,STATE
1174,2026-09-18 10:47:50,P-101,NORMAL,LOW,RUNNING,CLEARED,2026-09-18 10:47:50,P-101,LOW,CLEARED,RUNNING,INVALID_NUMERIC_VALUE,STATE
1176,2026-09-14 07:18:50,P-101,NORMAL,LOW,STOPPED,CLEARED,2026-09-14 07:18:50,P-101,LOW,CLEARED,STOPPED,INVALID_NUMERIC_VALUE,STATE
1179,2026-09-14 16:35:45,P-101,NORMAL,LOW,RUNNING,CLEARED,2026-09-14 16:35:45,P-101,LOW,CLEARED,RUNNING,INVALID_NUMERIC_VALUE,STATE
1189,2026-09-04 04:52:29,P-102,NORMAL,LOW,RUNNING,CLEARED,2026-09-04 04:52:29,P-102,LOW,CLEARED,RUNNING,INVALID_NUMERIC_VALUE,STATE
1202,2026-09-12 16:04:17,P-101,NORMAL,LOW,RUNNING,CLEARED,2026-09-12 16:04:17,P-101,LOW,CLEARED,RUNNING,INVALID_NUMERIC_VALUE,STATE
1206,2026-09-28 01:02:54,P-101,NORMAL,LOW,RUNNING,CLEARED,2026-09-28 01:02:54,P-101,LOW,CLEARED,RUNNING,INVALID_NUMERIC_VALUE,STATE
1208,2026-09-07 21:09:41,P-101,NORMAL,LOW,RUNNING,CLEARED,2026-09-07 21:09:41,P-101,LOW,CLEARED,RUNNING,INVALID_NUMERIC_VALUE,STATE
1220,2026-09-08 01:06:42,P-101,NORMAL,LOW,RUNNING,CLEARED,2026-09-08 01:06:42,P-101,LOW,CLEARED,RUNNING,INVALID_NUMERIC_VALUE,STATE
1230,2026-09-14 00:39:56,P-101,NORMAL,LOW,RUNNING,CLEARED,2026-09-14 00:39:56,P-101,LOW,CLEARED,RUNNING,INVALID_NUMERIC_VALUE,STATE
1232,2026-09-20 16:53:55,P-102,NORMAL,LOW,RUNNING,CLEARED,2026-09-20 16:53:55,P-102,LOW,CLEARED,RUNNING,INVALID_NUMERIC_VALUE,STATE
1235,2026-09-26 07:33:31,P-101,NORMAL,LOW,STOPPED,CLEARED,2026-09-26 07:33:31,P-101,LOW,CLEARED,STOPPED,INVALID_NUMERIC_VALUE,STATE
1238,2026-09-24 02:37:53,P-101,NORMAL,LOW,RUNNING,CLEARED,2026-09-24 02:37:53,P-101,LOW,CLEARED,RUNNING,INVALID_NUMERIC_VALUE,STATE
1240,2026-09-29 13:20:55,P-101,NORMAL,LOW,STOPPED,CLEARED,2026-09-29 13:20:55,P-101,LOW,CLEARED,STOPPED,INVALID_NUMERIC_VALUE,STATE
1247,2026-09-26 21:02:12,P-101,NORMAL,LOW,RUNNING,CLEARED,2026-09-26 21:02:12,P-101,LOW,CLEARED,RUNNING,INVALID_NUMERIC_VALUE,STATE
1248,2026-09-22 23:12:37,P-102,NORMAL,LOW,STOPPED,CLEARED,2026-09-22 23:12:37,P-102,LOW, CLEARED ,STOPPED,INVALID_NUMERIC_VALUE,STATE
1250,2026-09-10 07:22:47,P-102,NORMAL,LOW,RUNNING,CLEARED,2026-09-10 07:22:47,P-102,LOW,CLEARED,RUNNING,INVALID_NUMERIC_VALUE,STATE
1254,2026-09-06 05:54:49,P-102,NORMAL,LOW,RUNNING,CLEARED,2026-09-06 05:54:49,P-102,LOW,CLEARED,RUNNING,INVALID_NUMERIC_VALUE,STATE
1255,2026-09-25 12:39:52,P-101,NORMAL,LOW,STOPPED,CLEARED,2026-09-25 12:39:52,P-101,LOW,CLEARED,STOPPED,INVALID_NUMERIC_VALUE,STATE
1260,2026-09-02 02:56:31,P-101,NORMAL,LOW,STOPPED,CLEARED,2026-09-02 02:56:31,P-101,LOW,CLEARED,STOPPED,INVALID_NUMERIC_VALUE,STATE
1264,2026-09-23 21:01:05,P-101,NORMAL,LOW,STOPPED,CLEARED,2026-09-23 21:01:05,P-101,LOW,cleared,STOPPED,INVALID_NUMERIC_VALUE,STATE
1266,2026-09-09 18:15:06,P-101,NORMAL,LOW,RUNNING,CLEARED,2026-09-09 18:15:06,P-101,LOW,CLEARED,RUNNING,INVALID_NUMERIC_VALUE,STATE
1284,2026-09-21 05:25:46,P-101,NORMAL,LOW,RUNNING,CLEARED,2026-09-21 05:25:46,P-101,LOW,CLEARED,RUNNING,INVALID_NUMERIC_VALUE,STATE
1285,2026-09-26 16:46:10,P-101,NORMAL,LOW,RUNNING,CLEARED,2026-09-26 16:46:10,P-101,LOW,CLEARED,RUNNING,INVALID_NUMERIC_VALUE,STATE
1290,2026-09-14 22:28:06,P-101,NORMAL,LOW,STOPPED,CLEARED,2026-09-14 22:28:06,P-101,LOW,CLEARED,STOPPED,INVALID_NUMERIC_VALUE,STATE
1296,2026-09-23 12:13:53,P-102,NORMAL,LOW,RUNNING,CLEARED,2026-09-23 12:13:53,P-102,LOW,CLEARED,RUNNING,INVALID_NUMERIC_VALUE,STATE
1298,2026-09-14 00:37:03,P-102,NORMAL,LOW,RUNNING,CLEARED,2026-09-14 00:37:03,P-102,LOW,CLEARED,RUNNING,INVALID_NUMERIC_VALUE,STATE
1301,2026-09-04 12:39:04,P-102,NORMAL,LOW,RUNNING,CLEARED,2026-09-04 12:39:04,P-102,LOW,CLEARED,RUNNING,INVALID_NUMERIC_VALUE,STATE
1307,2026-09-29 14:56:04,P-101,NORMAL,LOW,RUNNING,CLEARED,2026-09-29 14:56:04,P-101,LOW,CLEARED,RUNNING,INVALID_NUMERIC_VALUE,STATE
1311,2026-09-20 09:41:39,P-101,NORMAL,LOW,RUNNING,CLEARED,2026-09-20 09:41:39,P-101,LOW,CLEARED,RUNNING,INVALID_NUMERIC_VALUE,STATE
1312,2026-09-14 19:56:49,P-101,NORMAL,LOW,RUNNING,CLEARED,2026-09-14 19:56:49,P-101,LOW,CLEARED,RUNNING,INVALID_NUMERIC_VALUE,STATE
1321,2026-09-21 21:05:48,V-101,NORMAL,LOW,75.57,,2026-09-21 21:05:48,V-101,LOW,,75.57,INVALID_STATUS,NUMERIC
1328,2026-09-11 04:56:02,P-101,NORMAL,LOW,RUNNING,CLEARED,2026-09-11 04:56:02,P-101,LOW,CLEARED,RUNNING,INVALID_NUMERIC_VALUE,STATE
1333,2026-09-12 00:56:31,P-101,NORMAL,LOW,STOPPED,CLEARED,2026-09-12 00:56:31,P-101,LOW,CLEARED,STOPPED,INVALID_NUMERIC_VALUE,STATE
1345,2026-09-03 07:27:51,P-101,NORMAL,LOW,RUNNING,CLEARED,2026-09-03 07:27:51,P-101,LOW,CLEARED,RUNNING,INVALID_NUMERIC_VALUE,STATE
1350,2026-09-21 22:14:41,P-102,NORMAL,LOW,RUNNING,CLEARED,2026-09-21 22:14:41,P-102,LOW,CLEARED,RUNNING,INVALID_NUMERIC_VALUE,STATE
1355,,LT-101,NORMAL,LOW,45.01,CLEARED,32/15/2026 25:99:99, LT-101 ,LOW,CLEARED,45.01,INVALID_TIMESTAMP,NUMERIC
1375,2026-09-04 00:33:46,P-101,NORMAL,LOW,STOPPED,CLEARED,2026-09-04 00:33:46,P-101,LOW,CLEARED,STOPPED,INVALID_NUMERIC_VALUE,STATE
1379,2026-09-25 13:02:18,P-101,NORMAL,LOW,RUNNING,CLEARED,2026-09-25 13:02:18,P-101,LOW,CLEARED,RUNNING,INVALID_NUMERIC_VALUE,STATE
1384,2026-09-09 04:22:01,P-102,NORMAL,LOW,RUNNING,CLEARED,2026-09-09 04:22:01,P-102,LOW,CLEARED,RUNNING,INVALID_NUMERIC_VALUE,STATE
1387,2026-09-04 01:06:48,P-101,NORMAL,LOW,RUNNING,CLEARED,2026-09-04 01:06:48,P-101,LOW,CLEARED,RUNNING,INVALID_NUMERIC_VALUE,STATE
1390,2026-09-08 05:05:34,P-101,NORMAL,LOW,RUNNING,CLEARED,2026-09-08 05:05:34,P-101,LOW,CLEARED,RUNNING,INVALID_NUMERIC_VALUE,STATE
1395,2026-09-23 03:35:07,P-101,NORMAL,LOW,STOPPED,CLEARED,2026-09-23 03:35:07,P-101,LOW,CLEARED,STOPPED,INVALID_NUMERIC_VALUE,STATE
1397,2026-09-13 14:57:22,P-101,NORMAL,LOW,RUNNING,CLEARED,2026-09-13 14:57:22,P-101,LOW,CLEARED,RUNNING,INVALID_NUMERIC_VALUE,STATE
1399,2026-09-27 01:43:10,P-102,NORMAL,LOW,STOPPED,CLEARED,2026-09-27 01:43:10,P-102,LOW,CLEARED,STOPPED,INVALID_NUMERIC_VALUE,STATE
1401,2026-09-03 20:24:38,P-101,NORMAL,LOW,RUNNING,CLEARED,2026-09-03 20:24:38,P-101,LOW,CLEARED,RUNNING,INVALID_NUMERIC_VALUE,STATE
1407,2026-09-20 06:25:04,FT-101,NORMAL,POTATO,27.09,CLEARED,2026-09-20 06:25:04,FT 101,potato,Cleared,27.09,INVALID_SEVERITY,NUMERIC
1409,2026-09-15 18:49:00,P-102,NORMAL,LOW,RUNNING,CLEARED,2026-09-15 18:49:00,P-102,LOW,CLEARED,RUNNING,INVALID_NUMERIC_VALUE,STATE
1414,,M-101,NORMAL,LOW,13.2,CLEARED,32/15/2026 25:99:99,M-101,LOW,CLEARED,13.2,INVALID_TIMESTAMP,NUMERIC
1417,2026-09-23 03:44:19,P-101,NORMAL,LOW,RUNNING,CLEARED,2026-09-23 03:44:19,P-101,LOW,CLEARED,RUNNING,INVALID_NUMERIC_VALUE,STATE
1419,2026-09-29 02:44:59,P-102,NORMAL,LOW,RUNNING,CLEARED,2026-09-29 02:44:59,P-102,LOW,CLEARED,RUNNING,INVALID_NUMERIC_VALUE,STATE
1420,2026-09-22 23:20:10,P-101,NORMAL,LOW,RUNNING,CLEARED,2026-09-22 23:20:10,P-101,LOW,CLEARED,RUNNING,INVALID_NUMERIC_VALUE,STATE
1424,2026-09-26 21:32:03,P-101,NORMAL,LOW,RUNNING,CLEARED,2026-09-26 21:32:03,P-101,LOW,CLEARED,RUNNING,INVALID_NUMERIC_VALUE,STATE
1426,2026-09-18 21:02:42,P-101,NORMAL,LOW,RUNNING,CLEARED,2026-09-18 21:02:42,P-101,LOW,CLEARED,RUNNING,INVALID_NUMERIC_VALUE,STATE
1427,2026-09-15 15:14:01,P-102,NORMAL,LOW,RUNNING,CLEARED,2026-09-15 15:14:01,p-102,LOW,CLEARED,RUNNING,INVALID_NUMERIC_VALUE,STATE
1439,2026-09-13 23:35:14,P-101,NORMAL,LOW,RUNNING,CLEARED,2026-09-13 23:35:14,P-101,LOW,CLEARED,RUNNING,INVALID_NUMERIC_VALUE,STATE
1449,2026-09-26 19:01:47,P-101,NORMAL,LOW,RUNNING,CLEARED,2026-09-26 19:01:47,P-101,LOW,CLEARED,RUNNING,INVALID_NUMERIC_VALUE,STATE
1454,2026-09-05 19:52:03,P-101,NORMAL,LOW,STOPPED,CLEARED,2026-09-05 19:52:03,P-101,LOW,CLEARED,STOPPED,INVALID_NUMERIC_VALUE,STATE
1455,2026-09-10 23:07:44,P-102,NORMAL,LOW,STOPPED,CLEARED,2026-09-10 23:07:44,P-102,LOW,CLEARED,STOPPED,INVALID_NUMERIC_VALUE,STATE
1457,2026-09-03 23:15:03,P-102,NORMAL,LOW,RUNNING,CLEARED,2026-09-03 23:15:03,P-102,LOW,CLEARED,RUNNING,INVALID_NUMERIC_VALUE,STATE
1458,2026-09-20 11:18:24,LT-101,NORMAL,POTATO,68.59,CLEARED,2026-09-20 11:18:24,LT-101,potato,CLEARED,68.59,INVALID_SEVERITY,NUMERIC
1461,2026-09-03 13:30:48,P-101,NORMAL,LOW,RUNNING,CLEARED,2026-09-03 13:30:48,P-101,LOW,CLEARED,RUNNING,INVALID_NUMERIC_VALUE,STATE
1472,2026-09-04 23:26:20,P-101,NORMAL,LOW,RUNNING,CLEARED,2026-09-04 23:26:20,P-101,LOW,CLEARED,RUNNING,INVALID_NUMERIC_VALUE,STATE
1473,2026-09-27 19:05:53,P-101,NORMAL,LOW,RUNNING,CLEARED,2026-09-27 19:05:53,P-101,LOW,CLEARED,RUNNING,INVALID_NUMERIC_VALUE,STATE
1478,2026-09-05 07:30:55,FT-101,NORMAL,UNKNOWN,26.35,CLEARED,2026-09-05 07:30:55, FT-101 ,UNKNOWN,CLEARED,26.35,INVALID_SEVERITY,NUMERIC
1479,2026-09-18 16:11:20,P-101,NORMAL,LOW,RUNNING,CLEARED,2026-09-18 16:11:20,P_101,LOW, CLEARED ,RUNNING,INVALID_NUMERIC_VALUE,STATE
1481,2026-09-24 08:05:47,P-101,NORMAL,LOW,RUNNING,CLEARED,2026-09-24 08:05:47,P-101,LOW,CLEARED,RUNNING,INVALID_NUMERIC_VALUE,STATE
1488,2026-09-24 00:51:11,P-102,NORMAL,LOW,RUNNING,CLEARED,2026-09-24 00:51:11,P-102,LOW,CLEARED,RUNNING,INVALID_NUMERIC_VALUE,STATE
1502,,LT-101,NORMAL,LOW,56.9,,not-a-date,LT-101,LOW,,56.9,INVALID_TIMESTAMP;INVALID_STATUS,NUMERIC
1506,2026-09-11 03:51:35,P-102,NORMAL,LOW,STOPPED,CLEARED,2026-09-11 03:51:35,P-102,LOW,CLEARED,STOPPED,INVALID_NUMERIC_VALUE,STATE
1509,2026-09-25 12:32:59,P-101,NORMAL,LOW,STOPPED,CLEARED,2026-09-25 12:32:59,P-101,LOW,CLEARED,STOPPED,INVALID_NUMERIC_VALUE,STATE
1512,2026-09-12 23:22:22,P-102,NORMAL,LOW,STOPPED,CLEARED,2026-09-12 23:22:22,P-102,LOW,CLEARED,STOPPED,INVALID_NUMERIC_VALUE,STATE
1525,2026-09-16 14:18:16,M-101,NORMAL,,12.61,CLEARED,2026-09-16 14:18:16,M-101,,CLEARED,12.61,INVALID_SEVERITY,NUMERIC
1527,2026-09-11 10:51:28,P-101,NORMAL,LOW,RUNNING,CLEARED,2026-09-11 10:51:28,P-101,LOW,CLEARED,RUNNING,INVALID_NUMERIC_VALUE,STATE
1530,2026-09-29 11:48:10,P-102,NORMAL,LOW,RUNNING,CLEARED,2026-09-29 11:48:10,P-102,LOW,CLEARED,RUNNING,INVALID_NUMERIC_VALUE,STATE
1549,2026-09-21 04:50:59,P-101,NORMAL,LOW,RUNNING,CLEARED,2026-09-21 04:50:59,P-101,LOW,CLEARED,RUNNING,INVALID_NUMERIC_VALUE,STATE
1550,2026-09-28 05:30:20,P-101,NORMAL,LOW,RUNNING,CLEARED,2026-09-28 05:30:20,P-101,LOW,CLEARED,RUNNING,INVALID_NUMERIC_VALUE,STATE
1557,2026-09-25 18:31:12,P-101,NORMAL,LOW,STOPPED,CLEARED,2026-09-25 18:31:12,P-101,LOW,CLEARED,STOPPED,INVALID_NUMERIC_VALUE,STATE
1568,2026-09-14 23:26:27,P-101,NORMAL,LOW,RUNNING,CLEARED,2026-09-14 23:26:27,P-101,LOW,CLEARED,RUNNING,INVALID_NUMERIC_VALUE,STATE
1569,2026-09-09 01:41:30,P-102,NORMAL,LOW,RUNNING,CLEARED,2026-09-09 01:41:30,P 102,LOW,CLEARED,RUNNING,INVALID_NUMERIC_VALUE,STATE
1571,2026-09-25 10:10:13,P-101,NORMAL,LOW,STOPPED,CLEARED,2026-09-25 10:10:13,P-101,LOW,CLEARED,STOPPED,INVALID_NUMERIC_VALUE,STATE
1576,2026-09-05 12:46:52,P-102,NORMAL,LOW,RUNNING,CLEARED,2026-09-05 12:46:52,P-102,LOW,CLEARED,RUNNING,INVALID_NUMERIC_VALUE,STATE
1578,2026-09-21 02:24:29,P-102,NORMAL,LOW,RUNNING,CLEARED,2026-09-21 02:24:29,P-102,LOW,CLEARED,RUNNING,INVALID_NUMERIC_VALUE,STATE
1582,2026-09-13 18:52:21,P-102,NORMAL,LOW,STOPPED,CLEARED,2026-09-13 18:52:21,P-102,LOW,CLEARED,STOPPED,INVALID_NUMERIC_VALUE,STATE
1587,2026-09-14 15:43:26,P-102,NORMAL,LOW,STOPPED,CLEARED,2026-09-14 15:43:26,P-102,LOW,CLEARED,STOPPED,INVALID_NUMERIC_VALUE,STATE
1597,2026-09-23 08:11:20,P-102,NORMAL,LOW,RUNNING,CLEARED,2026-09-23 08:11:20,P-102,LOW,CLEARED,RUNNING,INVALID_NUMERIC_VALUE,STATE
1614,2026-09-22 23:18:59,P-101,NORMAL,LOW,RUNNING,CLEARED,2026-09-22 23:18:59,P-101,LOW,CLEARED,RUNNING,INVALID_NUMERIC_VALUE,STATE
1620,2026-09-30 05:09:46,P-101,NORMAL,LOW,STOPPED,CLEARED,2026-09-30 05:09:46,P-101,LOW,CLEARED,STOPPED,INVALID_NUMERIC_VALUE,STATE
1631,2026-09-06 18:40:46,P-101,NORMAL,LOW,RUNNING,CLEARED,2026-09-06 18:40:46,P-101,LOW,CLEARED,RUNNING,INVALID_NUMERIC_VALUE,STATE
1633,2026-09-30 07:08:39,P-102,NORMAL,LOW,RUNNING,CLEARED,2026-09-30 07:08:39,P-102,LOW,CLEARED,RUNNING,INVALID_NUMERIC_VALUE,STATE
1636,2026-09-04 18:19:15,P-101,NORMAL,LOW,RUNNING,CLEARED,2026-09-04 18:19:15,P-101,LOW,CLEARED,RUNNING,INVALID_NUMERIC_VALUE,STATE
1641,2026-09-13 07:07:50,P-101,NORMAL,LOW,RUNNING,CLEARED,2026-09-13 07:07:50,P-101,LOW,CLEARED,RUNNING,INVALID_NUMERIC_VALUE,STATE
1648,2026-09-07 08:45:57,P-102,NORMAL,LOW,STOPPED,CLEARED,2026-09-07 08:45:57,P-102,LOW,CLEARED,STOPPED,INVALID_NUMERIC_VALUE,STATE
1655,,PT-101,NORMAL,LOW,4.29,CLEARED,32/15/2026 25:99:99,PT 101,LOW,CLEARED,4.29,INVALID_TIMESTAMP,NUMERIC
1673,2026-09-27 12:46:21,P-101,NORMAL,LOW,RUNNING,CLEARED,2026-09-27 12:46:21,P-101,LOW,CLEARED,RUNNING,INVALID_NUMERIC_VALUE,STATE
1678,2026-09-29 04:00:28,P-101,NORMAL,LOW,RUNNING,CLEARED,2026-09-29 04:00:28,P-101,LOW,CLEARED,RUNNING,INVALID_NUMERIC_VALUE,STATE
1679,2026-09-26 02:22:30,P-102,NORMAL,POTATO,STOPPED,CLEARED,2026-09-26 02:22:30,P-102,potato, CLEARED ,STOPPED,INVALID_SEVERITY;INVALID_NUMERIC_VALUE,STATE
1682,2026-09-13 09:43:05,P-102,NORMAL,LOW,STOPPED,CLEARED,2026-09-13 09:43:05,P-102,LOW,CLEARED,STOPPED,INVALID_NUMERIC_VALUE,STATE
1688,2026-09-29 03:15:28,P-101,NORMAL,LOW,RUNNING,CLEARED,2026-09-29 03:15:28,P-101,LOW,CLEARED,RUNNING,INVALID_NUMERIC_VALUE,STATE
1690,2026-09-14 17:05:11,P-102,NORMAL,LOW,RUNNING,CLEARED,2026-09-14 17:05:11,P-102,LOW,CLEARED,RUNNING,INVALID_NUMERIC_VALUE,STATE
1692,2026-09-10 03:43:33,P-101,NORMAL,LOW,RUNNING,CLEARED,2026-09-10 03:43:33,P-101,LOW,CLEARED,RUNNING,INVALID_NUMERIC_VALUE,STATE
1693,2026-09-21 15:58:43,P-101,NORMAL,LOW,RUNNING,CLEARED,2026-09-21 15:58:43,P-101,LOW,CLEARED,RUNNING,INVALID_NUMERIC_VALUE,STATE
1697,2026-09-14 20:19:09,FT-101,NORMAL,LOW,21.1,UNKNOWN,2026-09-14 20:19:09,FT-101,LOW,UNKNOWN,21.1,INVALID_STATUS,NUMERIC
1704,,V-101,NORMAL,LOW,92.4,CLEARED,32/15/2026 25:99:99,V-101,LOW,CLEARED,92.4,INVALID_TIMESTAMP,NUMERIC
1705,2026-09-15 17:48:05,P-102,NORMAL,LOW,RUNNING,CLEARED,2026-09-15 17:48:05,P-102,LOW,CLEARED,RUNNING,INVALID_NUMERIC_VALUE,STATE
1706,2026-09-16 23:54:49,P-101,NORMAL,LOW,STOPPED,CLEARED,2026-09-16 23:54:49,P-101,LOW,CLEARED,STOPPED,INVALID_NUMERIC_VALUE,STATE
1707,,TT-101,NORMAL,LOW,49.55,CLEARED,32/15/2026 25:99:99,TT-101,LOW,CLEARED,49.55,INVALID_TIMESTAMP,NUMERIC
1711,2026-09-15 19:01:51,P-101,NORMAL,LOW,RUNNING,CLEARED,2026-09-15 19:01:51,P-101,LOW,CLEARED,RUNNING,INVALID_NUMERIC_VALUE,STATE
1712,2026-09-09 04:34:36,FT-101,NORMAL,,38.51,CLEARED,2026-09-09 04:34:36,FT_101,,CLEARED,38.51,INVALID_SEVERITY,NUMERIC
1713,2026-09-24 04:15:03,P-102,NORMAL,LOW,RUNNING,CLEARED,2026-09-24 04:15:03,P-102,LOW,CLEARED,RUNNING,INVALID_NUMERIC_VALUE,STATE
1718,2026-09-24 09:48:20,P-101,NORMAL,LOW,RUNNING,CLEARED,2026-09-24 09:48:20,P-101,LOW,CLEARED,RUNNING,INVALID_NUMERIC_VALUE,STATE
1719,2026-09-22 01:48:58,P-101,NORMAL,LOW,RUNNING,CLEARED,2026-09-22 01:48:58,P-101,LOW,CLEARED,RUNNING,INVALID_NUMERIC_VALUE,STATE
1732,2026-09-19 07:43:25,PT-101,NORMAL,UNKNOWN,4.87,UNKNOWN,2026-09-19 07:43:25,PT-101,UNKNOWN,UNKNOWN,4.87,INVALID_SEVERITY;INVALID_STATUS,NUMERIC
1733,2026-09-25 20:20:33,P-101,NORMAL,LOW,RUNNING,CLEARED,2026-09-25 20:20:33,P-101,LOW,CLEARED,RUNNING,INVALID_NUMERIC_VALUE,STATE
1739,2026-09-04 21:50:58,P-101,NORMAL,LOW,RUNNING,CLEARED,2026-09-04 21:50:58,P-101,LOW,CLEARED,RUNNING,INVALID_NUMERIC_VALUE,STATE
1743,,PT-101,NORMAL,LOW,5.39,CLEARED,,PT-101,LOW,CLEARED,5.39,INVALID_TIMESTAMP,NUMERIC
1750,2026-09-19 06:46:42,P-101,NORMAL,LOW,RUNNING,CLEARED,2026-09-19 06:46:42,P-101,LOW,CLEARED,RUNNING,INVALID_NUMERIC_VALUE,STATE
1768,2026-09-13 11:54:22,P-102,NORMAL,LOW,RUNNING,CLEARED,2026-09-13 11:54:22,P-102,LOW,CLEARED,RUNNING,INVALID_NUMERIC_VALUE,STATE
1776,2026-09-17 04:16:19,P-102,NORMAL,LOW,RUNNING,CLEARED,2026-09-17 04:16:19,P-102,LOW,CLEARED,RUNNING,INVALID_NUMERIC_VALUE,STATE
1782,2026-09-05 16:16:41,P-102,NORMAL,LOW,RUNNING,CLEARED,2026-09-05 16:16:41,P-102,LOW,CLEARED,RUNNING,INVALID_NUMERIC_VALUE,STATE
1797,,LT-101,NORMAL,LOW,69.36,CLEARED,not-a-date,LT-101,LOW,CLEARED,69.36,INVALID_TIMESTAMP,NUMERIC
1800,2026-09-17 00:46:42,P-101,NORMAL,,RUNNING,CLEARED,2026-09-17 00:46:42,P-101,,CLEARED,RUNNING,INVALID_SEVERITY;INVALID_NUMERIC_VALUE,STATE
1801,2026-09-11 20:57:06,P-101,NORMAL,LOW,RUNNING,CLEARED,2026-09-11 20:57:06,P-101,LOW,CLEARED,RUNNING,INVALID_NUMERIC_VALUE,STATE
1804,2026-09-29 01:16:46,P-101,NORMAL,LOW,RUNNING,CLEARED,2026-09-29 01:16:46,P-101,LOW,CLEARED,RUNNING,INVALID_NUMERIC_VALUE,STATE
1808,2026-09-07 04:18:23,P-102,NORMAL,LOW,RUNNING,CLEARED,2026-09-07 04:18:23,P-102,LOW,CLEARED,RUNNING,INVALID_NUMERIC_VALUE,STATE
1815,2026-09-15 09:58:46,LT-101,NORMAL,POTATO,52.96,CLEARED,2026-09-15 09:58:46,LT 101,potato,CLEARED,52.96,INVALID_SEVERITY,NUMERIC
1817,2026-09-10 08:55:28,P-102,NORMAL,LOW,STOPPED,CLEARED,2026-09-10 08:55:28,P-102,LOW,CLEARED,STOPPED,INVALID_NUMERIC_VALUE,STATE
1818,,TT-101,NORMAL,LOW,53.07,UNKNOWN,,TT-101,LOW,UNKNOWN,53.07,INVALID_TIMESTAMP;INVALID_STATUS,NUMERIC
1821,2026-09-25 22:43:45,P-101,NORMAL,LOW,RUNNING,CLEARED,2026-09-25 22:43:45,P-101,LOW,CLEARED,RUNNING,INVALID_NUMERIC_VALUE,STATE
1840,2026-09-29 21:40:34,P-101,NORMAL,LOW,RUNNING,CLEARED,2026-09-29 21:40:34,P-101,LOW,CLEARED,RUNNING,INVALID_NUMERIC_VALUE,STATE
1843,2026-09-01 23:12:44,P-102,NORMAL,LOW,RUNNING,CLEARED,2026-09-01 23:12:44,P-102,LOW,CLEARED,RUNNING,INVALID_NUMERIC_VALUE,STATE
1845,2026-09-24 23:43:14,P-102,NORMAL,UNKNOWN,RUNNING,CLEARED,2026-09-24 23:43:14,P_102,UNKNOWN,CLEARED,RUNNING,INVALID_SEVERITY;INVALID_NUMERIC_VALUE,STATE
1847,2026-09-22 14:55:45,P-101,NORMAL,LOW,RUNNING,CLEARED,2026-09-22 14:55:45,P-101,LOW,CLEARED,RUNNING,INVALID_NUMERIC_VALUE,STATE
1856,,PT-101,NORMAL,LOW,,CLEARED,32/15/2026 25:99:99,PT-101,LOW,CLEARED,,INVALID_TIMESTAMP;MISSING_VALUE,NULL
1858,2026-09-09 07:56:48,P-102,NORMAL,LOW,RUNNING,CLEARED,2026-09-09 07:56:48,P-102,LOW,CLEARED,RUNNING,INVALID_NUMERIC_VALUE,STATE
1867,2026-09-30 12:05:32,P-102,NORMAL,LOW,RUNNING,CLEARED,2026-09-30 12:05:32,P-102,LOW,CLEARED,RUNNING,INVALID_NUMERIC_VALUE,STATE
1870,2026-09-05 08:00:42,P-101,NORMAL,LOW,RUNNING,CLEARED,2026-09-05 08:00:42,P-101,LOW,CLEARED,RUNNING,INVALID_NUMERIC_VALUE,STATE
1871,2026-09-18 06:53:00,P-101,NORMAL,LOW,STOPPED,CLEARED,2026-09-18 06:53:00,P-101,LOW,CLEARED,STOPPED,INVALID_NUMERIC_VALUE,STATE
1875,2026-09-16 10:53:58,P-102,NORMAL,LOW,RUNNING,CLEARED,2026-09-16 10:53:58,P-102,LOW,CLEARED,RUNNING,INVALID_NUMERIC_VALUE,STATE
1876,2026-09-22 16:09:32,P-101,NORMAL,LOW,RUNNING,CLEARED,2026-09-22 16:09:32,P-101,LOW,CLEARED,RUNNING,INVALID_NUMERIC_VALUE,STATE
1879,2026-09-10 12:01:40,P-101,NORMAL,LOW,RUNNING,CLEARED,2026-09-10 12:01:40,P-101,LOW,CLEARED,RUNNING,INVALID_NUMERIC_VALUE,STATE
1881,2026-09-17 20:28:19,P-101,NORMAL,LOW,RUNNING,CLEARED,2026-09-17 20:28:19,P-101,LOW,CLEARED,RUNNING,INVALID_NUMERIC_VALUE,STATE
1882,2026-09-10 23:28:14,TT-101,NORMAL,,46.39,CLEARED,2026/09/10 23:28:14,TT-101,,CLEARED,46.39,INVALID_SEVERITY,NUMERIC
1889,2026-09-13 14:52:20,P-102,NORMAL,LOW,RUNNING,CLEARED,2026-09-13 14:52:20,P-102,LOW,CLEARED,RUNNING,INVALID_NUMERIC_VALUE,STATE
1893,2026-09-24 17:49:41,P-102,NORMAL,LOW,RUNNING,CLEARED,2026-09-24 17:49:41,P-102,LOW,CLEARED,RUNNING,INVALID_NUMERIC_VALUE,STATE
1895,2026-09-26 00:19:57,P-101,NORMAL,LOW,RUNNING,CLEARED,2026-09-26 00:19:57,P-101,LOW,CLEARED,RUNNING,INVALID_NUMERIC_VALUE,STATE
1909,2026-09-07 03:19:09,P-101,NORMAL,LOW,RUNNING,CLEARED,2026-09-07 03:19:09,P-101,LOW,CLEARED,RUNNING,INVALID_NUMERIC_VALUE,STATE
1913,2026-09-12 19:48:05,P-101,NORMAL,LOW,STOPPED,CLEARED,2026-09-12 19:48:05,P-101,LOW,CLEARED,STOPPED,INVALID_NUMERIC_VALUE,STATE
1923,,PT-101,NORMAL,LOW,6.04,CLEARED,32/15/2026 25:99:99,PT_101,LOW,CLEARED,6.04,INVALID_TIMESTAMP,NUMERIC
1935,2026-09-12 03:26:53,P-102,NORMAL,LOW,RUNNING,CLEARED,2026-09-12 03:26:53,P-102,LOW,CLEARED,RUNNING,INVALID_NUMERIC_VALUE,STATE
1941,2026-09-11 14:45:38,P-102,NORMAL,LOW,RUNNING,CLEARED,2026-09-11 14:45:38,P-102,LOW,CLEARED,RUNNING,INVALID_NUMERIC_VALUE,STATE
1942,2026-09-03 08:30:37,P-102,NORMAL,LOW,RUNNING,CLEARED,2026-09-03 08:30:37,P-102,LOW,CLEARED,RUNNING,INVALID_NUMERIC_VALUE,STATE
1943,2026-09-28 20:53:03,P-101,NORMAL,LOW,STOPPED,CLEARED,2026-09-28 20:53:03,P-101,LOW,CLEARED,STOPPED,INVALID_NUMERIC_VALUE,STATE
1946,2026-09-06 04:26:09,P-102,NORMAL,LOW,RUNNING,CLEARED,2026-09-06 04:26:09,P-102,LOW,CLEARED,RUNNING,INVALID_NUMERIC_VALUE,STATE
1954,2026-09-15 03:14:16,P-102,NORMAL,LOW,RUNNING,CLEARED,2026-09-15 03:14:16,P-102,LOW,CLEARED,RUNNING,INVALID_NUMERIC_VALUE,STATE
1969,2026-09-21 14:57:58,P-101,NORMAL,LOW,STOPPED,CLEARED,2026-09-21 14:57:58,P-101,LOW,CLEARED,STOPPED,INVALID_NUMERIC_VALUE,STATE
1972,2026-09-14 14:09:15,P-102,NORMAL,LOW,RUNNING,CLEARED,2026-09-14 14:09:15,P-102,LOW,CLEARED,RUNNING,INVALID_NUMERIC_VALUE,STATE
1988,2026-09-13 23:23:13,P-101,NORMAL,LOW,STOPPED,CLEARED,2026-09-13 23:23:13,P-101,LOW,CLEARED,STOPPED,INVALID_NUMERIC_VALUE,STATE
1989,2026-09-26 12:37:30,P-102,NORMAL,LOW,STOPPED,CLEARED,2026-09-26 12:37:30,P-102,LOW,CLEARED,STOPPED,INVALID_NUMERIC_VALUE,STATE
1995,2026-09-23 02:30:25,P-101,NORMAL,LOW,RUNNING,CLEARED,2026-09-23 02:30:25,P-101,LOW,CLEARED,RUNNING,INVALID_NUMERIC_VALUE,STATE
2005,2026-09-10 05:47:13,P-101,NORMAL,LOW,RUNNING,CLEARED,2026-09-10 05:47:13,P-101,LOW,CLEARED,RUNNING,INVALID_NUMERIC_VALUE,STATE
2006,2026-09-16 06:23:16,PT-101,NORMAL,POTATO,5.74,CLEARED,2026-09-16 06:23:16,PT-101,potato,CLEARED,5.74,INVALID_SEVERITY,NUMERIC
2007,2026-09-19 22:49:16,P-101,NORMAL,LOW,STOPPED,CLEARED,2026-09-19 22:49:16,P-101,LOW,CLEARED,STOPPED,INVALID_NUMERIC_VALUE,STATE
2010,2026-09-25 00:56:26,P-101,NORMAL,LOW,STOPPED,CLEARED,2026-09-25 00:56:26,P-101,LOW,CLEARED,STOPPED,INVALID_NUMERIC_VALUE,STATE
2012,2026-09-26 18:17:26,P-102,NORMAL,LOW,RUNNING,CLEARED,2026-09-26 18:17:26,P-102,LOW,CLEARED,RUNNING,INVALID_NUMERIC_VALUE,STATE
2016,2026-09-16 18:26:39,P-101,NORMAL,LOW,RUNNING,CLEARED,2026-09-16 18:26:39,P-101,LOW,CLEARED,RUNNING,INVALID_NUMERIC_VALUE,STATE
2017,2026-09-23 10:07:59,P-102,NORMAL,LOW,RUNNING,CLEARED,2026-09-23 10:07:59,P-102,LOW,CLEARED,RUNNING,INVALID_NUMERIC_VALUE,STATE
2018,2026-09-11 05:30:03,P-102,NORMAL,LOW,RUNNING,CLEARED,2026-09-11 05:30:03,P-102,LOW,CLEARED,RUNNING,INVALID_NUMERIC_VALUE,STATE
2019,2026-09-05 23:58:44,LT-101,NORMAL,LOW,67.38,UNKNOWN,2026-09-05 23:58:44,LT-101,low,UNKNOWN,67.38,INVALID_STATUS,NUMERIC
2025,2026-09-12 17:37:58,P-101,NORMAL,LOW,RUNNING,CLEARED,2026-09-12 17:37:58,P-101,LOW,CLEARED,RUNNING,INVALID_NUMERIC_VALUE,STATE
2028,2026-09-29 11:16:52,P-101,NORMAL,LOW,RUNNING,CLEARED,2026-09-29 11:16:52,P-101,LOW,CLEARED,RUNNING,INVALID_NUMERIC_VALUE,STATE
2030,2026-09-24 07:47:02,P-101,NORMAL,LOW,STOPPED,CLEARED,2026-09-24 07:47:02,P-101,LOW,CLEARED,STOPPED,INVALID_NUMERIC_VALUE,STATE
2033,2026-09-03 22:07:59,FT-101,NORMAL,POTATO,37.96,CLEARED,2026-09-03 22:07:59,FT_101,potato,CLEARED,37.96,INVALID_SEVERITY,NUMERIC
2034,2026-09-21 16:20:45,P-102,NORMAL,LOW,STOPPED,CLEARED,2026-09-21 16:20:45,P-102,LOW,CLEARED,STOPPED,INVALID_NUMERIC_VALUE,STATE
2035,2026-09-30 03:27:47,P-101,NORMAL,LOW,RUNNING,CLEARED,2026-09-30 03:27:47,P-101,LOW,CLEARED,RUNNING,INVALID_NUMERIC_VALUE,STATE
2037,2026-09-12 10:02:25,P-101,NORMAL,LOW,RUNNING,CLEARED,2026-09-12 10:02:25,P-101,LOW,CLEARED,RUNNING,INVALID_NUMERIC_VALUE,STATE
2039,2026-09-13 04:26:43,P-101,NORMAL,LOW,RUNNING,CLEARED,2026-09-13 04:26:43,P-101,LOW,CLEARED,RUNNING,INVALID_NUMERIC_VALUE,STATE
2050,2026-09-03 04:42:20,P-102,NORMAL,LOW,,,2026-09-03 04:42:20,P-102,LOW,,,INVALID_STATUS;MISSING_VALUE,NULL
2064,2026-09-06 06:05:29,P-101,NORMAL,LOW,RUNNING,CLEARED,2026-09-06 06:05:29,P-101,LOW,CLEARED,RUNNING,INVALID_NUMERIC_VALUE,STATE
2083,2026-09-27 06:47:18,P-101,NORMAL,LOW,RUNNING,CLEARED,2026-09-27 06:47:18,P-101,LOW,CLEARED,RUNNING,INVALID_NUMERIC_VALUE,STATE
2084,2026-09-12 18:22:17,TT-101,NORMAL,LOW,,UNKNOWN,2026-09-12 18:22:17,TT-101,LOW,UNKNOWN,,INVALID_STATUS;MISSING_VALUE,NULL
2086,2026-09-25 19:38:15,P-101,NORMAL,LOW,RUNNING,CLEARED,2026-09-25 19:38:15,P-101,LOW,CLEARED,RUNNING,INVALID_NUMERIC_VALUE,STATE
2090,2026-09-08 14:02:13,P-101,NORMAL,LOW,RUNNING,CLEARED,2026-09-08 14:02:13,P-101,LOW,CLEARED,RUNNING,INVALID_NUMERIC_VALUE,STATE
2098,2026-09-26 22:38:00,P-102,NORMAL,LOW,STOPPED,CLEARED,2026-09-26 22:38:00,P-102,LOW,CLEARED,STOPPED,INVALID_NUMERIC_VALUE,STATE
2102,2026-09-27 20:08:08,P-102,NORMAL,LOW,RUNNING,CLEARED,2026-09-27 20:08:08,P-102,LOW,CLEARED,RUNNING,INVALID_NUMERIC_VALUE,STATE
2106,2026-09-05 20:20:11,P-102,NORMAL,LOW,RUNNING,CLEARED,2026-09-05 20:20:11,P-102,LOW,CLEARED,RUNNING,INVALID_NUMERIC_VALUE,STATE
2111,2026-09-05 20:11:02,P-101,NORMAL,LOW,RUNNING,CLEARED,2026-09-05 20:11:02,P-101,LOW,CLEARED,RUNNING,INVALID_NUMERIC_VALUE,STATE
2113,2026-09-17 06:30:24,P-101,NORMAL,LOW,RUNNING,CLEARED,2026-09-17 06:30:24,P-101,LOW,CLEARED,RUNNING,INVALID_NUMERIC_VALUE,STATE
2114,2026-09-23 07:38:06,P-102,NORMAL,LOW,RUNNING,CLEARED,2026-09-23 07:38:06,P-102,LOW,CLEARED,RUNNING,INVALID_NUMERIC_VALUE,STATE
2117,2026-09-21 22:17:00,P-101,NORMAL,LOW,RUNNING,CLEARED,"Sep 21, 2026 22:17",P-101,LOW,CLEARED,RUNNING,INVALID_NUMERIC_VALUE,STATE
2121,2026-09-03 10:39:17,P-101,NORMAL,LOW,RUNNING,CLEARED,2026-09-03 10:39:17,P-101,LOW,CLEARED,RUNNING,INVALID_NUMERIC_VALUE,STATE
2123,2026-09-22 19:16:32,P-101,NORMAL,LOW,RUNNING,CLEARED,2026-09-22 19:16:32,P-101,LOW,CLEARED,RUNNING,INVALID_NUMERIC_VALUE,STATE
2126,2026-09-05 20:40:59,P-101,NORMAL,LOW,RUNNING,CLEARED,2026-09-05 20:40:59,P-101,LOW,CLEARED,RUNNING,INVALID_NUMERIC_VALUE,STATE
2131,2026-09-01 09:52:31,P-101,NORMAL,LOW,RUNNING,CLEARED,2026-09-01 09:52:31,P-101,LOW,CLEARED,RUNNING,INVALID_NUMERIC_VALUE,STATE
2133,2026-09-29 21:19:20,P-101,NORMAL,LOW,RUNNING,CLEARED,2026-09-29 21:19:20,P-101,LOW,CLEARED,RUNNING,INVALID_NUMERIC_VALUE,STATE
2134,2026-09-20 03:04:00,P-102,NORMAL,LOW,RUNNING,CLEARED,2026-09-20 03:04:00,P-102,LOW,CLEARED,RUNNING,INVALID_NUMERIC_VALUE,STATE
2137,2026-09-12 10:53:40,P-101,NORMAL,LOW,STOPPED,CLEARED,2026-09-12 10:53:40,P-101,LOW,CLEARED,STOPPED,INVALID_NUMERIC_VALUE,STATE
2153,2026-09-13 12:13:39,P-101,NORMAL,LOW,RUNNING,CLEARED,2026-09-13 12:13:39,P-101,LOW,CLEARED,RUNNING,INVALID_NUMERIC_VALUE,STATE
2164,2026-09-29 00:37:19,P-101,NORMAL,LOW,STOPPED,CLEARED,2026-09-29 00:37:19,P-101,LOW,CLEARED,STOPPED,INVALID_NUMERIC_VALUE,STATE
2165,2026-09-30 10:10:13,P-101,NORMAL,LOW,RUNNING,CLEARED,2026-09-30 10:10:13,P-101,LOW,CLEARED,RUNNING,INVALID_NUMERIC_VALUE,STATE
2175,2026-09-23 12:36:59,P-101,NORMAL,LOW,RUNNING,CLEARED,2026-09-23 12:36:59,P-101,LOW,CLEARED,RUNNING,INVALID_NUMERIC_VALUE,STATE
2176,2026-09-24 02:21:11,P-102,NORMAL,LOW,RUNNING,CLEARED,2026-09-24 02:21:11,P-102,LOW,CLEARED,RUNNING,INVALID_NUMERIC_VALUE,STATE
2182,2026-09-10 21:34:56,P-102,NORMAL,LOW,RUNNING,CLEARED,2026-09-10 21:34:56,P-102,LOW,CLEARED,RUNNING,INVALID_NUMERIC_VALUE,STATE
2185,2026-09-14 00:33:21,P-102,NORMAL,LOW,STOPPED,CLEARED,2026-09-14 00:33:21,P-102,LOW,CLEARED,STOPPED,INVALID_NUMERIC_VALUE,STATE
2187,2026-09-11 17:10:19,P-102,NORMAL,LOW,RUNNING,CLEARED,2026-09-11 17:10:19,P-102,LOW,CLEARED,RUNNING,INVALID_NUMERIC_VALUE,STATE
2192,2026-09-22 20:24:33,P-101,NORMAL,LOW,RUNNING,CLEARED,2026-09-22 20:24:33,P-101,LOW,CLEARED,RUNNING,INVALID_NUMERIC_VALUE,STATE
2196,2026-09-06 06:13:15,P-101,NORMAL,LOW,STOPPED,CLEARED,2026-09-06 06:13:15,P-101,LOW,CLEARED,STOPPED,INVALID_NUMERIC_VALUE,STATE
2197,2026-09-02 21:56:36,P-101,NORMAL,LOW,RUNNING,CLEARED,2026-09-02 21:56:36,P-101,LOW,CLEARED,RUNNING,INVALID_NUMERIC_VALUE,STATE
2201,2026-09-01 01:51:55,P-101,NORMAL,LOW,STOPPED,CLEARED,2026-09-01 01:51:55,P-101,LOW,CLEARED,STOPPED,INVALID_NUMERIC_VALUE,STATE
2209,,PT-101,NORMAL,LOW,5.68,CLEARED,32/15/2026 25:99:99,PT-101,LOW,CLEARED,5.68,INVALID_TIMESTAMP,NUMERIC
2211,2026-09-26 03:41:03,P-102,NORMAL,LOW,RUNNING,CLEARED,2026-09-26 03:41:03,P-102,LOW,CLEARED,RUNNING,INVALID_NUMERIC_VALUE,STATE
2214,2026-09-22 22:35:34,P-101,NORMAL,LOW,RUNNING,CLEARED,2026-09-22 22:35:34,P-101,LOW,CLEARED,RUNNING,INVALID_NUMERIC_VALUE,STATE
2224,2026-09-24 21:15:08,P-101,NORMAL,LOW,RUNNING,CLEARED,2026-09-24 21:15:08,P-101,LOW,CLEARED,RUNNING,INVALID_NUMERIC_VALUE,STATE
2237,2026-09-11 09:01:07,P-101,NORMAL,LOW,RUNNING,CLEARED,2026-09-11 09:01:07,P-101,LOW,CLEARED,RUNNING,INVALID_NUMERIC_VALUE,STATE
2250,2026-09-25 20:30:57,P-102,NORMAL,LOW,STOPPED,CLEARED,2026-09-25 20:30:57,P-102,LOW,CLEARED,STOPPED,INVALID_NUMERIC_VALUE,STATE
2251,2026-09-15 13:36:51,P-101,NORMAL,LOW,RUNNING,CLEARED,2026-09-15 13:36:51,P-101,LOW,CLEARED,RUNNING,INVALID_NUMERIC_VALUE,STATE
2254,2026-09-16 10:40:41,P-101,NORMAL,LOW,RUNNING,CLEARED,2026-09-16 10:40:41,P-101,LOW,CLEARED,RUNNING,INVALID_NUMERIC_VALUE,STATE
2256,2026-09-12 14:27:21,P-101,NORMAL,LOW,RUNNING,CLEARED,2026-09-12 14:27:21,P-101,LOW,CLEARED,RUNNING,INVALID_NUMERIC_VALUE,STATE
2257,2026-09-17 15:28:31,P-102,NORMAL,LOW,RUNNING,CLEARED,2026-09-17 15:28:31,P-102,LOW,CLEARED,RUNNING,INVALID_NUMERIC_VALUE,STATE
2258,2026-09-22 20:54:28,P-101,NORMAL,LOW,STOPPED,CLEARED,2026-09-22 20:54:28,P-101,LOW,CLEARED,STOPPED,INVALID_NUMERIC_VALUE,STATE
2260,2026-09-06 00:50:04,P-101,NORMAL,LOW,RUNNING,CLEARED,2026-09-06 00:50:04,P-101,LOW,CLEARED,RUNNING,INVALID_NUMERIC_VALUE,STATE
2262,2026-09-09 17:34:54,FT-101,NORMAL,POTATO,35.28,CLEARED,2026-09-09 17:34:54,FT-101,potato,CLEARED,35.28,INVALID_SEVERITY,NUMERIC
2272,2026-09-28 21:48:12,P-102,NORMAL,LOW,RUNNING,CLEARED,2026-09-28 21:48:12,P-102,LOW,CLEARED,RUNNING,INVALID_NUMERIC_VALUE,STATE
2273,2026-09-29 07:51:38,P-102,NORMAL,LOW,RUNNING,CLEARED,2026-09-29 07:51:38,P-102,LOW,CLEARED,RUNNING,INVALID_NUMERIC_VALUE,STATE
2278,2026-09-20 15:51:56,P-101,NORMAL,LOW,RUNNING,CLEARED,2026-09-20 15:51:56,P-101,LOW,CLEARED,RUNNING,INVALID_NUMERIC_VALUE,STATE
2282,2026-09-28 11:16:14,P-102,NORMAL,LOW,RUNNING,CLEARED,2026-09-28 11:16:14,P-102,LOW,CLEARED,RUNNING,INVALID_NUMERIC_VALUE,STATE
2295,2026-09-04 13:06:57,P-101,NORMAL,LOW,RUNNING,CLEARED,2026-09-04 13:06:57,P-101,LOW,CLEARED,RUNNING,INVALID_NUMERIC_VALUE,STATE
2300,2026-09-16 03:45:43,P-101,NORMAL,LOW,STOPPED,CLEARED,2026-09-16 03:45:43,P-101,LOW,CLEARED,STOPPED,INVALID_NUMERIC_VALUE,STATE
2303,2026-09-10 04:56:51,P-101,NORMAL,LOW,RUNNING,CLEARED,2026-09-10 04:56:51,P-101,LOW,CLEARED,RUNNING,INVALID_NUMERIC_VALUE,STATE
2305,2026-09-01 18:58:08,P-101,NORMAL,LOW,STOPPED,CLEARED,2026-09-01 18:58:08,P-101,LOW,CLEARED,STOPPED,INVALID_NUMERIC_VALUE,STATE
2312,2026-09-08 05:10:53,P-101,NORMAL,LOW,RUNNING,CLEARED,2026-09-08 05:10:53,P-101,LOW,CLEARED,RUNNING,INVALID_NUMERIC_VALUE,STATE
2313,2026-09-30 04:41:25,P-101,NORMAL,LOW,RUNNING,CLEARED,2026-09-30 04:41:25,P_101,LOW,CLEARED,RUNNING,INVALID_NUMERIC_VALUE,STATE
2315,,PT-101,NORMAL,POTATO,6.32,CLEARED,,PT-101,potato,CLEARED,6.32,INVALID_TIMESTAMP;INVALID_SEVERITY,NUMERIC
2316,2026-09-01 05:57:08,P-102,NORMAL,LOW,RUNNING,CLEARED,2026-09-01 05:57:08,P-102,LOW,CLEARED,RUNNING,INVALID_NUMERIC_VALUE,STATE
2334,2026-09-27 23:57:41,P-102,NORMAL,LOW,RUNNING,CLEARED,2026-09-27 23:57:41,P-102,LOW,CLEARED,RUNNING,INVALID_NUMERIC_VALUE,STATE
2336,2026-09-20 04:44:09,P-102,NORMAL,LOW,RUNNING,CLEARED,2026-09-20 04:44:09,P-102,LOW,CLEARED,RUNNING,INVALID_NUMERIC_VALUE,STATE
2338,2026-09-06 07:58:11,P-102,NORMAL,LOW,RUNNING,CLEARED,2026-09-06 07:58:11,P-102,LOW,CLEARED,RUNNING,INVALID_NUMERIC_VALUE,STATE
2341,2026-09-04 17:09:00,P-101,NORMAL,LOW,RUNNING,CLEARED,"Sep 04, 2026 17:09",P-101,LOW,cleared,RUNNING,INVALID_NUMERIC_VALUE,STATE
2351,2026-09-28 01:29:07,P-101,NORMAL,LOW,STOPPED,CLEARED,2026-09-28 01:29:07,P-101,LOW,CLEARED,STOPPED,INVALID_NUMERIC_VALUE,STATE
2355,2026-09-14 23:25:26,P-101,NORMAL,LOW,STOPPED,CLEARED,2026-09-14 23:25:26,P-101,LOW,CLEARED,STOPPED,INVALID_NUMERIC_VALUE,STATE
2356,2026-09-12 10:01:11,P-102,NORMAL,LOW,RUNNING,CLEARED,2026-09-12 10:01:11,P-102,LOW,CLEARED,RUNNING,INVALID_NUMERIC_VALUE,STATE
2358,2026-09-30 14:47:26,P-101,NORMAL,LOW,RUNNING,CLEARED,2026-09-30 14:47:26,P-101,LOW,CLEARED,RUNNING,INVALID_NUMERIC_VALUE,STATE
2359,2026-09-28 16:31:22,P-101,NORMAL,LOW,RUNNING,CLEARED,2026-09-28 16:31:22,P-101,LOW,CLEARED,RUNNING,INVALID_NUMERIC_VALUE,STATE
2360,2026-09-23 12:39:46,P-102,NORMAL,LOW,RUNNING,CLEARED,2026-09-23 12:39:46,P-102,LOW,CLEARED,RUNNING,INVALID_NUMERIC_VALUE,STATE
2371,2026-09-11 02:38:44,P-101,NORMAL,LOW,RUNNING,CLEARED,2026-09-11 02:38:44,P-101,LOW,CLEARED,RUNNING,INVALID_NUMERIC_VALUE,STATE
2376,2026-09-04 07:28:13,P-101,NORMAL,LOW,STOPPED,CLEARED,2026-09-04 07:28:13,P-101,LOW,CLEARED,STOPPED,INVALID_NUMERIC_VALUE,STATE
2384,2026-09-28 06:39:39,P-101,NORMAL,LOW,STOPPED,CLEARED,2026-09-28 06:39:39,P-101,LOW,CLEARED,STOPPED,INVALID_NUMERIC_VALUE,STATE
2398,2026-09-03 17:10:07,P-102,NORMAL,LOW,RUNNING,CLEARED,2026-09-03 17:10:07,P-102,LOW,CLEARED,RUNNING,INVALID_NUMERIC_VALUE,STATE
2401,2026-09-26 15:04:27,P-101,NORMAL,LOW,STOPPED,CLEARED,2026-09-26 15:04:27,P-101,LOW,CLEARED,STOPPED,INVALID_NUMERIC_VALUE,STATE
2403,2026-09-13 05:11:24,P-102,NORMAL,LOW,RUNNING,CLEARED,2026-09-13 05:11:24,P-102,LOW,CLEARED,RUNNING,INVALID_NUMERIC_VALUE,STATE
2404,2026-09-25 06:19:21,P-101,NORMAL,LOW,STOPPED,CLEARED,2026-09-25 06:19:21,P-101,LOW,CLEARED,STOPPED,INVALID_NUMERIC_VALUE,STATE
2408,2026-09-10 14:33:01,P-102,NORMAL,LOW,RUNNING,CLEARED,2026-09-10 14:33:01,P-102,LOW,CLEARED,RUNNING,INVALID_NUMERIC_VALUE,STATE
2422,2026-09-22 03:50:07,P-101,NORMAL,LOW,RUNNING,CLEARED,2026-09-22 03:50:07,P-101,LOW,CLEARED,RUNNING,INVALID_NUMERIC_VALUE,STATE
2427,2026-09-18 07:14:06,P-101,NORMAL,LOW,STOPPED,CLEARED,2026-09-18 07:14:06,P-101,LOW,CLEARED,STOPPED,INVALID_NUMERIC_VALUE,STATE
2432,2026-09-30 21:12:15,P-102,NORMAL,LOW,RUNNING,CLEARED,2026-09-30 21:12:15,P-102,LOW,CLEARED,RUNNING,INVALID_NUMERIC_VALUE,STATE
2437,,LT-101,NORMAL,LOW,77.68,CLEARED,not-a-date,LT-101,LOW,CLEARED,77.68,INVALID_TIMESTAMP,NUMERIC
2441,2026-09-24 23:58:59,P-101,NORMAL,LOW,STOPPED,CLEARED,2026-09-24 23:58:59,P-101,LOW,CLEARED,STOPPED,INVALID_NUMERIC_VALUE,STATE
2442,2026-09-27 23:17:08,P-102,NORMAL,LOW,RUNNING,CLEARED,2026-09-27 23:17:08,P-102,LOW,CLEARED,RUNNING,INVALID_NUMERIC_VALUE,STATE
2453,2026-09-08 13:02:26,P-102,NORMAL,LOW,RUNNING,CLEARED,2026-09-08 13:02:26,P-102,LOW,CLEARED,RUNNING,INVALID_NUMERIC_VALUE,STATE
2467,2026-09-23 14:49:21,P-101,NORMAL,LOW,RUNNING,CLEARED,2026-09-23 14:49:21,P-101,LOW,CLEARED,RUNNING,INVALID_NUMERIC_VALUE,STATE
2472,2026-09-10 13:09:22,P-101,NORMAL,POTATO,RUNNING,CLEARED,2026-09-10 13:09:22,P-101,potato,cleared,RUNNING,INVALID_SEVERITY;INVALID_NUMERIC_VALUE,STATE
2474,2026-09-21 10:36:52,P-101,NORMAL,LOW,RUNNING,CLEARED,2026-09-21 10:36:52,P-101,LOW,CLEARED,RUNNING,INVALID_NUMERIC_VALUE,STATE
2480,2026-09-04 08:14:49,P-101,NORMAL,LOW,RUNNING,CLEARED,2026-09-04 08:14:49,P-101,LOW,CLEARED,RUNNING,INVALID_NUMERIC_VALUE,STATE
2488,2026-09-13 12:49:47,P-101,NORMAL,LOW,RUNNING,CLEARED,2026-09-13 12:49:47,P-101,LOW,CLEARED,RUNNING,INVALID_NUMERIC_VALUE,STATE
2494,2026-09-04 18:42:32,P-101,NORMAL,LOW,RUNNING,,2026-09-04 18:42:32,P-101,LOW,,RUNNING,INVALID_STATUS;INVALID_NUMERIC_VALUE,STATE
2495,,TT-101,NORMAL,LOW,65.16,CLEARED,not-a-date,TT-101, LOW ,CLEARED,65.16,INVALID_TIMESTAMP,NUMERIC
2504,2026-09-13 03:19:40,P-102,NORMAL,UNKNOWN,STOPPED,CLEARED,2026-09-13 03:19:40,P-102,UNKNOWN,CLEARED,STOPPED,INVALID_SEVERITY;INVALID_NUMERIC_VALUE,STATE
2519,2026-09-09 02:08:05,P-101,NORMAL,LOW,RUNNING,CLEARED,2026-09-09 02:08:05,P-101,LOW,CLEARED,RUNNING,INVALID_NUMERIC_VALUE,STATE
2522,2026-09-04 12:40:39,P-101,NORMAL,LOW,STOPPED,CLEARED,2026-09-04 12:40:39,P-101,LOW,CLEARED,STOPPED,INVALID_NUMERIC_VALUE,STATE
2530,2026-09-30 11:16:55,P-102,NORMAL,LOW,RUNNING,CLEARED,2026-09-30 11:16:55,P-102,LOW,CLEARED,RUNNING,INVALID_NUMERIC_VALUE,STATE
2531,,M-101,NORMAL,LOW,24.43,CLEARED,32/15/2026 25:99:99,M-101,LOW,CLEARED,24.43,INVALID_TIMESTAMP,NUMERIC
2539,,TT-101,NORMAL,LOW,65.88,CLEARED,,TT-101,LOW,CLEARED,65.88,INVALID_TIMESTAMP,NUMERIC
2541,2026-09-03 16:23:38,P-101,NORMAL,LOW,STOPPED,CLEARED,2026-09-03 16:23:38,P-101,LOW,CLEARED,STOPPED,INVALID_NUMERIC_VALUE,STATE
2542,2026-09-01 10:39:02,P-102,NORMAL,LOW,RUNNING,CLEARED,2026-09-01 10:39:02,P-102,LOW,CLEARED,RUNNING,INVALID_NUMERIC_VALUE,STATE
2543,2026-09-01 03:01:44,P-101,NORMAL,LOW,RUNNING,CLEARED,2026-09-01 03:01:44,P-101,LOW,CLEARED,RUNNING,INVALID_NUMERIC_VALUE,STATE
2562,2026-09-16 05:37:19,P-101,NORMAL,LOW,RUNNING,CLEARED,2026-09-16 05:37:19,P-101,LOW,CLEARED,RUNNING,INVALID_NUMERIC_VALUE,STATE
2564,2026-09-12 22:54:43,P-101,NORMAL,LOW,RUNNING,CLEARED,2026-09-12 22:54:43,P-101,LOW,CLEARED,RUNNING,INVALID_NUMERIC_VALUE,STATE
2568,2026-09-09 03:20:47,P-101,NORMAL,LOW,RUNNING,CLEARED,2026-09-09 03:20:47,P-101,LOW,CLEARED,RUNNING,INVALID_NUMERIC_VALUE,STATE
2571,2026-09-08 03:45:23,P-101,NORMAL,LOW,RUNNING,CLEARED,2026-09-08 03:45:23,P-101,LOW,CLEARED,RUNNING,INVALID_NUMERIC_VALUE,STATE
2575,2026-09-07 10:40:09,P-101,NORMAL,LOW,RUNNING,CLEARED,2026-09-07 10:40:09,P-101,LOW,CLEARED,RUNNING,INVALID_NUMERIC_VALUE,STATE
2576,2026-09-13 05:55:03,P-101,NORMAL,LOW,STOPPED,CLEARED,2026-09-13 05:55:03,P-101,LOW,CLEARED,STOPPED,INVALID_NUMERIC_VALUE,STATE
2581,2026-09-17 10:39:03,P-102,NORMAL,LOW,STOPPED,CLEARED,2026-09-17 10:39:03,P-102,LOW,CLEARED,STOPPED,INVALID_NUMERIC_VALUE,STATE
2584,2026-09-13 02:25:18,P-102,NORMAL,LOW,STOPPED,CLEARED,2026-09-13 02:25:18,P-102,LOW,CLEARED,STOPPED,INVALID_NUMERIC_VALUE,STATE
2586,2026-09-01 08:52:52,P-102,NORMAL,LOW,STOPPED,CLEARED,2026-09-01 08:52:52,P-102,LOW,CLEARED,STOPPED,INVALID_NUMERIC_VALUE,STATE
2593,2026-09-06 21:18:09,P-102,NORMAL,LOW,RUNNING,CLEARED,2026-09-06 21:18:09,P-102,LOW,CLEARED,RUNNING,INVALID_NUMERIC_VALUE,STATE
2605,2026-09-20 06:41:31,P-101,NORMAL,LOW,RUNNING,CLEARED,2026-09-20 06:41:31,P-101,LOW,CLEARED,RUNNING,INVALID_NUMERIC_VALUE,STATE
2606,2026-09-07 07:57:45,P-101,NORMAL,LOW,STOPPED,CLEARED,2026-09-07 07:57:45,P-101,LOW,CLEARED,STOPPED,INVALID_NUMERIC_VALUE,STATE
2608,2026-09-24 04:22:14,P-101,NORMAL,LOW,RUNNING,CLEARED,2026-09-24 04:22:14,P-101,LOW,CLEARED,RUNNING,INVALID_NUMERIC_VALUE,STATE
2625,2026-09-09 20:29:14,M-101,NORMAL,POTATO,,CLEARED,2026-09-09 20:29:14,M-101,potato,CLEARED,N/A,INVALID_SEVERITY;MISSING_VALUE,NULL
2626,2026-09-12 13:13:43,P-101,NORMAL,LOW,STOPPED,CLEARED,2026-09-12 13:13:43,P-101,LOW,CLEARED,STOPPED,INVALID_NUMERIC_VALUE,STATE
2638,2026-09-05 07:42:25,P-102,NORMAL,LOW,RUNNING,CLEARED,2026-09-05 07:42:25,P-102,LOW,CLEARED,RUNNING,INVALID_NUMERIC_VALUE,STATE
2640,2026-09-30 11:15:59,P-102,NORMAL,LOW,RUNNING,CLEARED,2026-09-30 11:15:59,P-102,LOW,CLEARED,RUNNING,INVALID_NUMERIC_VALUE,STATE
2645,2026-09-06 02:35:07,P-102,NORMAL,LOW,RUNNING,CLEARED,2026-09-06 02:35:07,P-102,LOW,CLEARED,RUNNING,INVALID_NUMERIC_VALUE,STATE
2646,2026-09-13 19:11:50,P-101,NORMAL,LOW,STOPPED,CLEARED,2026-09-13 19:11:50,P-101,LOW,CLEARED,STOPPED,INVALID_NUMERIC_VALUE,STATE
2647,2026-09-04 22:57:40,P-102,NORMAL,LOW,RUNNING,CLEARED,2026-09-04 22:57:40,P-102,LOW,CLEARED,RUNNING,INVALID_NUMERIC_VALUE,STATE
2648,2026-09-26 08:15:08,P-101,NORMAL,LOW,STOPPED,CLEARED,2026-09-26 08:15:08,P-101,LOW,CLEARED,STOPPED,INVALID_NUMERIC_VALUE,STATE
2655,2026-09-07 20:04:58,P-101,NORMAL,LOW,RUNNING,CLEARED,2026-09-07 20:04:58,P-101,LOW,CLEARED,RUNNING,INVALID_NUMERIC_VALUE,STATE
2658,,PT-101,NORMAL,,4.96,CLEARED,,PT-101,,CLEARED,4.96,INVALID_TIMESTAMP;INVALID_SEVERITY,NUMERIC
2663,2026-09-30 10:35:34,P-101,NORMAL,LOW,RUNNING,CLEARED,2026-09-30 10:35:34,P-101,LOW,CLEARED,RUNNING,INVALID_NUMERIC_VALUE,STATE
2664,2026-09-03 09:43:28,P-101,NORMAL,LOW,RUNNING,CLEARED,2026-09-03 09:43:28,P-101,LOW,CLEARED,RUNNING,INVALID_NUMERIC_VALUE,STATE
2665,2026-09-11 04:24:07,P-101,NORMAL,LOW,RUNNING,CLEARED,2026-09-11 04:24:07,P-101,LOW,CLEARED,RUNNING,INVALID_NUMERIC_VALUE,STATE
2666,2026-09-17 20:27:59,P-101,NORMAL,LOW,RUNNING,CLEARED,2026-09-17 20:27:59,P-101,LOW,CLEARED,RUNNING,INVALID_NUMERIC_VALUE,STATE
2668,2026-09-15 19:45:47,P-101,NORMAL,LOW,STOPPED,CLEARED,2026-09-15 19:45:47,P-101,LOW,CLEARED,STOPPED,INVALID_NUMERIC_VALUE,STATE
2670,2026-09-10 01:00:42,P-101,NORMAL,LOW,RUNNING,CLEARED,2026-09-10 01:00:42,P-101,LOW,CLEARED,RUNNING,INVALID_NUMERIC_VALUE,STATE
2671,2026-09-28 04:44:37,M-101,NORMAL,LOW,4.95,,2026-09-28 04:44:37,M-101,LOW,,4.95,INVALID_STATUS,NUMERIC
2672,2026-09-19 22:54:39,P-101,NORMAL,LOW,STOPPED,CLEARED,2026-09-19 22:54:39,P-101,LOW,CLEARED,STOPPED,INVALID_NUMERIC_VALUE,STATE
2674,2026-09-10 18:03:09,P-101,NORMAL,LOW,RUNNING,CLEARED,2026-09-10 18:03:09,P-101,LOW,CLEARED,RUNNING,INVALID_NUMERIC_VALUE,STATE
2681,2026-09-27 07:07:49,P-101,NORMAL,LOW,STOPPED,CLEARED,2026-09-27 07:07:49,P-101,LOW,CLEARED,STOPPED,INVALID_NUMERIC_VALUE,STATE
2684,2026-09-02 10:35:03,P-101,NORMAL,LOW,STOPPED,CLEARED,2026-09-02 10:35:03,P-101,LOW,CLEARED,STOPPED,INVALID_NUMERIC_VALUE,STATE
2687,2026-09-23 06:02:31,P-102,NORMAL,LOW,STOPPED,CLEARED,2026-09-23 06:02:31,P-102,LOW,CLEARED,STOPPED,INVALID_NUMERIC_VALUE,STATE
2689,2026-09-18 09:14:59,P-102,NORMAL,LOW,RUNNING,CLEARED,2026-09-18 09:14:59,P-102,LOW,CLEARED,RUNNING,INVALID_NUMERIC_VALUE,STATE
2691,2026-09-17 17:54:58,P-101,NORMAL,LOW,RUNNING,CLEARED,2026-09-17 17:54:58,P-101,LOW,CLEARED,RUNNING,INVALID_NUMERIC_VALUE,STATE
2692,2026-09-29 07:19:26,P-101,NORMAL,LOW,RUNNING,CLEARED,2026-09-29 07:19:26,P-101,LOW,CLEARED,RUNNING,INVALID_NUMERIC_VALUE,STATE
2696,,LT-101,NORMAL,LOW,,CLEARED,32/15/2026 25:99:99,LT-101,LOW,CLEARED,,INVALID_TIMESTAMP;MISSING_VALUE,NULL
2697,2026-09-05 13:09:28,P-101,NORMAL,LOW,STOPPED,CLEARED,2026-09-05 13:09:28,P-101,LOW,CLEARED,STOPPED,INVALID_NUMERIC_VALUE,STATE
2699,2026-09-12 01:10:04,P-102,NORMAL,LOW,RUNNING,CLEARED,2026-09-12 01:10:04,P-102,LOW,CLEARED,RUNNING,INVALID_NUMERIC_VALUE,STATE
2700,2026-09-30 01:36:31,P-101,NORMAL,LOW,RUNNING,CLEARED,2026-09-30 01:36:31,P-101,LOW,CLEARED,RUNNING,INVALID_NUMERIC_VALUE,STATE
2705,2026-09-22 05:33:50,P-101,NORMAL,LOW,RUNNING,CLEARED,2026-09-22 05:33:50,P-101,LOW,CLEARED,RUNNING,INVALID_NUMERIC_VALUE,STATE
2707,2026-09-11 08:45:41,P-101,NORMAL,LOW,RUNNING,CLEARED,2026-09-11 08:45:41,P-101,LOW,CLEARED,RUNNING,INVALID_NUMERIC_VALUE,STATE
2708,2026-09-14 05:08:12,PT-101,NORMAL,POTATO,6.34,CLEARED,2026-09-14 05:08:12,PT_101,potato,CLEARED,6.34,INVALID_SEVERITY,NUMERIC
2714,2026-09-26 10:27:38,P-102,NORMAL,LOW,STOPPED,CLEARED,2026-09-26 10:27:38, P-102 , LOW ,CLEARED,STOPPED,INVALID_NUMERIC_VALUE,STATE
2716,2026-09-05 12:39:32,P-102,NORMAL,LOW,RUNNING,CLEARED,2026-09-05 12:39:32,P-102,LOW,CLEARED,RUNNING,INVALID_NUMERIC_VALUE,STATE
2724,2026-09-23 14:26:08,P-101,NORMAL,LOW,RUNNING,CLEARED,2026-09-23 14:26:08,P-101,LOW,CLEARED,RUNNING,INVALID_NUMERIC_VALUE,STATE
2729,2026-09-05 12:08:43,P-102,NORMAL,LOW,RUNNING,CLEARED,2026-09-05 12:08:43,P-102,LOW,CLEARED,RUNNING,INVALID_NUMERIC_VALUE,STATE
2734,2026-09-01 07:26:15,P-102,NORMAL,LOW,RUNNING,CLEARED,2026-09-01 07:26:15,P-102,LOW,CLEARED,RUNNING,INVALID_NUMERIC_VALUE,STATE
2737,2026-09-20 12:51:47,P-102,NORMAL,LOW,RUNNING,CLEARED,2026-09-20 12:51:47,P-102,LOW,CLEARED,RUNNING,INVALID_NUMERIC_VALUE,STATE
2745,2026-09-08 08:08:08,P-101,NORMAL,LOW,RUNNING,CLEARED,2026-09-08 08:08:08,P-101,LOW,CLEARED,RUNNING,INVALID_NUMERIC_VALUE,STATE
2748,2026-09-20 17:05:41,P-101,NORMAL,LOW,RUNNING,CLEARED,2026-09-20 17:05:41,P-101,LOW,CLEARED,RUNNING,INVALID_NUMERIC_VALUE,STATE
2752,2026-09-14 04:31:57,P-102,NORMAL,LOW,RUNNING,CLEARED,2026-09-14 04:31:57,P-102,LOW,CLEARED,RUNNING,INVALID_NUMERIC_VALUE,STATE
2765,2026-09-15 19:50:48,P-101,NORMAL,LOW,RUNNING,CLEARED,2026-09-15 19:50:48,P-101,low,CLEARED,RUNNING,INVALID_NUMERIC_VALUE,STATE
2769,2026-09-13 02:07:17,P-102,NORMAL,LOW,STOPPED,CLEARED,2026-09-13 02:07:17,P-102,LOW,CLEARED,STOPPED,INVALID_NUMERIC_VALUE,STATE
2776,,LT-101,NORMAL,LOW,65.11,CLEARED,,LT-101,LOW,CLEARED,65.11,INVALID_TIMESTAMP,NUMERIC
2778,2026-09-08 09:55:00,PT-101,NORMAL,LOW,,UNKNOWN,08-09-2026 09:55,PT-101,LOW,UNKNOWN,,INVALID_STATUS;MISSING_VALUE,NULL
2787,,P-102,NORMAL,LOW,RUNNING,CLEARED,not-a-date,P-102,LOW, CLEARED ,RUNNING,INVALID_TIMESTAMP;INVALID_NUMERIC_VALUE,STATE
2796,2026-09-28 03:11:18,P-101,NORMAL,LOW,RUNNING,CLEARED,2026-09-28 03:11:18,P-101,LOW,CLEARED,RUNNING,INVALID_NUMERIC_VALUE,STATE
2797,2026-09-17 18:45:46,P-102,NORMAL,LOW,RUNNING,CLEARED,2026-09-17 18:45:46,P-102,LOW,CLEARED,RUNNING,INVALID_NUMERIC_VALUE,STATE
2806,2026-09-21 17:37:27,P-101,NORMAL,LOW,RUNNING,CLEARED,2026-09-21 17:37:27,P-101,LOW,CLEARED,RUNNING,INVALID_NUMERIC_VALUE,STATE
2826,2026-09-10 02:19:11,PT-101,NORMAL,UNKNOWN,6.72,CLEARED,2026-09-10 02:19:11,PT-101,UNKNOWN,CLEARED,6.72,INVALID_SEVERITY,NUMERIC
2827,2026-09-29 04:19:02,P-101,NORMAL,LOW,RUNNING,CLEARED,2026-09-29 04:19:02,P-101,LOW,CLEARED,RUNNING,INVALID_NUMERIC_VALUE,STATE
2829,2026-09-22 20:40:38,P-101,NORMAL,LOW,STOPPED,CLEARED,2026-09-22 20:40:38,P-101,LOW,CLEARED,STOPPED,INVALID_NUMERIC_VALUE,STATE
2832,2026-09-18 12:30:33,P-102,NORMAL,LOW,RUNNING,CLEARED,2026-09-18 12:30:33,P-102,LOW,CLEARED,RUNNING,INVALID_NUMERIC_VALUE,STATE
2833,2026-09-16 15:31:02,P-102,NORMAL,LOW,RUNNING,CLEARED,2026-09-16 15:31:02,P-102,LOW,CLEARED,RUNNING,INVALID_NUMERIC_VALUE,STATE
2834,2026-09-29 11:11:08,P-102,NORMAL,LOW,RUNNING,CLEARED,2026-09-29 11:11:08,P-102,LOW,CLEARED,RUNNING,INVALID_NUMERIC_VALUE,STATE
2839,2026-09-20 01:55:21,P-101,NORMAL,LOW,RUNNING,CLEARED,2026-09-20 01:55:21,P-101,LOW,CLEARED,RUNNING,INVALID_NUMERIC_VALUE,STATE
2847,2026-09-25 16:53:00,P-101,NORMAL,LOW,RUNNING,CLEARED,2026-09-25 16:53:00,P-101,LOW,CLEARED,RUNNING,INVALID_NUMERIC_VALUE,STATE
2848,2026-09-23 23:07:22,P-101,NORMAL,LOW,STOPPED,CLEARED,2026-09-23 23:07:22,P-101,LOW,CLEARED,STOPPED,INVALID_NUMERIC_VALUE,STATE
2851,2026-09-21 02:47:07,P-102,NORMAL,LOW,RUNNING,CLEARED,2026-09-21 02:47:07,P-102,LOW,CLEARED,RUNNING,INVALID_NUMERIC_VALUE,STATE
2886,2026-09-13 09:58:36,P-101,NORMAL,LOW,RUNNING,CLEARED,2026-09-13 09:58:36,P-101,LOW,CLEARED,RUNNING,INVALID_NUMERIC_VALUE,STATE
2889,2026-09-16 22:01:12,P-102,NORMAL,LOW,RUNNING,CLEARED,2026-09-16 22:01:12,P-102,LOW,CLEARED,RUNNING,INVALID_NUMERIC_VALUE,STATE
2890,2026-09-24 01:17:23,P-102,NORMAL,LOW,RUNNING,CLEARED,2026-09-24 01:17:23,P-102,LOW,CLEARED,RUNNING,INVALID_NUMERIC_VALUE,STATE
2903,2026-09-04 06:40:21,P-101,NORMAL,LOW,RUNNING,CLEARED,2026-09-04 06:40:21,P-101,LOW,CLEARED,RUNNING,INVALID_NUMERIC_VALUE,STATE
2904,2026-09-30 03:03:26,P-101,NORMAL,LOW,RUNNING,CLEARED,2026-09-30 03:03:26,P-101,LOW,CLEARED,RUNNING,INVALID_NUMERIC_VALUE,STATE
2908,2026-09-12 22:11:56,P-101,NORMAL,LOW,RUNNING,CLEARED,2026-09-12 22:11:56,P-101,LOW,CLEARED,RUNNING,INVALID_NUMERIC_VALUE,STATE
2914,2026-09-19 20:22:22,P-102,NORMAL,LOW,RUNNING,CLEARED,2026-09-19 20:22:22,P-102,LOW,CLEARED,RUNNING,INVALID_NUMERIC_VALUE,STATE
2918,2026-09-12 06:07:17,P-102,NORMAL,LOW,STOPPED,CLEARED,2026-09-12 06:07:17,P-102,LOW,CLEARED,STOPPED,INVALID_NUMERIC_VALUE,STATE
2919,2026-09-29 11:08:44,P-102,NORMAL,LOW,RUNNING,CLEARED,2026-09-29 11:08:44,P-102,LOW,CLEARED,RUNNING,INVALID_NUMERIC_VALUE,STATE
2922,2026-09-28 09:44:00,P-102,NORMAL,LOW,RUNNING,CLEARED,2026-09-28 09:44:00,P-102,LOW,CLEARED,RUNNING,INVALID_NUMERIC_VALUE,STATE
2930,2026-09-18 10:49:53,P-101,NORMAL,LOW,RUNNING,CLEARED,2026-09-18 10:49:53,P-101,LOW,CLEARED,RUNNING,INVALID_NUMERIC_VALUE,STATE
2931,2026-09-19 01:14:50,P-101,NORMAL,LOW,RUNNING,CLEARED,2026-09-19 01:14:50,P-101,LOW,CLEARED,RUNNING,INVALID_NUMERIC_VALUE,STATE
2951,2026-09-04 04:47:31,P-102,NORMAL,LOW,STOPPED,CLEARED,2026-09-04 04:47:31,P-102,LOW,CLEARED,STOPPED,INVALID_NUMERIC_VALUE,STATE
2960,2026-09-02 00:38:22,P-102,NORMAL,LOW,RUNNING,CLEARED,2026-09-02 00:38:22,P-102,LOW,CLEARED,RUNNING,INVALID_NUMERIC_VALUE,STATE
2961,2026-09-14 11:06:19,P-101,NORMAL,LOW,RUNNING,CLEARED,2026-09-14 11:06:19,P-101,LOW,CLEARED,RUNNING,INVALID_NUMERIC_VALUE,STATE
2975,2026-09-08 15:30:25,P-102,NORMAL,LOW,RUNNING,CLEARED,2026-09-08 15:30:25,P-102,LOW,CLEARED,RUNNING,INVALID_NUMERIC_VALUE,STATE
2976,2026-09-22 17:25:45,P-102,NORMAL,LOW,RUNNING,CLEARED,2026-09-22 17:25:45,P-102,LOW,CLEARED,RUNNING,INVALID_NUMERIC_VALUE,STATE
2981,2026-09-10 03:07:40,P-101,NORMAL,LOW,RUNNING,CLEARED,2026-09-10 03:07:40,P-101,LOW,CLEARED,RUNNING,INVALID_NUMERIC_VALUE,STATE
2983,2026-09-27 16:30:24,P-101,NORMAL,LOW,STOPPED,CLEARED,2026-09-27 16:30:24,P-101,LOW,CLEARED,STOPPED,INVALID_NUMERIC_VALUE,STATE
2991,2026-09-04 08:52:51,P-101,NORMAL,LOW,RUNNING,CLEARED,2026-09-04 08:52:51,P-101,LOW,CLEARED,RUNNING,INVALID_NUMERIC_VALUE,STATE
2994,2026-09-26 09:55:42,P-102,NORMAL,LOW,RUNNING,CLEARED,2026-09-26 09:55:42,P-102,LOW,CLEARED,RUNNING,INVALID_NUMERIC_VALUE,STATE
3002,2026-09-24 19:17:08,P-102,NORMAL,LOW,RUNNING,CLEARED,2026-09-24 19:17:08,P-102,LOW,CLEARED,RUNNING,INVALID_NUMERIC_VALUE,STATE
3009,2026-09-05 12:56:09,P-102,NORMAL,LOW,RUNNING,CLEARED,2026-09-05 12:56:09,P-102,LOW,CLEARED,RUNNING,INVALID_NUMERIC_VALUE,STATE
3028,2026-09-30 02:29:57,PT-101,NORMAL,,5.1,CLEARED,2026-09-30 02:29:57,PT-101,,CLEARED,5.1,INVALID_SEVERITY,NUMERIC
3030,2026-09-30 16:08:47,P-101,NORMAL,LOW,RUNNING,CLEARED,2026-09-30 16:08:47,P-101,LOW,CLEARED,RUNNING,INVALID_NUMERIC_VALUE,STATE
3031,2026-09-14 22:00:48,P-101,NORMAL,LOW,STOPPED,CLEARED,2026-09-14 22:00:48,P-101,LOW,CLEARED,STOPPED,INVALID_NUMERIC_VALUE,STATE
3032,2026-09-27 12:32:51,P-101,NORMAL,LOW,STOPPED,CLEARED,2026-09-27 12:32:51,P-101,LOW,CLEARED,STOPPED,INVALID_NUMERIC_VALUE,STATE
3034,2026-09-24 10:03:51,P-101,NORMAL,LOW,STOPPED,CLEARED,2026-09-24 10:03:51,P-101,LOW,CLEARED,STOPPED,INVALID_NUMERIC_VALUE,STATE
3037,2026-09-01 06:39:58,P-102,NORMAL,LOW,RUNNING,CLEARED,2026-09-01 06:39:58,P-102,LOW,CLEARED,RUNNING,INVALID_NUMERIC_VALUE,STATE
3043,2026-09-20 06:40:16,P-101,NORMAL,LOW,RUNNING,CLEARED,2026-09-20 06:40:16,P-101,LOW,CLEARED,RUNNING,INVALID_NUMERIC_VALUE,STATE
3048,2026-09-29 22:19:32,P-102,NORMAL,LOW,STOPPED,CLEARED,2026-09-29 22:19:32,P-102,LOW,CLEARED,STOPPED,INVALID_NUMERIC_VALUE,STATE
3051,2026-09-20 16:02:09,P-102,NORMAL,LOW,STOPPED,CLEARED,2026-09-20 16:02:09,P-102,LOW,CLEARED,STOPPED,INVALID_NUMERIC_VALUE,STATE
3054,2026-09-11 12:10:26,P-102,NORMAL,LOW,STOPPED,CLEARED,2026-09-11 12:10:26,P-102,LOW,CLEARED,STOPPED,INVALID_NUMERIC_VALUE,STATE
3056,2026-09-10 18:13:50,P-101,NORMAL,LOW,RUNNING,CLEARED,2026-09-10 18:13:50,P-101,LOW,CLEARED,RUNNING,INVALID_NUMERIC_VALUE,STATE
3058,2026-09-10 18:57:16,P-101,NORMAL,LOW,RUNNING,,2026/09/10 18:57:16,P-101,LOW,,RUNNING,INVALID_STATUS;INVALID_NUMERIC_VALUE,STATE
3073,2026-09-08 11:20:27,P-101,NORMAL,LOW,STOPPED,CLEARED,2026-09-08 11:20:27,P-101,LOW,CLEARED,STOPPED,INVALID_NUMERIC_VALUE,STATE
3077,2026-09-24 13:11:57,P-102,NORMAL,LOW,STOPPED,CLEARED,2026-09-24 13:11:57,P-102,LOW,CLEARED,STOPPED,INVALID_NUMERIC_VALUE,STATE
3081,2026-09-28 23:45:47,P-102,NORMAL,LOW,RUNNING,CLEARED,2026-09-28 23:45:47,P-102,LOW,CLEARED,RUNNING,INVALID_NUMERIC_VALUE,STATE
3090,2026-09-19 12:07:09,P-101,NORMAL,UNKNOWN,RUNNING,CLEARED,2026-09-19 12:07:09,P-101,UNKNOWN,CLEARED,RUNNING,INVALID_SEVERITY;INVALID_NUMERIC_VALUE,STATE
3092,2026-09-12 07:04:59,P-102,NORMAL,LOW,RUNNING,CLEARED,2026-09-12 07:04:59,P-102,LOW,CLEARED,RUNNING,INVALID_NUMERIC_VALUE,STATE
3097,2026-09-14 15:04:11,P-102,NORMAL,LOW,RUNNING,CLEARED,2026-09-14 15:04:11,P-102,LOW,CLEARED,RUNNING,INVALID_NUMERIC_VALUE,STATE
3111,2026-09-30 05:59:27,P-102,NORMAL,LOW,STOPPED,CLEARED,2026-09-30 05:59:27,P-102,LOW,CLEARED,STOPPED,INVALID_NUMERIC_VALUE,STATE
3112,2026-09-12 04:35:46,P-101,NORMAL,LOW,RUNNING,CLEARED,2026-09-12 04:35:46,P-101,LOW,CLEARED,RUNNING,INVALID_NUMERIC_VALUE,STATE
3114,2026-09-16 09:43:37,P-101,NORMAL,LOW,RUNNING,CLEARED,2026-09-16 09:43:37,P-101,LOW,CLEARED,RUNNING,INVALID_NUMERIC_VALUE,STATE
3148,2026-09-16 13:03:36,P-102,NORMAL,LOW,STOPPED,CLEARED,2026-09-16 13:03:36,P-102,LOW,CLEARED,STOPPED,INVALID_NUMERIC_VALUE,STATE
3152,2026-09-12 11:36:07,P-102,NORMAL,LOW,RUNNING,CLEARED,2026-09-12 11:36:07,P-102,LOW,CLEARED,RUNNING,INVALID_NUMERIC_VALUE,STATE
3159,2026-09-27 17:27:31,P-101,NORMAL,LOW,RUNNING,CLEARED,2026-09-27 17:27:31,P-101,LOW,CLEARED,RUNNING,INVALID_NUMERIC_VALUE,STATE
3161,2026-09-10 01:31:56,P-101,NORMAL,LOW,RUNNING,CLEARED,2026-09-10 01:31:56,P-101,LOW,CLEARED,RUNNING,INVALID_NUMERIC_VALUE,STATE
3165,2026-09-07 06:20:03,P-102,NORMAL,LOW,RUNNING,CLEARED,2026-09-07 06:20:03,P-102,LOW,CLEARED,RUNNING,INVALID_NUMERIC_VALUE,STATE
3177,2026-09-04 12:53:18,P-101,NORMAL,LOW,STOPPED,CLEARED,2026-09-04 12:53:18,P-101,low, CLEARED ,STOPPED,INVALID_NUMERIC_VALUE,STATE
3178,2026-09-21 18:25:20,P-102,NORMAL,LOW,RUNNING,CLEARED,2026-09-21 18:25:20,P-102,LOW,CLEARED,RUNNING,INVALID_NUMERIC_VALUE,STATE
3188,2026-09-09 13:43:35,P-101,NORMAL,LOW,RUNNING,CLEARED,2026-09-09 13:43:35,P-101,LOW,CLEARED,RUNNING,INVALID_NUMERIC_VALUE,STATE
3189,2026-09-09 22:10:45,P-101,NORMAL,LOW,STOPPED,CLEARED,2026-09-09 22:10:45,P-101,LOW,CLEARED,STOPPED,INVALID_NUMERIC_VALUE,STATE
3194,,P-101,NORMAL,LOW,RUNNING,CLEARED,32/15/2026 25:99:99,P-101,LOW,CLEARED,RUNNING,INVALID_TIMESTAMP;INVALID_NUMERIC_VALUE,STATE
3199,2026-09-18 10:49:10,P-102,NORMAL,LOW,RUNNING,CLEARED,2026-09-18 10:49:10,P-102,LOW,CLEARED,RUNNING,INVALID_NUMERIC_VALUE,STATE
3201,2026-09-20 01:16:29,P-101,NORMAL,LOW,STOPPED,CLEARED,2026-09-20 01:16:29,P-101,LOW,CLEARED,STOPPED,INVALID_NUMERIC_VALUE,STATE
3207,2026-09-24 20:10:45,P-102,NORMAL,LOW,RUNNING,CLEARED,2026-09-24 20:10:45,P-102,LOW,CLEARED,RUNNING,INVALID_NUMERIC_VALUE,STATE
3209,2026-09-12 02:29:56,P-101,NORMAL,LOW,RUNNING,CLEARED,2026-09-12 02:29:56,P-101,LOW,CLEARED,RUNNING,INVALID_NUMERIC_VALUE,STATE
3212,2026-09-29 22:41:24,P-101,NORMAL,LOW,RUNNING,CLEARED,2026-09-29 22:41:24,P-101,LOW,CLEARED,RUNNING,INVALID_NUMERIC_VALUE,STATE
3214,2026-09-26 07:21:29,P-101,NORMAL,LOW,RUNNING,CLEARED,2026-09-26 07:21:29,P-101,LOW,CLEARED,RUNNING,INVALID_NUMERIC_VALUE,STATE
3217,2026-09-09 08:06:50,P-102,NORMAL,LOW,RUNNING,CLEARED,2026-09-09 08:06:50,P-102,LOW,CLEARED,RUNNING,INVALID_NUMERIC_VALUE,STATE
3221,2026-09-20 03:27:09,P-101,NORMAL,LOW,RUNNING,,2026-09-20 03:27:09,P-101,LOW,,RUNNING,INVALID_STATUS;INVALID_NUMERIC_VALUE,STATE
3225,2026-09-20 19:35:53,P-101,NORMAL,LOW,RUNNING,CLEARED,2026-09-20 19:35:53,P-101,LOW,CLEARED,RUNNING,INVALID_NUMERIC_VALUE,STATE
3237,2026-09-26 19:51:45,P-102,NORMAL,LOW,RUNNING,CLEARED,2026-09-26 19:51:45,P-102,LOW,CLEARED,RUNNING,INVALID_NUMERIC_VALUE,STATE
3241,2026-09-30 15:04:24,P-101,NORMAL,LOW,RUNNING,CLEARED,2026-09-30 15:04:24,P-101,LOW,CLEARED,RUNNING,INVALID_NUMERIC_VALUE,STATE
3243,2026-09-18 00:15:14,FT-101,NORMAL,LOW,23.87,,2026-09-18 00:15:14,FT-101,low,,23.87,INVALID_STATUS,NUMERIC
3247,2026-09-05 13:25:26,P-102,NORMAL,LOW,STOPPED,CLEARED,2026-09-05 13:25:26,P-102,LOW,CLEARED,STOPPED,INVALID_NUMERIC_VALUE,STATE
3248,2026-09-09 15:10:00,P-101,NORMAL,LOW,RUNNING,CLEARED,2026-09-09 15:10:00,P-101,LOW,CLEARED,RUNNING,INVALID_NUMERIC_VALUE,STATE
3250,2026-09-17 12:29:39,P-102,NORMAL,LOW,RUNNING,CLEARED,2026-09-17 12:29:39,P-102,LOW,CLEARED,RUNNING,INVALID_NUMERIC_VALUE,STATE
3253,2026-09-16 17:55:25,P-101,NORMAL,LOW,RUNNING,CLEARED,2026-09-16 17:55:25,P-101,LOW,CLEARED,RUNNING,INVALID_NUMERIC_VALUE,STATE
3254,,M-101,NORMAL,UNKNOWN,10.31,CLEARED,32/15/2026 25:99:99,M-101,UNKNOWN,CLEARED,10.31,INVALID_TIMESTAMP;INVALID_SEVERITY,NUMERIC
3260,2026-09-11 03:40:42,P-101,NORMAL,LOW,RUNNING,CLEARED,2026-09-11 03:40:42,P-101,LOW,CLEARED,RUNNING,INVALID_NUMERIC_VALUE,STATE
3263,2026-09-10 13:31:24,M-101,NORMAL,POTATO,5.34,CLEARED,2026-09-10 13:31:24,M-101,potato,CLEARED,5.34,INVALID_SEVERITY,NUMERIC
3266,,LT-101,NORMAL,LOW,56.29,UNKNOWN,32/15/2026 25:99:99,LT-101,LOW,UNKNOWN,56.29,INVALID_TIMESTAMP;INVALID_STATUS,NUMERIC
3267,2026-09-30 08:41:58,P-101,NORMAL,LOW,STOPPED,CLEARED,2026-09-30 08:41:58,P-101,LOW,CLEARED,STOPPED,INVALID_NUMERIC_VALUE,STATE
3272,2026-09-27 00:30:07,P-101,NORMAL,LOW,RUNNING,CLEARED,2026-09-27 00:30:07,P-101,LOW,CLEARED,RUNNING,INVALID_NUMERIC_VALUE,STATE
3275,2026-09-25 19:39:11,P-101,NORMAL,LOW,RUNNING,CLEARED,2026-09-25 19:39:11,P-101,Low, CLEARED ,RUNNING,INVALID_NUMERIC_VALUE,STATE
3280,2026-09-07 14:06:04,P-101,NORMAL,LOW,STOPPED,CLEARED,2026-09-07 14:06:04,P-101,LOW,CLEARED,STOPPED,INVALID_NUMERIC_VALUE,STATE
3281,2026-09-17 08:25:01,P-102,NORMAL,LOW,RUNNING,CLEARED,2026-09-17 08:25:01,P-102,LOW,CLEARED,RUNNING,INVALID_NUMERIC_VALUE,STATE
3285,2026-09-29 15:14:59,P-101,NORMAL,LOW,STOPPED,CLEARED,2026-09-29 15:14:59,P-101,LOW,CLEARED,STOPPED,INVALID_NUMERIC_VALUE,STATE
3287,2026-09-26 13:22:41,P-101,NORMAL,LOW,RUNNING,CLEARED,2026-09-26 13:22:41,P-101,LOW,CLEARED,RUNNING,INVALID_NUMERIC_VALUE,STATE
3288,2026-09-17 06:57:35,P-101,NORMAL,LOW,STOPPED,CLEARED,2026-09-17 06:57:35,P-101,LOW,CLEARED,STOPPED,INVALID_NUMERIC_VALUE,STATE
3298,2026-09-28 17:41:26,P-101,NORMAL,LOW,STOPPED,CLEARED,2026-09-28 17:41:26,P-101,LOW,CLEARED,STOPPED,INVALID_NUMERIC_VALUE,STATE
3307,2026-09-20 04:51:38,P-101,NORMAL,LOW,RUNNING,CLEARED,2026-09-20 04:51:38,P-101,LOW,CLEARED,RUNNING,INVALID_NUMERIC_VALUE,STATE
3313,2026-09-19 10:25:23,P-101,NORMAL,LOW,RUNNING,CLEARED,2026-09-19 10:25:23,P-101,LOW,CLEARED,RUNNING,INVALID_NUMERIC_VALUE,STATE
3314,2026-09-23 13:43:07,P-102,NORMAL,LOW,RUNNING,CLEARED,2026-09-23 13:43:07,P-102,LOW,CLEARED,RUNNING,INVALID_NUMERIC_VALUE,STATE
3321,2026-09-10 20:28:21,PT-101,NORMAL,,5.49,CLEARED,2026-09-10 20:28:21,PT-101,,CLEARED,5.49,INVALID_SEVERITY,NUMERIC
3322,2026-09-29 09:45:39,P-102,NORMAL,LOW,RUNNING,CLEARED,2026-09-29 09:45:39,P-102,LOW,CLEARED,RUNNING,INVALID_NUMERIC_VALUE,STATE
3324,2026-09-24 19:10:59,P-102,NORMAL,LOW,STOPPED,CLEARED,2026-09-24 19:10:59,P-102,LOW,CLEARED,STOPPED,INVALID_NUMERIC_VALUE,STATE
3326,2026-09-26 13:29:26,P-101,NORMAL,LOW,RUNNING,CLEARED,2026-09-26 13:29:26,P-101,LOW,CLEARED,RUNNING,INVALID_NUMERIC_VALUE,STATE
3327,2026-09-01 18:01:27,P-101,NORMAL,LOW,RUNNING,CLEARED,2026-09-01 18:01:27,P-101,LOW,CLEARED,RUNNING,INVALID_NUMERIC_VALUE,STATE
3332,2026-09-10 03:46:07,P-102,NORMAL,LOW,STOPPED,CLEARED,2026-09-10 03:46:07,P-102,LOW,CLEARED,STOPPED,INVALID_NUMERIC_VALUE,STATE
3344,2026-09-30 18:02:55,P-101,NORMAL,LOW,RUNNING,CLEARED,2026-09-30 18:02:55,P-101,LOW,CLEARED,RUNNING,INVALID_NUMERIC_VALUE,STATE
3346,2026-09-04 02:20:29,P-101,NORMAL,LOW,RUNNING,CLEARED,2026-09-04 02:20:29,P-101,LOW,CLEARED,RUNNING,INVALID_NUMERIC_VALUE,STATE
3351,2026-09-25 15:29:17,P-102,NORMAL,LOW,RUNNING,CLEARED,2026-09-25 15:29:17,P-102,LOW,CLEARED,RUNNING,INVALID_NUMERIC_VALUE,STATE
3353,2026-09-12 10:53:16,P-101,NORMAL,LOW,STOPPED,CLEARED,2026-09-12 10:53:16,P-101,LOW,CLEARED,STOPPED,INVALID_NUMERIC_VALUE,STATE
3361,2026-09-30 01:49:15,P-101,NORMAL,LOW,RUNNING,CLEARED,2026-09-30 01:49:15,P-101,LOW,CLEARED,RUNNING,INVALID_NUMERIC_VALUE,STATE
3362,,LT-101,NORMAL,LOW,73.15,CLEARED,,LT-101,LOW,CLEARED,73.15,INVALID_TIMESTAMP,NUMERIC
3363,2026-09-28 17:40:00,FT-101,NORMAL,POTATO,32.27,CLEARED,28-09-2026 17:40,FT-101,potato,CLEARED,32.27,INVALID_SEVERITY,NUMERIC
3364,2026-09-23 23:57:18,P-101,NORMAL,LOW,RUNNING,CLEARED,2026-09-23 23:57:18,P-101,LOW,CLEARED,RUNNING,INVALID_NUMERIC_VALUE,STATE
3371,2026-09-24 12:11:44,P-101,NORMAL,LOW,RUNNING,CLEARED,2026-09-24 12:11:44,P-101,LOW,CLEARED,RUNNING,INVALID_NUMERIC_VALUE,STATE
3373,2026-09-21 02:00:20,TT-101,NORMAL,UNKNOWN,66.9,UNKNOWN,2026-09-21 02:00:20,TT-101,UNKNOWN,UNKNOWN,66.9,INVALID_SEVERITY;INVALID_STATUS,NUMERIC
3375,2026-09-09 16:43:09,P-101,NORMAL,LOW,RUNNING,CLEARED,2026-09-09 16:43:09,P-101,LOW,CLEARED,RUNNING,INVALID_NUMERIC_VALUE,STATE
3380,2026-09-21 06:14:37,P-102,NORMAL,LOW,RUNNING,CLEARED,2026-09-21 06:14:37,P-102,LOW,CLEARED,RUNNING,INVALID_NUMERIC_VALUE,STATE
3390,2026-09-24 22:34:23,P-101,NORMAL,LOW,STOPPED,CLEARED,2026-09-24 22:34:23,P-101,LOW,CLEARED,STOPPED,INVALID_NUMERIC_VALUE,STATE
3401,2026-09-25 02:56:43,P-101,NORMAL,LOW,RUNNING,CLEARED,2026-09-25 02:56:43,P-101,LOW,CLEARED,RUNNING,INVALID_NUMERIC_VALUE,STATE
3405,2026-09-05 02:35:50,P-102,NORMAL,LOW,RUNNING,CLEARED,2026-09-05 02:35:50,P-102,LOW,CLEARED,RUNNING,INVALID_NUMERIC_VALUE,STATE
3412,2026-09-16 01:21:46,P-101,NORMAL,LOW,RUNNING,CLEARED,2026-09-16 01:21:46,P-101,LOW,CLEARED,RUNNING,INVALID_NUMERIC_VALUE,STATE
3416,2026-09-21 17:39:18,P-101,NORMAL,LOW,STOPPED,CLEARED,2026-09-21 17:39:18,P-101,LOW,CLEARED,STOPPED,INVALID_NUMERIC_VALUE,STATE
3418,2026-09-26 21:37:21,P-101,NORMAL,LOW,RUNNING,CLEARED,2026-09-26 21:37:21,P-101,LOW,CLEARED,RUNNING,INVALID_NUMERIC_VALUE,STATE
3422,2026-09-20 22:38:17,P-102,NORMAL,LOW,RUNNING,CLEARED,2026-09-20 22:38:17,P-102,LOW,CLEARED,RUNNING,INVALID_NUMERIC_VALUE,STATE
3430,2026-09-04 22:05:49,P-101,NORMAL,POTATO,RUNNING,CLEARED,2026-09-04 22:05:49,P-101,potato,CLEARED,RUNNING,INVALID_SEVERITY;INVALID_NUMERIC_VALUE,STATE
3438,2026-09-17 00:19:15,P-101,NORMAL,LOW,RUNNING,CLEARED,2026-09-17 00:19:15,P-101,LOW,CLEARED,RUNNING,INVALID_NUMERIC_VALUE,STATE
3439,2026-09-15 07:30:12,P-102,NORMAL,LOW,RUNNING,CLEARED,2026-09-15 07:30:12,P-102,LOW,CLEARED,RUNNING,INVALID_NUMERIC_VALUE,STATE
3440,2026-09-30 13:14:43,P-102,NORMAL,LOW,RUNNING,CLEARED,2026-09-30 13:14:43,P-102,LOW,CLEARED,RUNNING,INVALID_NUMERIC_VALUE,STATE
3442,2026-09-28 06:38:47,P-101,NORMAL,LOW,RUNNING,CLEARED,2026-09-28 06:38:47,P-101,LOW,CLEARED,RUNNING,INVALID_NUMERIC_VALUE,STATE
3443,2026-09-20 16:18:21,P-101,NORMAL,LOW,RUNNING,CLEARED,2026-09-20 16:18:21,P-101,LOW,CLEARED,RUNNING,INVALID_NUMERIC_VALUE,STATE
3446,2026-09-29 03:14:54,P-102,NORMAL,LOW,RUNNING,CLEARED,2026-09-29 03:14:54,P-102,LOW,CLEARED,RUNNING,INVALID_NUMERIC_VALUE,STATE
3447,2026-09-10 10:23:53,PT-101,NORMAL,UNKNOWN,4.28,CLEARED,2026-09-10 10:23:53,PT-101,UNKNOWN,CLEARED,4.28,INVALID_SEVERITY,NUMERIC
3451,2026-09-19 22:27:15,P-102,NORMAL,LOW,RUNNING,CLEARED,2026-09-19 22:27:15,P-102,LOW,CLEARED,RUNNING,INVALID_NUMERIC_VALUE,STATE
3454,2026-09-25 21:31:22,P-101,NORMAL,POTATO,STOPPED,CLEARED,2026-09-25 21:31:22,P-101,potato,CLEARED,STOPPED,INVALID_SEVERITY;INVALID_NUMERIC_VALUE,STATE
3455,2026-09-30 10:46:21,P-102,NORMAL,LOW,STOPPED,CLEARED,2026-09-30 10:46:21,P-102,LOW,CLEARED,STOPPED,INVALID_NUMERIC_VALUE,STATE
3456,2026-09-02 14:55:43,P-101,NORMAL,LOW,RUNNING,CLEARED,2026-09-02 14:55:43,P-101,LOW,CLEARED,RUNNING,INVALID_NUMERIC_VALUE,STATE
3458,2026-09-07 19:39:24,P-102,NORMAL,LOW,RUNNING,CLEARED,2026-09-07 19:39:24,P-102,LOW,CLEARED,RUNNING,INVALID_NUMERIC_VALUE,STATE
3459,,LT-101,NORMAL,LOW,53.27,CLEARED,not-a-date,LT-101,LOW,CLEARED,53.27,INVALID_TIMESTAMP,NUMERIC
3468,2026-09-07 14:10:18,P-102,NORMAL,LOW,RUNNING,CLEARED,2026-09-07 14:10:18,P-102,LOW,CLEARED,RUNNING,INVALID_NUMERIC_VALUE,STATE
3469,2026-09-24 19:15:02,P-101,NORMAL,LOW,RUNNING,CLEARED,2026-09-24 19:15:02,P-101,LOW,CLEARED,RUNNING,INVALID_NUMERIC_VALUE,STATE
3471,2026-09-28 15:31:45,P-102,NORMAL,LOW,RUNNING,CLEARED,2026-09-28 15:31:45,P-102,LOW,CLEARED,RUNNING,INVALID_NUMERIC_VALUE,STATE
3478,2026-09-28 00:43:26,P-101,NORMAL,LOW,STOPPED,CLEARED,2026-09-28 00:43:26,P-101,LOW,CLEARED,STOPPED,INVALID_NUMERIC_VALUE,STATE
3484,2026-09-07 08:29:03,P-101,NORMAL,LOW,STOPPED,CLEARED,2026-09-07 08:29:03,P-101,LOW,CLEARED,STOPPED,INVALID_NUMERIC_VALUE,STATE
3485,2026-09-12 20:31:30,P-101,NORMAL,LOW,RUNNING,CLEARED,2026-09-12 20:31:30,P-101,LOW,CLEARED,RUNNING,INVALID_NUMERIC_VALUE,STATE
3487,2026-09-19 08:24:02,P-102,NORMAL,LOW,STOPPED,CLEARED,2026-09-19 08:24:02,P-102,LOW,CLEARED,STOPPED,INVALID_NUMERIC_VALUE,STATE
3491,2026-09-25 04:11:17,FT-101,NORMAL,POTATO,37.6,CLEARED,2026-09-25 04:11:17,FT-101,potato,CLEARED,37.6,INVALID_SEVERITY,NUMERIC
3494,2026-09-27 17:22:19,P-102,NORMAL,LOW,RUNNING,CLEARED,2026-09-27 17:22:19,P-102,LOW,CLEARED,RUNNING,INVALID_NUMERIC_VALUE,STATE
3501,2026-09-11 14:35:59,P-102,NORMAL,LOW,STOPPED,CLEARED,2026-09-11 14:35:59,P-102,LOW,CLEARED,STOPPED,INVALID_NUMERIC_VALUE,STATE
3502,2026-09-25 23:43:54,P-101,NORMAL,LOW,RUNNING,CLEARED,2026-09-25 23:43:54,P-101,LOW,CLEARED,RUNNING,INVALID_NUMERIC_VALUE,STATE
3503,2026-09-13 18:21:15,P-102,NORMAL,LOW,RUNNING,CLEARED,2026-09-13 18:21:15,P-102,LOW,CLEARED,RUNNING,INVALID_NUMERIC_VALUE,STATE
3504,2026-09-27 21:08:14,P-102,NORMAL,LOW,STOPPED,CLEARED,2026-09-27 21:08:14,P-102,LOW,CLEARED,STOPPED,INVALID_NUMERIC_VALUE,STATE
3520,2026-09-21 20:50:24,P-102,NORMAL,LOW,RUNNING,CLEARED,2026-09-21 20:50:24,P-102,LOW,CLEARED,RUNNING,INVALID_NUMERIC_VALUE,STATE
3530,2026-09-23 18:12:25,P-101,NORMAL,LOW,STOPPED,CLEARED,2026-09-23 18:12:25,P-101,LOW,CLEARED,STOPPED,INVALID_NUMERIC_VALUE,STATE
3541,2026-09-21 19:35:13,P-102,NORMAL,LOW,RUNNING,CLEARED,2026-09-21 19:35:13,P-102,LOW,CLEARED,RUNNING,INVALID_NUMERIC_VALUE,STATE
3544,2026-09-06 08:25:42,P-102,NORMAL,LOW,STOPPED,CLEARED,2026-09-06 08:25:42,P-102,LOW,CLEARED,STOPPED,INVALID_NUMERIC_VALUE,STATE
3547,2026-09-30 11:45:01,P-101,NORMAL,LOW,RUNNING,CLEARED,2026-09-30 11:45:01,P-101,LOW,CLEARED,RUNNING,INVALID_NUMERIC_VALUE,STATE
3550,2026-09-17 04:08:38,P-102,NORMAL,LOW,RUNNING,CLEARED,2026-09-17 04:08:38,P-102,LOW,CLEARED,RUNNING,INVALID_NUMERIC_VALUE,STATE
3551,2026-09-01 02:59:19,P-102,NORMAL,LOW,RUNNING,CLEARED,2026-09-01 02:59:19,P-102,LOW,CLEARED,RUNNING,INVALID_NUMERIC_VALUE,STATE
3558,2026-09-23 00:17:58,P-101,NORMAL,LOW,STOPPED,CLEARED,2026-09-23 00:17:58,P-101,LOW,CLEARED,STOPPED,INVALID_NUMERIC_VALUE,STATE
3562,2026-09-19 08:04:00,LT-101,NORMAL,LOW,63.29,,2026-09-19 08:04:00,LT-101,LOW,,63.29,INVALID_STATUS,NUMERIC
3563,2026-09-15 02:12:01,P-102,NORMAL,LOW,RUNNING,CLEARED,2026-09-15 02:12:01,P-102,LOW,CLEARED,RUNNING,INVALID_NUMERIC_VALUE,STATE
3570,2026-09-08 00:02:37,P-102,NORMAL,LOW,STOPPED,CLEARED,2026-09-08 00:02:37,P-102,LOW,CLEARED,STOPPED,INVALID_NUMERIC_VALUE,STATE
3574,2026-09-27 04:17:12,P-101,NORMAL,LOW,RUNNING,CLEARED,2026-09-27 04:17:12,P-101,LOW,CLEARED,RUNNING,INVALID_NUMERIC_VALUE,STATE
3583,2026-09-07 04:38:00,P-101,NORMAL,LOW,RUNNING,CLEARED,07-09-2026 04:38,P-101,LOW,CLEARED,RUNNING,INVALID_NUMERIC_VALUE,STATE
3588,2026-09-07 04:41:09,P-101,NORMAL,LOW,STOPPED,CLEARED,2026-09-07 04:41:09,P-101,LOW,CLEARED,STOPPED,INVALID_NUMERIC_VALUE,STATE
3608,2026-09-07 14:07:36,P-101,NORMAL,LOW,STOPPED,CLEARED,2026-09-07 14:07:36,P-101,LOW,CLEARED,STOPPED,INVALID_NUMERIC_VALUE,STATE
3615,2026-09-11 01:44:24,P-101,NORMAL,LOW,RUNNING,CLEARED,2026-09-11 01:44:24,P-101,LOW,CLEARED,RUNNING,INVALID_NUMERIC_VALUE,STATE
3617,2026-09-22 22:01:25,P-101,NORMAL,LOW,RUNNING,CLEARED,2026-09-22 22:01:25,P-101,LOW,CLEARED,RUNNING,INVALID_NUMERIC_VALUE,STATE
3619,2026-09-29 18:07:16,LT-101,NORMAL,LOW,44.45,,2026-09-29 18:07:16,LT-101,LOW,,44.45,INVALID_STATUS,NUMERIC
3626,2026-09-22 04:47:34,P-102,NORMAL,LOW,RUNNING,CLEARED,2026-09-22 04:47:34,P-102,LOW,CLEARED,RUNNING,INVALID_NUMERIC_VALUE,STATE
3630,,V-101,NORMAL,LOW,23.85,CLEARED,not-a-date,V-101,LOW,CLEARED,23.85,INVALID_TIMESTAMP,NUMERIC
3632,2026-09-02 12:04:02,P-101,NORMAL,LOW,RUNNING,CLEARED,2026-09-02 12:04:02,P-101,LOW,CLEARED,RUNNING,INVALID_NUMERIC_VALUE,STATE
3635,2026-09-12 12:49:07,P-101,NORMAL,LOW,STOPPED,CLEARED,2026-09-12 12:49:07,P-101,LOW,CLEARED,STOPPED,INVALID_NUMERIC_VALUE,STATE
3639,2026-09-19 03:15:53,P-102,NORMAL,LOW,RUNNING,CLEARED,2026-09-19 03:15:53,P-102,LOW,CLEARED,RUNNING,INVALID_NUMERIC_VALUE,STATE
3640,2026-09-01 00:24:43,PT-101,NORMAL,POTATO,6.81,CLEARED,2026-09-01 00:24:43,PT-101,potato,CLEARED,6.81,INVALID_SEVERITY,NUMERIC
3648,2026-09-15 06:04:07,P-102,NORMAL,LOW,RUNNING,CLEARED,2026-09-15 06:04:07,P-102,LOW,CLEARED,RUNNING,INVALID_NUMERIC_VALUE,STATE
3649,2026-09-22 19:16:38,P-102,NORMAL,LOW,STOPPED,CLEARED,2026-09-22 19:16:38,P-102,LOW,CLEARED,STOPPED,INVALID_NUMERIC_VALUE,STATE
3650,2026-09-18 12:36:42,P-102,NORMAL,LOW,RUNNING,CLEARED,2026-09-18 12:36:42,P-102,LOW,CLEARED,RUNNING,INVALID_NUMERIC_VALUE,STATE
3655,2026-09-09 16:57:47,P-101,NORMAL,LOW,RUNNING,CLEARED,2026-09-09 16:57:47,P-101,LOW,CLEARED,RUNNING,INVALID_NUMERIC_VALUE,STATE
3657,2026-09-05 21:20:00,P-101,NORMAL,LOW,RUNNING,CLEARED,"Sep 05, 2026 21:20",P-101,LOW,CLEARED,RUNNING,INVALID_NUMERIC_VALUE,STATE
3662,2026-09-28 21:32:53,P-102,NORMAL,LOW,RUNNING,CLEARED,2026-09-28 21:32:53,P-102,LOW,CLEARED,RUNNING,INVALID_NUMERIC_VALUE,STATE
3665,2026-09-22 11:29:49,P-101,NORMAL,LOW,RUNNING,CLEARED,2026-09-22 11:29:49,P-101,LOW,CLEARED,RUNNING,INVALID_NUMERIC_VALUE,STATE
3679,2026-09-04 02:58:00,P-101,NORMAL,LOW,RUNNING,CLEARED,04-09-2026 02:58,P-101,LOW, CLEARED ,RUNNING,INVALID_NUMERIC_VALUE,STATE
3680,2026-09-12 06:11:23,P-101,NORMAL,LOW,STOPPED,CLEARED,2026-09-12 06:11:23,P-101,LOW,CLEARED,STOPPED,INVALID_NUMERIC_VALUE,STATE
3683,2026-09-30 03:57:43,P-101,NORMAL,LOW,RUNNING,CLEARED,2026-09-30 03:57:43,P-101,LOW,CLEARED,RUNNING,INVALID_NUMERIC_VALUE,STATE
3690,2026-09-28 17:21:31,P-102,NORMAL,LOW,RUNNING,CLEARED,2026-09-28 17:21:31,P-102,LOW,CLEARED,RUNNING,INVALID_NUMERIC_VALUE,STATE
3703,2026-09-29 03:45:19,P-101,NORMAL,LOW,STOPPED,CLEARED,2026-09-29 03:45:19,P-101,LOW,CLEARED,STOPPED,INVALID_NUMERIC_VALUE,STATE
3706,2026-09-16 17:45:39,P-102,NORMAL,LOW,STOPPED,CLEARED,2026-09-16 17:45:39,P-102,LOW,CLEARED,STOPPED,INVALID_NUMERIC_VALUE,STATE
3707,2026-09-20 05:07:17,P-101,NORMAL,LOW,RUNNING,CLEARED,2026-09-20 05:07:17,P-101,LOW,CLEARED,RUNNING,INVALID_NUMERIC_VALUE,STATE
3711,2026-09-22 14:39:36,P-102,NORMAL,LOW,STOPPED,CLEARED,2026-09-22 14:39:36,P-102,LOW,CLEARED,STOPPED,INVALID_NUMERIC_VALUE,STATE
3713,2026-09-15 20:18:28,P-102,NORMAL,LOW,STOPPED,CLEARED,15/09/2026 20:18:28,P-102,LOW,CLEARED,STOPPED,INVALID_NUMERIC_VALUE,STATE
3715,2026-09-07 04:22:17,P-102,NORMAL,LOW,RUNNING,CLEARED,2026-09-07 04:22:17,P-102,LOW,CLEARED,RUNNING,INVALID_NUMERIC_VALUE,STATE
3718,2026-09-25 11:53:34,P-102,NORMAL,LOW,RUNNING,CLEARED,2026-09-25 11:53:34,P-102,LOW,CLEARED,RUNNING,INVALID_NUMERIC_VALUE,STATE
3719,2026-09-15 00:10:39,P-102,NORMAL,LOW,RUNNING,CLEARED,2026-09-15 00:10:39,P-102,LOW,CLEARED,RUNNING,INVALID_NUMERIC_VALUE,STATE
3733,2026-09-19 03:17:59,P-101,NORMAL,LOW,RUNNING,CLEARED,2026-09-19 03:17:59,P-101, LOW ,CLEARED,RUNNING,INVALID_NUMERIC_VALUE,STATE
3741,2026-09-22 11:20:07,P-101,NORMAL,LOW,STOPPED,CLEARED,2026-09-22 11:20:07,P-101,LOW,CLEARED,STOPPED,INVALID_NUMERIC_VALUE,STATE
3742,2026-09-17 07:31:06,P-101,NORMAL,LOW,RUNNING,CLEARED,2026-09-17 07:31:06,P-101,LOW,CLEARED,RUNNING,INVALID_NUMERIC_VALUE,STATE
3760,2026-09-01 14:44:26,P-101,NORMAL,LOW,RUNNING,CLEARED,2026-09-01 14:44:26,P-101,LOW,CLEARED,RUNNING,INVALID_NUMERIC_VALUE,STATE
3761,2026-09-01 16:25:14,P-101,NORMAL,LOW,RUNNING,CLEARED,2026-09-01 16:25:14,P-101,LOW,CLEARED,RUNNING,INVALID_NUMERIC_VALUE,STATE
3767,2026-09-05 08:27:18,P-101,NORMAL,LOW,STOPPED,CLEARED,2026-09-05 08:27:18,P-101,LOW,CLEARED,STOPPED,INVALID_NUMERIC_VALUE,STATE
3768,2026-09-02 19:26:14,P-101,NORMAL,LOW,RUNNING,CLEARED,2026-09-02 19:26:14,P-101,LOW,CLEARED,RUNNING,INVALID_NUMERIC_VALUE,STATE
3773,2026-09-01 02:48:32,P-101,NORMAL,LOW,RUNNING,CLEARED,2026-09-01 02:48:32,P-101,LOW,CLEARED,RUNNING,INVALID_NUMERIC_VALUE,STATE
3776,2026-09-25 12:22:53,P-101,NORMAL,LOW,STOPPED,CLEARED,2026-09-25 12:22:53,P-101,LOW,CLEARED,STOPPED,INVALID_NUMERIC_VALUE,STATE
3778,2026-09-29 18:52:22,P-101,NORMAL,LOW,STOPPED,CLEARED,2026-09-29 18:52:22,P-101,LOW,CLEARED,STOPPED,INVALID_NUMERIC_VALUE,STATE
3783,2026-09-10 18:05:32,PT-101,NORMAL,POTATO,4.15,CLEARED,2026-09-10 18:05:32,PT-101,potato,CLEARED,4.15,INVALID_SEVERITY,NUMERIC
3798,2026-09-04 20:19:36,P-101,NORMAL,LOW,RUNNING,CLEARED,2026-09-04 20:19:36,P-101,LOW,CLEARED,RUNNING,INVALID_NUMERIC_VALUE,STATE
3799,2026-09-07 02:57:52,P-101,NORMAL,LOW,RUNNING,CLEARED,2026-09-07 02:57:52,P-101,LOW,CLEARED,RUNNING,INVALID_NUMERIC_VALUE,STATE
3804,2026-09-13 15:02:58,P-101,NORMAL,POTATO,RUNNING,CLEARED,2026-09-13 15:02:58,P-101,potato,CLEARED,RUNNING,INVALID_SEVERITY;INVALID_NUMERIC_VALUE,STATE
3806,2026-09-14 14:18:38,P-102,NORMAL,LOW,STOPPED,CLEARED,2026-09-14 14:18:38,P-102,LOW,CLEARED,STOPPED,INVALID_NUMERIC_VALUE,STATE
3807,2026-09-18 05:20:49,P-101,NORMAL,LOW,RUNNING,CLEARED,2026-09-18 05:20:49,P-101,LOW,CLEARED,RUNNING,INVALID_NUMERIC_VALUE,STATE
3808,2026-09-17 13:22:11,M-101,NORMAL,,34.29,CLEARED,2026-09-17 13:22:11,M-101,,CLEARED,34.29,INVALID_SEVERITY,NUMERIC
3814,2026-09-23 08:46:41,P-101,NORMAL,LOW,STOPPED,CLEARED,2026-09-23 08:46:41,P-101,LOW,CLEARED,STOPPED,INVALID_NUMERIC_VALUE,STATE
3816,2026-09-28 12:56:37,P-102,NORMAL,LOW,RUNNING,CLEARED,2026-09-28 12:56:37,P-102,LOW,CLEARED,RUNNING,INVALID_NUMERIC_VALUE,STATE
3822,2026-09-01 19:54:45,P-101,NORMAL,LOW,STOPPED,CLEARED,2026-09-01 19:54:45,P-101,LOW,CLEARED,STOPPED,INVALID_NUMERIC_VALUE,STATE
3830,2026-09-07 09:33:42,P-102,NORMAL,LOW,RUNNING,CLEARED,2026-09-07 09:33:42,p-102,Low,CLEARED,RUNNING,INVALID_NUMERIC_VALUE,STATE
3834,2026-09-06 01:39:33,P-102,NORMAL,LOW,RUNNING,CLEARED,2026-09-06 01:39:33,P-102,LOW,CLEARED,RUNNING,INVALID_NUMERIC_VALUE,STATE
3836,2026-09-25 12:29:09,P-101,NORMAL,LOW,RUNNING,CLEARED,2026-09-25 12:29:09,P-101,LOW,CLEARED,RUNNING,INVALID_NUMERIC_VALUE,STATE
3837,2026-09-30 21:41:13,P-102,NORMAL,LOW,STOPPED,CLEARED,2026-09-30 21:41:13,P-102,LOW,CLEARED,STOPPED,INVALID_NUMERIC_VALUE,STATE
3838,2026-09-16 02:27:28,P-102,NORMAL,LOW,RUNNING,CLEARED,2026-09-16 02:27:28,P-102,LOW,CLEARED,RUNNING,INVALID_NUMERIC_VALUE,STATE
3846,2026-09-09 18:52:38,P-101,NORMAL,LOW,RUNNING,CLEARED,2026-09-09 18:52:38,P-101,Low,CLEARED,RUNNING,INVALID_NUMERIC_VALUE,STATE
3849,2026-09-29 18:13:30,P-101,NORMAL,LOW,STOPPED,CLEARED,2026-09-29 18:13:30,P-101,LOW,CLEARED,STOPPED,INVALID_NUMERIC_VALUE,STATE
3854,2026-09-17 22:16:32,P-101,NORMAL,LOW,STOPPED,CLEARED,2026-09-17 22:16:32,P-101,LOW,CLEARED,STOPPED,INVALID_NUMERIC_VALUE,STATE
3855,2026-09-04 22:19:26,P-101,NORMAL,LOW,RUNNING,CLEARED,2026-09-04 22:19:26,P-101,LOW,CLEARED,RUNNING,INVALID_NUMERIC_VALUE,STATE
3857,2026-09-03 05:09:47,PT-101,NORMAL,LOW,5.97,,2026-09-03 05:09:47, PT-101 ,LOW,,5.97,INVALID_STATUS,NUMERIC
3858,2026-09-02 16:44:00,P-102,NORMAL,LOW,RUNNING,CLEARED,2026-09-02 16:44:00,P-102,LOW,CLEARED,RUNNING,INVALID_NUMERIC_VALUE,STATE
3868,2026-09-23 20:06:30,P-101,NORMAL,LOW,STOPPED,CLEARED,2026-09-23 20:06:30,P-101,LOW,CLEARED,STOPPED,INVALID_NUMERIC_VALUE,STATE
3869,2026-09-20 11:02:53,P-102,NORMAL,LOW,STOPPED,CLEARED,2026-09-20 11:02:53,P-102,LOW,CLEARED,STOPPED,INVALID_NUMERIC_VALUE,STATE
3870,2026-09-28 01:46:46,P-102,NORMAL,LOW,RUNNING,CLEARED,2026-09-28 01:46:46,P-102,LOW,CLEARED,RUNNING,INVALID_NUMERIC_VALUE,STATE
3876,2026-09-11 16:45:47,P-101,NORMAL,LOW,RUNNING,CLEARED,2026-09-11 16:45:47,P-101,LOW,CLEARED,RUNNING,INVALID_NUMERIC_VALUE,STATE
3877,2026-09-09 04:50:42,P-102,NORMAL,LOW,RUNNING,CLEARED,2026-09-09 04:50:42,P-102,LOW,CLEARED,RUNNING,INVALID_NUMERIC_VALUE,STATE
3878,2026-09-23 22:33:01,P-102,NORMAL,LOW,RUNNING,CLEARED,2026-09-23 22:33:01,P-102,LOW,CLEARED,RUNNING,INVALID_NUMERIC_VALUE,STATE
3881,2026-09-07 13:15:29,P-101,NORMAL,LOW,STOPPED,CLEARED,2026-09-07 13:15:29,P-101,LOW,CLEARED,STOPPED,INVALID_NUMERIC_VALUE,STATE
3884,,PT-101,NORMAL,LOW,6.86,CLEARED,32/15/2026 25:99:99,PT-101,LOW,CLEARED,6.86,INVALID_TIMESTAMP,NUMERIC
3885,2026-09-07 21:38:31,P-101,NORMAL,LOW,STOPPED,CLEARED,2026-09-07 21:38:31,P-101,LOW,CLEARED,STOPPED,INVALID_NUMERIC_VALUE,STATE
3892,2026-09-15 05:27:38,P-101,NORMAL,LOW,RUNNING,CLEARED,2026-09-15 05:27:38,P-101,LOW,CLEARED,RUNNING,INVALID_NUMERIC_VALUE,STATE
3893,2026-09-14 04:25:35,V-101,NORMAL,LOW,36.66,UNKNOWN,2026-09-14 04:25:35,V-101,LOW,UNKNOWN,36.66,INVALID_STATUS,NUMERIC
3902,,P-101,NORMAL,LOW,STOPPED,CLEARED,not-a-date,P-101,LOW,CLEARED,STOPPED,INVALID_TIMESTAMP;INVALID_NUMERIC_VALUE,STATE
3903,,P-102,NORMAL,LOW,RUNNING,,not-a-date,P-102,LOW,,RUNNING,INVALID_TIMESTAMP;INVALID_STATUS;INVALID_NUMERIC_VALUE,STATE
3906,2026-09-08 17:54:07,P-102,NORMAL,LOW,RUNNING,CLEARED,2026-09-08 17:54:07,P-102,LOW,CLEARED,RUNNING,INVALID_NUMERIC_VALUE,STATE
3912,2026-09-15 07:00:34,FT-101,NORMAL,UNKNOWN,31.31,CLEARED,2026-09-15 07:00:34,FT-101,UNKNOWN,CLEARED,31.31,INVALID_SEVERITY,NUMERIC
3915,2026-09-23 09:52:12,P-102,NORMAL,LOW,RUNNING,CLEARED,2026-09-23 09:52:12,P-102,LOW,CLEARED,RUNNING,INVALID_NUMERIC_VALUE,STATE
3916,2026-09-23 01:45:31,P-101,NORMAL,LOW,RUNNING,CLEARED,2026-09-23 01:45:31,P-101,LOW,CLEARED,RUNNING,INVALID_NUMERIC_VALUE,STATE
3919,2026-09-29 23:47:04,P-101,NORMAL,LOW,RUNNING,CLEARED,2026-09-29 23:47:04,P-101,LOW,CLEARED,RUNNING,INVALID_NUMERIC_VALUE,STATE
3935,2026-09-06 09:44:44,P-102,NORMAL,LOW,RUNNING,CLEARED,2026-09-06 09:44:44,P-102,LOW,CLEARED,RUNNING,INVALID_NUMERIC_VALUE,STATE
3936,2026-09-29 20:32:21,P-102,NORMAL,LOW,RUNNING,CLEARED,2026-09-29 20:32:21,P-102,LOW,CLEARED,RUNNING,INVALID_NUMERIC_VALUE,STATE
3937,2026-09-01 05:31:50,P-101,NORMAL,LOW,RUNNING,CLEARED,2026-09-01 05:31:50,P-101,LOW,CLEARED,RUNNING,INVALID_NUMERIC_VALUE,STATE
3938,2026-09-26 18:28:03,P-102,NORMAL,LOW,RUNNING,CLEARED,2026-09-26 18:28:03,P-102,LOW,CLEARED,RUNNING,INVALID_NUMERIC_VALUE,STATE
3941,,LT-101,LOW_LEVEL,HIGH,18.15,CLEARED,32/15/2026 25:99:99,LT-101,HIGH,CLEARED,18.15,INVALID_TIMESTAMP,NUMERIC
3943,2026-09-02 14:50:34,P-102,NORMAL,LOW,RUNNING,CLEARED,2026-09-02 14:50:34,P-102,LOW,CLEARED,RUNNING,INVALID_NUMERIC_VALUE,STATE
3952,2026-09-24 22:07:57,P-101,NORMAL,LOW,RUNNING,CLEARED,2026-09-24 22:07:57,P-101,LOW,CLEARED,RUNNING,INVALID_NUMERIC_VALUE,STATE
3956,2026-09-18 13:02:38,P-101,NORMAL,LOW,RUNNING,CLEARED,2026-09-18 13:02:38,P-101,LOW,CLEARED,RUNNING,INVALID_NUMERIC_VALUE,STATE
3959,2026-09-05 00:10:19,P-102,NORMAL,LOW,RUNNING,CLEARED,2026-09-05 00:10:19,P-102,LOW,CLEARED,RUNNING,INVALID_NUMERIC_VALUE,STATE
3962,2026-09-30 20:32:38,P-101,NORMAL,LOW,RUNNING,CLEARED,2026-09-30 20:32:38,P-101,LOW,CLEARED,RUNNING,INVALID_NUMERIC_VALUE,STATE
3963,2026-09-22 01:50:42,P-101,NORMAL,LOW,RUNNING,CLEARED,2026-09-22 01:50:42,P-101,LOW,CLEARED,RUNNING,INVALID_NUMERIC_VALUE,STATE
3974,2026-09-20 05:47:37,P-101,NORMAL,LOW,RUNNING,CLEARED,2026-09-20 05:47:37,P-101,LOW,CLEARED,RUNNING,INVALID_NUMERIC_VALUE,STATE
3978,,FT-101,NORMAL,POTATO,24.9,CLEARED,not-a-date,FT-101,potato,CLEARED,24.9,INVALID_TIMESTAMP;INVALID_SEVERITY,NUMERIC
3980,2026-09-10 02:37:58,P-102,NORMAL,LOW,RUNNING,CLEARED,2026-09-10 02:37:58,P-102,LOW,CLEARED,RUNNING,INVALID_NUMERIC_VALUE,STATE
3983,2026-09-18 13:10:08,P-101,NORMAL,LOW,RUNNING,CLEARED,2026-09-18 13:10:08,P-101,LOW,CLEARED,RUNNING,INVALID_NUMERIC_VALUE,STATE
3987,2026-09-23 05:34:05,P-101,NORMAL,LOW,STOPPED,CLEARED,2026-09-23 05:34:05,P-101,LOW,CLEARED,STOPPED,INVALID_NUMERIC_VALUE,STATE
4000,2026-09-16 07:32:03,P-102,NORMAL,LOW,RUNNING,CLEARED,2026-09-16 07:32:03,P-102,LOW,CLEARED,RUNNING,INVALID_NUMERIC_VALUE,STATE
4002,2026-09-13 22:14:59,P-102,NORMAL,LOW,RUNNING,CLEARED,2026-09-13 22:14:59,P-102,LOW,CLEARED,RUNNING,INVALID_NUMERIC_VALUE,STATE
4011,2026-09-01 06:06:02,P-101,NORMAL,LOW,RUNNING,CLEARED,2026-09-01 06:06:02,P-101,LOW,CLEARED,RUNNING,INVALID_NUMERIC_VALUE,STATE
4017,2026-09-04 02:29:08,P-102,NORMAL,LOW,STOPPED,CLEARED,2026-09-04 02:29:08,P-102,LOW,CLEARED,STOPPED,INVALID_NUMERIC_VALUE,STATE
4020,2026-09-23 06:27:13,P-102,NORMAL,LOW,RUNNING,CLEARED,2026-09-23 06:27:13,P-102,LOW,CLEARED,RUNNING,INVALID_NUMERIC_VALUE,STATE
4025,2026-09-15 06:16:59,P-102,NORMAL,LOW,RUNNING,CLEARED,2026-09-15 06:16:59,P-102,LOW,CLEARED,RUNNING,INVALID_NUMERIC_VALUE,STATE
4026,2026-09-21 16:13:53,P-101,NORMAL,LOW,RUNNING,CLEARED,2026-09-21 16:13:53,P-101,LOW,CLEARED,RUNNING,INVALID_NUMERIC_VALUE,STATE
4035,2026-09-27 23:31:59,TT-101,NORMAL,LOW,60.94,,2026-09-27 23:31:59,TT 101,LOW,,60.94,INVALID_STATUS,NUMERIC
4037,2026-09-02 21:25:39,LT-101,NORMAL,UNKNOWN,,CLEARED,2026-09-02 21:25:39,LT-101,UNKNOWN,CLEARED,ERROR,INVALID_SEVERITY;MISSING_VALUE,NULL
4040,2026-09-06 05:33:22,P-102,NORMAL,LOW,RUNNING,CLEARED,2026-09-06 05:33:22,P-102,LOW,CLEARED,RUNNING,INVALID_NUMERIC_VALUE,STATE
4043,2026-09-28 13:48:04,P-101,NORMAL,LOW,RUNNING,CLEARED,2026-09-28 13:48:04,P-101,LOW,CLEARED,RUNNING,INVALID_NUMERIC_VALUE,STATE
4045,2026-09-01 09:53:29,P-102,NORMAL,LOW,RUNNING,CLEARED,2026-09-01 09:53:29,P-102,LOW,CLEARED,RUNNING,INVALID_NUMERIC_VALUE,STATE
4047,2026-09-17 18:17:41,P-101,NORMAL,LOW,RUNNING,CLEARED,2026-09-17 18:17:41,P-101,LOW,CLEARED,RUNNING,INVALID_NUMERIC_VALUE,STATE
4062,2026-09-03 07:56:43,P-102,NORMAL,LOW,STOPPED,CLEARED,2026-09-03 07:56:43,P-102,LOW,CLEARED,STOPPED,INVALID_NUMERIC_VALUE,STATE
4065,2026-09-24 14:08:42,P-102,NORMAL,LOW,RUNNING,CLEARED,2026-09-24 14:08:42,P-102,LOW,CLEARED,RUNNING,INVALID_NUMERIC_VALUE,STATE
4070,2026-09-06 11:22:34,P-102,NORMAL,LOW,STOPPED,CLEARED,2026-09-06 11:22:34,P-102,LOW,CLEARED,STOPPED,INVALID_NUMERIC_VALUE,STATE
4071,2026-09-23 23:26:24,P-102,NORMAL,LOW,RUNNING,CLEARED,2026-09-23 23:26:24,P-102,LOW,CLEARED,RUNNING,INVALID_NUMERIC_VALUE,STATE
4082,,P-101,NORMAL,LOW,RUNNING,,32/15/2026 25:99:99,P-101,LOW,,RUNNING,INVALID_TIMESTAMP;INVALID_STATUS;INVALID_NUMERIC_VALUE,STATE
4088,2026-09-17 21:10:52,P-101,NORMAL,LOW,RUNNING,CLEARED,2026-09-17 21:10:52,P-101,LOW,CLEARED,RUNNING,INVALID_NUMERIC_VALUE,STATE
4097,2026-09-22 01:58:00,P-102,NORMAL,LOW,RUNNING,CLEARED,2026-09-22 01:58:00,P-102,LOW,CLEARED,RUNNING,INVALID_NUMERIC_VALUE,STATE
4098,2026-09-22 20:56:21,P-101,NORMAL,LOW,RUNNING,CLEARED,2026-09-22 20:56:21,P-101,LOW,CLEARED,RUNNING,INVALID_NUMERIC_VALUE,STATE
4127,2026-09-20 18:08:52,P-102,NORMAL,LOW,RUNNING,CLEARED,2026-09-20 18:08:52,P-102,LOW,CLEARED,RUNNING,INVALID_NUMERIC_VALUE,STATE
4139,2026-09-01 07:57:54,P-101,NORMAL,LOW,RUNNING,CLEARED,2026-09-01 07:57:54,P-101,LOW,CLEARED,RUNNING,INVALID_NUMERIC_VALUE,STATE
4152,2026-09-22 15:56:53,P-101,NORMAL,,RUNNING,CLEARED,2026-09-22 15:56:53,P-101,,CLEARED,RUNNING,INVALID_SEVERITY;INVALID_NUMERIC_VALUE,STATE
4164,2026-09-16 09:22:45,P-101,NORMAL,LOW,STOPPED,CLEARED,2026-09-16 09:22:45,P-101,LOW,CLEARED,STOPPED,INVALID_NUMERIC_VALUE,STATE
4166,2026-09-10 03:26:36,P-102,NORMAL,LOW,STOPPED,CLEARED,2026-09-10 03:26:36,P-102,LOW,CLEARED,STOPPED,INVALID_NUMERIC_VALUE,STATE
4169,2026-09-20 17:55:47,P-101,NORMAL,LOW,STOPPED,CLEARED,2026-09-20 17:55:47,P-101,LOW,CLEARED,STOPPED,INVALID_NUMERIC_VALUE,STATE
4174,2026-09-14 12:26:58,P-102,NORMAL,LOW,RUNNING,CLEARED,2026-09-14 12:26:58,P-102,LOW,CLEARED,RUNNING,INVALID_NUMERIC_VALUE,STATE
4183,2026-09-09 07:13:12,P-102,NORMAL,LOW,RUNNING,CLEARED,2026-09-09 07:13:12,P-102,LOW,CLEARED,RUNNING,INVALID_NUMERIC_VALUE,STATE
4186,2026-09-29 08:07:02,P-101,NORMAL,LOW,STOPPED,CLEARED,2026-09-29 08:07:02,P-101,LOW,CLEARED,STOPPED,INVALID_NUMERIC_VALUE,STATE
4189,,LT-101,NORMAL,LOW,72.52,CLEARED,32/15/2026 25:99:99,LT-101,LOW,CLEARED,72.52,INVALID_TIMESTAMP,NUMERIC
4191,2026-09-29 10:07:24,P-102,NORMAL,LOW,RUNNING,CLEARED,2026-09-29 10:07:24,P-102,LOW,CLEARED,RUNNING,INVALID_NUMERIC_VALUE,STATE
4204,2026-09-05 20:49:52,P-102,NORMAL,LOW,RUNNING,CLEARED,2026-09-05 20:49:52,P-102,LOW,CLEARED,RUNNING,INVALID_NUMERIC_VALUE,STATE
4208,2026-09-12 23:08:05,P-101,NORMAL,LOW,RUNNING,CLEARED,2026-09-12 23:08:05,P-101,LOW,CLEARED,RUNNING,INVALID_NUMERIC_VALUE,STATE
4211,2026-09-03 01:12:17,P-102,NORMAL,LOW,STOPPED,CLEARED,2026-09-03 01:12:17,P-102,LOW,CLEARED,STOPPED,INVALID_NUMERIC_VALUE,STATE
4213,2026-09-24 05:31:45,P-102,NORMAL,LOW,STOPPED,CLEARED,2026-09-24 05:31:45,P-102,LOW,CLEARED,STOPPED,INVALID_NUMERIC_VALUE,STATE
4222,2026-09-01 16:31:43,P-101,NORMAL,LOW,RUNNING,CLEARED,2026-09-01 16:31:43,P-101,LOW,CLEARED,RUNNING,INVALID_NUMERIC_VALUE,STATE
4229,2026-09-21 03:10:01,P-101,NORMAL,LOW,STOPPED,CLEARED,2026-09-21 03:10:01,P-101,LOW,CLEARED,STOPPED,INVALID_NUMERIC_VALUE,STATE
4230,2026-09-13 16:28:20,P-101,NORMAL,LOW,RUNNING,CLEARED,2026-09-13 16:28:20,P-101,LOW,CLEARED,RUNNING,INVALID_NUMERIC_VALUE,STATE
4231,2026-09-21 05:01:41,P-101,NORMAL,LOW,RUNNING,CLEARED,2026-09-21 05:01:41,P-101,LOW,CLEARED,RUNNING,INVALID_NUMERIC_VALUE,STATE
4239,2026-09-05 21:04:04,P-102,NORMAL,LOW,RUNNING,CLEARED,2026-09-05 21:04:04,P-102,LOW,CLEARED,RUNNING,INVALID_NUMERIC_VALUE,STATE
4242,2026-09-17 23:44:00,P-101,NORMAL,LOW,STOPPED,CLEARED,"Sep 17, 2026 23:44",P-101,LOW,CLEARED,STOPPED,INVALID_NUMERIC_VALUE,STATE
4246,2026-09-20 12:01:17,P-102,NORMAL,LOW,RUNNING,CLEARED,2026-09-20 12:01:17,P-102,LOW,CLEARED,RUNNING,INVALID_NUMERIC_VALUE,STATE
4247,2026-09-09 16:14:00,P-101,NORMAL,LOW,RUNNING,CLEARED,2026-09-09 16:14:00,P-101,LOW,CLEARED,RUNNING,INVALID_NUMERIC_VALUE,STATE
4250,2026-09-01 18:57:14,P-102,NORMAL,LOW,RUNNING,CLEARED,2026-09-01 18:57:14,P-102,LOW,CLEARED,RUNNING,INVALID_NUMERIC_VALUE,STATE
4252,2026-09-29 18:36:02,P-101,NORMAL,LOW,RUNNING,CLEARED,2026-09-29 18:36:02,P-101,LOW,CLEARED,RUNNING,INVALID_NUMERIC_VALUE,STATE
4257,2026-09-20 12:41:13,P-101,NORMAL,LOW,STOPPED,CLEARED,2026-09-20 12:41:13,P-101,LOW,CLEARED,STOPPED,INVALID_NUMERIC_VALUE,STATE
4264,2026-09-08 13:24:30,P-101,NORMAL,LOW,STOPPED,CLEARED,2026-09-08 13:24:30,P-101,LOW,CLEARED,STOPPED,INVALID_NUMERIC_VALUE,STATE
4265,2026-09-06 03:40:00,FT-101,NORMAL,,25.32,CLEARED,"Sep 06, 2026 03:40",FT-101,,CLEARED,25.32,INVALID_SEVERITY,NUMERIC
4275,2026-09-17 06:53:23,P-101,NORMAL,LOW,RUNNING,CLEARED,2026-09-17 06:53:23,P-101,LOW,CLEARED,RUNNING,INVALID_NUMERIC_VALUE,STATE
4282,2026-09-13 03:47:00,P-102,NORMAL,LOW,STOPPED,CLEARED,2026-09-13 03:47:00,P-102,LOW,CLEARED,STOPPED,INVALID_NUMERIC_VALUE,STATE
4289,2026-09-24 14:12:46,P-102,NORMAL,LOW,RUNNING,CLEARED,2026-09-24 14:12:46,P-102,LOW,CLEARED,RUNNING,INVALID_NUMERIC_VALUE,STATE
4291,2026-09-11 06:05:35,P-101,NORMAL,LOW,RUNNING,CLEARED,2026-09-11 06:05:35,P-101,LOW,CLEARED,RUNNING,INVALID_NUMERIC_VALUE,STATE
4293,2026-09-19 07:19:49,P-102,NORMAL,LOW,STOPPED,CLEARED,2026-09-19 07:19:49,P-102,LOW,CLEARED,STOPPED,INVALID_NUMERIC_VALUE,STATE
4302,2026-09-08 15:26:11,P-101,NORMAL,LOW,RUNNING,CLEARED,2026-09-08 15:26:11,P-101,LOW,CLEARED,RUNNING,INVALID_NUMERIC_VALUE,STATE
4303,2026-09-22 11:34:08,P-101,NORMAL,LOW,RUNNING,CLEARED,2026-09-22 11:34:08,P-101,LOW,CLEARED,RUNNING,INVALID_NUMERIC_VALUE,STATE
4304,2026-09-19 04:33:56,P-101,NORMAL,LOW,STOPPED,CLEARED,2026-09-19 04:33:56,P-101,LOW,CLEARED,STOPPED,INVALID_NUMERIC_VALUE,STATE
4312,2026-09-09 13:45:21,P-101,NORMAL,LOW,RUNNING,CLEARED,2026-09-09 13:45:21,P-101,LOW,CLEARED,RUNNING,INVALID_NUMERIC_VALUE,STATE
4314,2026-09-08 12:19:35,P-101,NORMAL,LOW,RUNNING,CLEARED,2026-09-08 12:19:35,P-101,LOW,CLEARED,RUNNING,INVALID_NUMERIC_VALUE,STATE
4321,2026-09-04 10:34:00,P-102,NORMAL,LOW,STOPPED,CLEARED,2026-09-04 10:34:00,P-102,LOW,CLEARED,STOPPED,INVALID_NUMERIC_VALUE,STATE
4332,2026-09-05 01:51:51,P-101,NORMAL,LOW,RUNNING,CLEARED,2026-09-05 01:51:51,P-101,LOW,CLEARED,RUNNING,INVALID_NUMERIC_VALUE,STATE
4341,2026-09-12 00:28:14,P-101,NORMAL,LOW,RUNNING,CLEARED,2026-09-12 00:28:14,P-101,LOW,CLEARED,RUNNING,INVALID_NUMERIC_VALUE,STATE
4365,2026-09-20 21:46:06,P-101,NORMAL,LOW,RUNNING,CLEARED,2026-09-20 21:46:06,P-101,LOW,CLEARED,RUNNING,INVALID_NUMERIC_VALUE,STATE
4368,2026-09-15 17:24:24,P-101,NORMAL,LOW,RUNNING,CLEARED,2026-09-15 17:24:24,P-101,LOW,CLEARED,RUNNING,INVALID_NUMERIC_VALUE,STATE
4371,2026-09-04 19:17:10,P-101,NORMAL,LOW,RUNNING,CLEARED,2026-09-04 19:17:10,P-101,LOW,CLEARED,RUNNING,INVALID_NUMERIC_VALUE,STATE
4372,2026-09-23 03:33:50,P-101,NORMAL,LOW,RUNNING,CLEARED,2026-09-23 03:33:50,P-101,LOW,CLEARED,RUNNING,INVALID_NUMERIC_VALUE,STATE
4376,2026-09-07 06:44:27,P-101,NORMAL,LOW,RUNNING,CLEARED,2026-09-07 06:44:27,p-101,LOW,CLEARED,RUNNING,INVALID_NUMERIC_VALUE,STATE
4382,2026-09-27 22:24:21,PT-101,NORMAL,UNKNOWN,5.1,CLEARED,2026-09-27 22:24:21,PT-101,UNKNOWN,CLEARED,5.1,INVALID_SEVERITY,NUMERIC
4384,2026-09-11 23:37:07,P-101,NORMAL,LOW,RUNNING,CLEARED,2026-09-11 23:37:07,P-101,LOW,CLEARED,RUNNING,INVALID_NUMERIC_VALUE,STATE
4390,2026-09-30 09:52:04,P-101,NORMAL,LOW,RUNNING,CLEARED,2026-09-30 09:52:04,P-101,LOW,CLEARED,RUNNING,INVALID_NUMERIC_VALUE,STATE
4405,2026-09-17 00:40:57,P-101,NORMAL,LOW,RUNNING,CLEARED,2026-09-17 00:40:57,P-101,LOW,CLEARED,RUNNING,INVALID_NUMERIC_VALUE,STATE
4406,2026-09-02 21:03:45,P-102,NORMAL,LOW,STOPPED,CLEARED,2026-09-02 21:03:45,P-102,LOW,CLEARED,STOPPED,INVALID_NUMERIC_VALUE,STATE
4409,2026-09-11 09:45:06,P-101,NORMAL,LOW,RUNNING,CLEARED,2026-09-11 09:45:06,P-101,LOW, CLEARED ,RUNNING,INVALID_NUMERIC_VALUE,STATE
4412,2026-09-04 04:50:45,P-102,NORMAL,LOW,RUNNING,CLEARED,2026-09-04 04:50:45,P-102,LOW,CLEARED,RUNNING,INVALID_NUMERIC_VALUE,STATE
4416,2026-09-14 09:46:30,P-101,NORMAL,LOW,RUNNING,CLEARED,2026-09-14 09:46:30,P-101,LOW,CLEARED,RUNNING,INVALID_NUMERIC_VALUE,STATE
4424,2026-09-20 18:30:17,P-102,NORMAL,LOW,RUNNING,CLEARED,2026-09-20 18:30:17,P-102,LOW,CLEARED,RUNNING,INVALID_NUMERIC_VALUE,STATE
4425,,M-101,NORMAL,LOW,19.53,CLEARED,,M 101,LOW, CLEARED ,19.53,INVALID_TIMESTAMP,NUMERIC
4432,2026-09-18 14:22:05,P-102,NORMAL,LOW,STOPPED,CLEARED,2026-09-18 14:22:05,P-102,LOW,CLEARED,STOPPED,INVALID_NUMERIC_VALUE,STATE
4433,2026-09-04 08:38:03,P-102,NORMAL,,RUNNING,CLEARED,2026-09-04 08:38:03,P-102,,CLEARED,RUNNING,INVALID_SEVERITY;INVALID_NUMERIC_VALUE,STATE
4436,2026-09-01 23:02:13,P-102,NORMAL,LOW,STOPPED,CLEARED,2026-09-01 23:02:13,P-102,LOW,CLEARED,STOPPED,INVALID_NUMERIC_VALUE,STATE
4437,2026-09-30 17:22:55,P-102,NORMAL,LOW,RUNNING,CLEARED,2026-09-30 17:22:55,P-102,LOW,CLEARED,RUNNING,INVALID_NUMERIC_VALUE,STATE
4439,2026-09-26 11:43:42,P-101,NORMAL,LOW,STOPPED,CLEARED,2026-09-26 11:43:42,P-101,LOW,CLEARED,STOPPED,INVALID_NUMERIC_VALUE,STATE
4444,2026-09-08 05:52:46,P-101,NORMAL,LOW,RUNNING,CLEARED,2026-09-08 05:52:46,P-101,LOW,CLEARED,RUNNING,INVALID_NUMERIC_VALUE,STATE
4451,,M-101,NORMAL,LOW,21.09,CLEARED,not-a-date,M-101,LOW,CLEARED,21.09,INVALID_TIMESTAMP,NUMERIC
4460,2026-09-07 12:25:09,LT-101,NORMAL,,77.93,CLEARED,2026-09-07 12:25:09,LT-101,,CLEARED,77.93,INVALID_SEVERITY,NUMERIC
4461,2026-09-01 16:12:59,P-102,NORMAL,LOW,STOPPED,CLEARED,2026-09-01 16:12:59,P-102,LOW,CLEARED,STOPPED,INVALID_NUMERIC_VALUE,STATE
4466,2026-09-09 03:00:49,M-101,NORMAL,,,CLEARED,2026-09-09 03:00:49,M-101,, CLEARED ,,INVALID_SEVERITY;MISSING_VALUE,NULL
4468,2026-09-18 00:07:58,P-101,NORMAL,LOW,RUNNING,CLEARED,2026-09-18 00:07:58,P-101,LOW,CLEARED,RUNNING,INVALID_NUMERIC_VALUE,STATE
4470,2026-09-04 04:36:07,P-102,NORMAL,LOW,RUNNING,CLEARED,2026-09-04 04:36:07,P-102,LOW,CLEARED,RUNNING,INVALID_NUMERIC_VALUE,STATE
4477,2026-09-29 19:11:45,P-101,NORMAL,LOW,RUNNING,CLEARED,2026-09-29 19:11:45,P-101,LOW,CLEARED,RUNNING,INVALID_NUMERIC_VALUE,STATE
4481,2026-09-26 21:55:23,P-102,NORMAL,LOW,RUNNING,CLEARED,2026-09-26 21:55:23,P-102,LOW,CLEARED,RUNNING,INVALID_NUMERIC_VALUE,STATE
4484,2026-09-17 19:56:06,P-101,NORMAL,LOW,STOPPED,CLEARED,2026-09-17 19:56:06,P-101,LOW,CLEARED,STOPPED,INVALID_NUMERIC_VALUE,STATE
4486,2026-09-03 11:36:10,P-101,NORMAL,LOW,STOPPED,CLEARED,2026-09-03 11:36:10,P-101,LOW,CLEARED,STOPPED,INVALID_NUMERIC_VALUE,STATE
4489,2026-09-09 10:07:50,P-102,NORMAL,LOW,RUNNING,CLEARED,2026-09-09 10:07:50,P-102,LOW,CLEARED,RUNNING,INVALID_NUMERIC_VALUE,STATE
4494,2026-09-04 00:03:32,P-101,NORMAL,LOW,RUNNING,CLEARED,2026-09-04 00:03:32,P-101,LOW,CLEARED,RUNNING,INVALID_NUMERIC_VALUE,STATE
4498,2026-09-18 17:52:54,P-102,NORMAL,LOW,RUNNING,CLEARED,2026-09-18 17:52:54,P-102,LOW,CLEARED,RUNNING,INVALID_NUMERIC_VALUE,STATE
4506,2026-09-24 21:05:21,P-101,NORMAL,LOW,RUNNING,CLEARED,2026-09-24 21:05:21,P-101,LOW,CLEARED,RUNNING,INVALID_NUMERIC_VALUE,STATE
4507,2026-09-13 22:28:57,P-101,NORMAL,LOW,STOPPED,CLEARED,2026-09-13 22:28:57,P-101,LOW,CLEARED,STOPPED,INVALID_NUMERIC_VALUE,STATE
4517,2026-09-09 08:00:13,TT-101,NORMAL,,57.71,CLEARED,2026-09-09 08:00:13,TT-101,,CLEARED,57.71,INVALID_SEVERITY,NUMERIC
4519,2026-09-07 23:26:34,P-101,NORMAL,,RUNNING,CLEARED,2026-09-07 23:26:34,P-101,,CLEARED,RUNNING,INVALID_SEVERITY;INVALID_NUMERIC_VALUE,STATE
4523,2026-09-08 11:25:18,P-101,NORMAL,LOW,STOPPED,CLEARED,2026-09-08 11:25:18,P-101,LOW,CLEARED,STOPPED,INVALID_NUMERIC_VALUE,STATE
4530,2026-09-09 07:20:43,P-101,NORMAL,LOW,RUNNING,CLEARED,2026-09-09 07:20:43,P-101,LOW,CLEARED,RUNNING,INVALID_NUMERIC_VALUE,STATE
4539,2026-09-15 06:44:13,P-101,NORMAL,LOW,RUNNING,CLEARED,2026-09-15 06:44:13,P-101,LOW,CLEARED,RUNNING,INVALID_NUMERIC_VALUE,STATE
4541,2026-09-27 15:17:14,P-102,NORMAL,LOW,RUNNING,CLEARED,2026-09-27 15:17:14,P-102,low,CLEARED,RUNNING,INVALID_NUMERIC_VALUE,STATE
4542,2026-09-14 04:01:36,P-101,NORMAL,LOW,STOPPED,CLEARED,2026-09-14 04:01:36,P-101,LOW,CLEARED,STOPPED,INVALID_NUMERIC_VALUE,STATE
4546,2026-09-27 23:31:01,P-102,NORMAL,LOW,STOPPED,CLEARED,2026-09-27 23:31:01,P-102,LOW,CLEARED,STOPPED,INVALID_NUMERIC_VALUE,STATE
4551,2026-09-20 19:50:59,P-102,NORMAL,LOW,RUNNING,,2026-09-20 19:50:59,P-102,LOW,,RUNNING,INVALID_STATUS;INVALID_NUMERIC_VALUE,STATE
4554,2026-09-18 15:17:17,P-102,NORMAL,LOW,STOPPED,CLEARED,2026-09-18 15:17:17,P-102,LOW,CLEARED,STOPPED,INVALID_NUMERIC_VALUE,STATE
4558,2026-09-26 18:41:37,P-101,NORMAL,LOW,STOPPED,CLEARED,2026-09-26 18:41:37,P-101,LOW,CLEARED,STOPPED,INVALID_NUMERIC_VALUE,STATE
4560,2026-09-22 16:37:31,P-101,NORMAL,LOW,RUNNING,CLEARED,2026-09-22 16:37:31,P-101,LOW,CLEARED,RUNNING,INVALID_NUMERIC_VALUE,STATE
4562,2026-09-13 09:56:34,P-102,NORMAL,LOW,RUNNING,CLEARED,2026-09-13 09:56:34,P-102,LOW,CLEARED,RUNNING,INVALID_NUMERIC_VALUE,STATE
4564,2026-09-23 09:20:30,P-101,NORMAL,LOW,RUNNING,CLEARED,2026-09-23 09:20:30,P-101,LOW,CLEARED,RUNNING,INVALID_NUMERIC_VALUE,STATE
4566,2026-09-21 17:33:12,P-101,NORMAL,LOW,RUNNING,CLEARED,2026-09-21 17:33:12,P-101,LOW,CLEARED,RUNNING,INVALID_NUMERIC_VALUE,STATE
4572,2026-09-16 05:58:08,P-102,NORMAL,LOW,RUNNING,CLEARED,2026-09-16 05:58:08,P-102,LOW,CLEARED,RUNNING,INVALID_NUMERIC_VALUE,STATE
4574,2026-09-05 00:21:25,P-102,NORMAL,LOW,RUNNING,CLEARED,2026-09-05 00:21:25,P-102,LOW,CLEARED,RUNNING,INVALID_NUMERIC_VALUE,STATE
4584,2026-09-15 16:02:05,P-102,NORMAL,LOW,RUNNING,CLEARED,2026-09-15 16:02:05,P-102,LOW,CLEARED,RUNNING,INVALID_NUMERIC_VALUE,STATE
4585,2026-09-20 09:48:00,V-101,NORMAL,,48.16,CLEARED,20-09-2026 09:48,V-101,,CLEARED,48.16,INVALID_SEVERITY,NUMERIC
4590,2026-09-16 08:47:20,P-101,NORMAL,LOW,RUNNING,CLEARED,2026-09-16 08:47:20,P-101,LOW,CLEARED,RUNNING,INVALID_NUMERIC_VALUE,STATE
4599,2026-09-25 11:50:31,P-102,NORMAL,LOW,RUNNING,CLEARED,2026-09-25 11:50:31,P-102,LOW,CLEARED,RUNNING,INVALID_NUMERIC_VALUE,STATE
4603,,FT-101,NORMAL,LOW,25.86,CLEARED,32/15/2026 25:99:99,FT-101,LOW,Cleared,25.86,INVALID_TIMESTAMP,NUMERIC
4604,,PT-101,NORMAL,LOW,6.67,UNKNOWN,32/15/2026 25:99:99,PT-101,LOW,UNKNOWN,6.67,INVALID_TIMESTAMP;INVALID_STATUS,NUMERIC
4607,2026-09-01 14:14:33,P-101,NORMAL,LOW,STOPPED,CLEARED,2026-09-01 14:14:33,P-101,LOW,CLEARED,STOPPED,INVALID_NUMERIC_VALUE,STATE
4621,2026-09-21 15:21:32,P-101,NORMAL,LOW,RUNNING,CLEARED,2026-09-21 15:21:32,P-101,LOW,CLEARED,RUNNING,INVALID_NUMERIC_VALUE,STATE
4628,2026-09-02 03:13:56,P-102,NORMAL,LOW,STOPPED,CLEARED,2026-09-02 03:13:56,P-102,LOW,CLEARED,STOPPED,INVALID_NUMERIC_VALUE,STATE
4629,2026-09-05 21:07:17,P-101,NORMAL,LOW,RUNNING,CLEARED,2026-09-05 21:07:17,P-101,LOW,CLEARED,RUNNING,INVALID_NUMERIC_VALUE,STATE
4630,2026-09-04 20:01:05,P-102,NORMAL,LOW,RUNNING,CLEARED,2026-09-04 20:01:05,P-102,LOW,CLEARED,RUNNING,INVALID_NUMERIC_VALUE,STATE
4632,2026-09-29 23:19:55,P-101,NORMAL,LOW,RUNNING,CLEARED,2026-09-29 23:19:55,P-101,LOW,CLEARED,RUNNING,INVALID_NUMERIC_VALUE,STATE
4648,2026-09-08 13:02:17,P-102,NORMAL,LOW,STOPPED,CLEARED,2026-09-08 13:02:17,P-102,LOW,CLEARED,STOPPED,INVALID_NUMERIC_VALUE,STATE
4650,2026-09-05 00:19:57,P-101,NORMAL,LOW,RUNNING,CLEARED,2026-09-05 00:19:57,P 101,LOW,CLEARED,RUNNING,INVALID_NUMERIC_VALUE,STATE
4651,2026-09-23 21:55:28,P-102,NORMAL,LOW,RUNNING,CLEARED,2026-09-23 21:55:28,P-102,LOW,CLEARED,RUNNING,INVALID_NUMERIC_VALUE,STATE
4664,2026-09-19 22:10:52,P-101,NORMAL,LOW,RUNNING,CLEARED,2026-09-19 22:10:52,P-101,LOW,CLEARED,RUNNING,INVALID_NUMERIC_VALUE,STATE
4665,2026-09-30 01:42:40,M-101,NORMAL,POTATO,,CLEARED,2026-09-30 01:42:40,M-101,potato,Cleared,ERROR,INVALID_SEVERITY;MISSING_VALUE,NULL
4682,2026-09-14 11:14:03,P-101,NORMAL,LOW,RUNNING,CLEARED,2026-09-14 11:14:03,P-101,LOW,CLEARED,RUNNING,INVALID_NUMERIC_VALUE,STATE
4686,2026-09-07 23:17:10,P-101,NORMAL,LOW,STOPPED,CLEARED,2026-09-07 23:17:10,P-101,LOW,CLEARED,STOPPED,INVALID_NUMERIC_VALUE,STATE
4688,2026-09-15 09:33:45,P-102,NORMAL,LOW,STOPPED,CLEARED,2026-09-15 09:33:45,P-102,LOW,CLEARED,STOPPED,INVALID_NUMERIC_VALUE,STATE
4689,2026-09-12 17:39:40,P-102,NORMAL,LOW,RUNNING,CLEARED,2026-09-12 17:39:40,P-102,LOW,CLEARED,RUNNING,INVALID_NUMERIC_VALUE,STATE
4690,2026-09-14 15:51:45,P-101,NORMAL,LOW,RUNNING,CLEARED,2026-09-14 15:51:45,P-101,LOW,CLEARED,RUNNING,INVALID_NUMERIC_VALUE,STATE
4697,2026-09-13 20:12:55,P-101,NORMAL,LOW,STOPPED,CLEARED,2026-09-13 20:12:55,P-101,LOW,CLEARED,STOPPED,INVALID_NUMERIC_VALUE,STATE
4700,2026-09-11 19:41:47,P-102,NORMAL,LOW,STOPPED,CLEARED,2026-09-11 19:41:47,P-102,LOW,CLEARED,STOPPED,INVALID_NUMERIC_VALUE,STATE
4701,2026-09-26 04:12:44,P-102,NORMAL,LOW,RUNNING,CLEARED,2026-09-26 04:12:44,P-102,LOW,CLEARED,RUNNING,INVALID_NUMERIC_VALUE,STATE
4702,2026-09-09 11:46:50,P-101,NORMAL,LOW,RUNNING,CLEARED,2026-09-09 11:46:50,P-101,LOW,CLEARED,RUNNING,INVALID_NUMERIC_VALUE,STATE
4703,2026-09-24 18:54:00,P-101,NORMAL,LOW,RUNNING,CLEARED,2026-09-24 18:54:00,P-101,LOW,CLEARED,RUNNING,INVALID_NUMERIC_VALUE,STATE
4704,2026-09-08 20:33:06,P-102,NORMAL,LOW,RUNNING,CLEARED,2026-09-08 20:33:06,P-102,LOW,CLEARED,RUNNING,INVALID_NUMERIC_VALUE,STATE
4707,2026-09-25 14:37:47,P-101,NORMAL,LOW,RUNNING,CLEARED,2026-09-25 14:37:47,P-101,LOW,CLEARED,RUNNING,INVALID_NUMERIC_VALUE,STATE
4709,2026-09-05 17:05:18,P-101,NORMAL,LOW,RUNNING,CLEARED,2026-09-05 17:05:18,P-101,LOW,CLEARED,RUNNING,INVALID_NUMERIC_VALUE,STATE
4712,2026-09-28 16:46:48,P-101,NORMAL,LOW,RUNNING,CLEARED,2026-09-28 16:46:48,P-101,LOW,CLEARED,RUNNING,INVALID_NUMERIC_VALUE,STATE
4714,2026-09-10 08:58:09,FT-101,NORMAL,LOW,,UNKNOWN,2026-09-10 08:58:09,ft-101,LOW,UNKNOWN,,INVALID_STATUS;MISSING_VALUE,NULL
4718,2026-09-16 21:05:12,P-102,NORMAL,LOW,STOPPED,CLEARED,2026-09-16 21:05:12,P-102,LOW,CLEARED,STOPPED,INVALID_NUMERIC_VALUE,STATE
4719,2026-09-10 13:40:24,P-101,NORMAL,LOW,STOPPED,CLEARED,2026-09-10 13:40:24,P-101,LOW,CLEARED,STOPPED,INVALID_NUMERIC_VALUE,STATE
4720,2026-09-24 12:29:56,P-101,NORMAL,,RUNNING,CLEARED,2026-09-24 12:29:56,p-101,,CLEARED,RUNNING,INVALID_SEVERITY;INVALID_NUMERIC_VALUE,STATE
4723,2026-09-01 16:13:13,P-102,NORMAL,LOW,STOPPED,CLEARED,2026-09-01 16:13:13,P-102,LOW,CLEARED,STOPPED,INVALID_NUMERIC_VALUE,STATE
4734,2026-09-05 08:49:06,P-101,NORMAL,LOW,RUNNING,CLEARED,2026-09-05 08:49:06,P-101,LOW,CLEARED,RUNNING,INVALID_NUMERIC_VALUE,STATE
4742,,PT-101,NORMAL,LOW,6.33,CLEARED,not-a-date,PT-101,LOW,CLEARED,6.33,INVALID_TIMESTAMP,NUMERIC
4746,2026-09-21 07:23:27,P-102,NORMAL,LOW,RUNNING,CLEARED,2026-09-21 07:23:27,P-102,LOW,CLEARED,RUNNING,INVALID_NUMERIC_VALUE,STATE
4750,2026-09-01 07:18:34,P-101,NORMAL,LOW,RUNNING,CLEARED,2026-09-01 07:18:34,P-101,LOW,CLEARED,RUNNING,INVALID_NUMERIC_VALUE,STATE
4756,2026-09-08 06:22:27,FT-101,NORMAL,POTATO,33.71,CLEARED,2026-09-08 06:22:27,FT-101,potato,CLEARED,33.71,INVALID_SEVERITY,NUMERIC
4758,2026-09-27 06:23:52,P-101,NORMAL,LOW,RUNNING,CLEARED,2026-09-27 06:23:52,P-101,LOW,CLEARED,RUNNING,INVALID_NUMERIC_VALUE,STATE
4762,2026-09-30 16:43:55,P-101,NORMAL,LOW,RUNNING,CLEARED,2026-09-30 16:43:55,P-101,LOW,CLEARED,RUNNING,INVALID_NUMERIC_VALUE,STATE
4766,2026-09-18 15:29:40,P-102,NORMAL,LOW,RUNNING,CLEARED,2026-09-18 15:29:40,P-102,LOW,CLEARED,RUNNING,INVALID_NUMERIC_VALUE,STATE
4775,,TT-101,NORMAL,POTATO,57.6,CLEARED,,TT-101,potato,CLEARED,57.6,INVALID_TIMESTAMP;INVALID_SEVERITY,NUMERIC
4779,2026-09-17 21:22:05,P-102,NORMAL,LOW,RUNNING,CLEARED,2026-09-17 21:22:05,P-102,LOW,CLEARED,RUNNING,INVALID_NUMERIC_VALUE,STATE
4782,2026-09-23 05:37:48,P-101,NORMAL,LOW,RUNNING,CLEARED,2026-09-23 05:37:48,P-101,LOW,CLEARED,RUNNING,INVALID_NUMERIC_VALUE,STATE
4783,2026-09-11 12:12:19,P-102,NORMAL,LOW,STOPPED,CLEARED,2026-09-11 12:12:19,P-102,LOW,CLEARED,STOPPED,INVALID_NUMERIC_VALUE,STATE
4801,2026-09-14 16:19:03,P-101,NORMAL,LOW,RUNNING,CLEARED,2026-09-14 16:19:03,P-101,LOW,CLEARED,RUNNING,INVALID_NUMERIC_VALUE,STATE
4802,2026-09-06 09:51:34,P-102,NORMAL,LOW,RUNNING,CLEARED,2026-09-06 09:51:34,P-102,LOW,CLEARED,RUNNING,INVALID_NUMERIC_VALUE,STATE
4807,2026-09-29 12:36:43,P-102,NORMAL,LOW,RUNNING,CLEARED,2026-09-29 12:36:43,P-102,LOW,CLEARED,RUNNING,INVALID_NUMERIC_VALUE,STATE
4811,2026-09-27 10:25:11,P-102,NORMAL,LOW,RUNNING,CLEARED,2026-09-27 10:25:11,P-102,LOW,CLEARED,RUNNING,INVALID_NUMERIC_VALUE,STATE
4812,2026-09-08 22:55:04,P-101,NORMAL,LOW,STOPPED,CLEARED,2026-09-08 22:55:04,P-101,LOW,CLEARED,STOPPED,INVALID_NUMERIC_VALUE,STATE
4817,2026-09-22 15:31:46,P-102,NORMAL,LOW,STOPPED,CLEARED,2026-09-22 15:31:46,P-102,LOW,CLEARED,STOPPED,INVALID_NUMERIC_VALUE,STATE
4819,2026-09-09 17:42:57,P-102,NORMAL,LOW,RUNNING,CLEARED,2026-09-09 17:42:57,P-102,LOW,CLEARED,RUNNING,INVALID_NUMERIC_VALUE,STATE
4820,2026-09-30 13:18:22,P-101,NORMAL,LOW,RUNNING,CLEARED,2026-09-30 13:18:22,P-101,LOW,CLEARED,RUNNING,INVALID_NUMERIC_VALUE,STATE
4828,2026-09-01 01:08:22,P-102,NORMAL,LOW,RUNNING,CLEARED,2026-09-01 01:08:22,P-102,LOW,CLEARED,RUNNING,INVALID_NUMERIC_VALUE,STATE
4831,2026-09-08 13:27:40,P-101,NORMAL,LOW,RUNNING,CLEARED,2026-09-08 13:27:40,P-101,LOW,CLEARED,RUNNING,INVALID_NUMERIC_VALUE,STATE
4835,2026-09-06 04:50:32,FT-101,NORMAL,POTATO,35.69,CLEARED,2026-09-06 04:50:32,FT-101,potato,CLEARED,35.69,INVALID_SEVERITY,NUMERIC
4846,2026-09-12 10:21:38,P-102,NORMAL,LOW,RUNNING,CLEARED,2026-09-12 10:21:38,P-102,LOW,CLEARED,RUNNING,INVALID_NUMERIC_VALUE,STATE
4851,2026-09-07 19:31:34,P-101,NORMAL,LOW,RUNNING,CLEARED,2026-09-07 19:31:34,P-101,LOW,CLEARED,RUNNING,INVALID_NUMERIC_VALUE,STATE
4865,2026-09-03 22:01:59,P-101,NORMAL,LOW,RUNNING,CLEARED,2026-09-03 22:01:59,P-101,LOW,CLEARED,RUNNING,INVALID_NUMERIC_VALUE,STATE
4872,2026-09-26 17:01:11,PT-101,NORMAL,POTATO,6.36,CLEARED,2026-09-26 17:01:11,PT-101,potato,CLEARED,6.36,INVALID_SEVERITY,NUMERIC
4874,2026-09-12 08:28:32,P-101,NORMAL,LOW,STOPPED,CLEARED,2026-09-12 08:28:32,P-101,LOW,CLEARED,STOPPED,INVALID_NUMERIC_VALUE,STATE
4877,2026-09-15 18:43:53,P-101,NORMAL,LOW,STOPPED,CLEARED,2026-09-15 18:43:53,P-101,LOW,CLEARED,STOPPED,INVALID_NUMERIC_VALUE,STATE
4879,2026-09-04 01:33:08,P-102,NORMAL,LOW,STOPPED,CLEARED,2026-09-04 01:33:08,P-102,LOW,CLEARED,STOPPED,INVALID_NUMERIC_VALUE,STATE
4886,2026-09-20 06:06:08,P-101,NORMAL,LOW,RUNNING,CLEARED,2026-09-20 06:06:08,P-101,LOW,CLEARED,RUNNING,INVALID_NUMERIC_VALUE,STATE
4894,2026-09-24 17:35:16,P-102,NORMAL,LOW,RUNNING,CLEARED,2026-09-24 17:35:16,P-102,LOW,CLEARED,RUNNING,INVALID_NUMERIC_VALUE,STATE
4899,2026-09-10 15:09:47,P-101,NORMAL,LOW,RUNNING,CLEARED,2026-09-10 15:09:47,P-101,LOW,CLEARED,RUNNING,INVALID_NUMERIC_VALUE,STATE
4900,2026-09-01 09:07:41,P-101,NORMAL,LOW,RUNNING,CLEARED,2026-09-01 09:07:41,P-101,LOW,CLEARED,RUNNING,INVALID_NUMERIC_VALUE,STATE
4901,2026-09-11 01:56:26,P-101,NORMAL,LOW,STOPPED,CLEARED,2026-09-11 01:56:26,P-101,LOW,CLEARED,STOPPED,INVALID_NUMERIC_VALUE,STATE
4903,2026-09-26 05:47:18,P-101,NORMAL,LOW,RUNNING,CLEARED,2026-09-26 05:47:18,P-101,LOW,CLEARED,RUNNING,INVALID_NUMERIC_VALUE,STATE
4904,2026-09-27 20:06:44,P-101,NORMAL,LOW,RUNNING,CLEARED,2026-09-27 20:06:44,P-101,LOW,CLEARED,RUNNING,INVALID_NUMERIC_VALUE,STATE
4907,2026-09-18 02:27:29,P-101,NORMAL,LOW,RUNNING,CLEARED,2026-09-18 02:27:29,P-101,LOW,CLEARED,RUNNING,INVALID_NUMERIC_VALUE,STATE
4910,2026-09-26 23:12:46,P-101,NORMAL,,STOPPED,CLEARED,26/09/2026 23:12:46, P-101 ,,CLEARED,STOPPED,INVALID_SEVERITY;INVALID_NUMERIC_VALUE,STATE
4911,2026-09-06 21:29:11,P-102,NORMAL,LOW,RUNNING,CLEARED,2026-09-06 21:29:11,P-102,LOW,CLEARED,RUNNING,INVALID_NUMERIC_VALUE,STATE
4915,2026-09-10 18:28:12,P-102,NORMAL,LOW,RUNNING,CLEARED,2026-09-10 18:28:12,P-102,LOW,CLEARED,RUNNING,INVALID_NUMERIC_VALUE,STATE
4921,2026-09-25 21:50:52,P-102,NORMAL,LOW,RUNNING,CLEARED,2026-09-25 21:50:52,P-102,LOW,CLEARED,RUNNING,INVALID_NUMERIC_VALUE,STATE
4925,2026-09-04 08:09:59,P-101,NORMAL,LOW,RUNNING,CLEARED,2026-09-04 08:09:59,P-101,LOW,CLEARED,RUNNING,INVALID_NUMERIC_VALUE,STATE
4928,2026-09-01 02:24:41,P-101,NORMAL,LOW,RUNNING,CLEARED,2026-09-01 02:24:41,P-101,LOW,CLEARED,RUNNING,INVALID_NUMERIC_VALUE,STATE
4935,2026-09-21 05:20:38,P-102,NORMAL,LOW,RUNNING,CLEARED,2026-09-21 05:20:38,P-102,LOW,CLEARED,RUNNING,INVALID_NUMERIC_VALUE,STATE
4937,2026-09-27 20:48:09,P-102,NORMAL,LOW,STOPPED,CLEARED,2026-09-27 20:48:09,P-102,LOW,CLEARED,STOPPED,INVALID_NUMERIC_VALUE,STATE
4938,2026-09-28 10:55:52,P-101,NORMAL,LOW,STOPPED,CLEARED,2026-09-28 10:55:52,P-101,LOW,CLEARED,STOPPED,INVALID_NUMERIC_VALUE,STATE
4940,2026-09-13 05:58:12,PT-101,NORMAL,UNKNOWN,5.4,CLEARED,2026-09-13 05:58:12,PT-101,UNKNOWN,CLEARED,5.4,INVALID_SEVERITY,NUMERIC
4943,2026-09-27 19:18:08,P-102,NORMAL,LOW,RUNNING,CLEARED,2026-09-27 19:18:08,P-102,LOW,CLEARED,RUNNING,INVALID_NUMERIC_VALUE,STATE
4944,2026-09-14 00:16:39,P-101,NORMAL,LOW,RUNNING,CLEARED,2026-09-14 00:16:39,P-101,LOW,CLEARED,RUNNING,INVALID_NUMERIC_VALUE,STATE
4954,2026-09-15 19:59:40,P-101,NORMAL,LOW,STOPPED,CLEARED,2026-09-15 19:59:40,P-101,LOW,CLEARED,STOPPED,INVALID_NUMERIC_VALUE,STATE
4961,2026-09-25 17:26:28,P-102,NORMAL,LOW,STOPPED,CLEARED,2026-09-25 17:26:28,P-102,LOW,CLEARED,STOPPED,INVALID_NUMERIC_VALUE,STATE
4966,2026-09-03 15:40:29,P-101,NORMAL,LOW,RUNNING,CLEARED,2026-09-03 15:40:29,P-101,LOW,CLEARED,RUNNING,INVALID_NUMERIC_VALUE,STATE
4967,2026-09-08 04:51:01,P-102,NORMAL,LOW,RUNNING,CLEARED,2026-09-08 04:51:01,P-102,LOW,CLEARED,RUNNING,INVALID_NUMERIC_VALUE,STATE
4968,2026-09-21 16:12:43,P-101,NORMAL,LOW,RUNNING,CLEARED,2026-09-21 16:12:43,P-101,LOW,CLEARED,RUNNING,INVALID_NUMERIC_VALUE,STATE
4974,2026-09-02 02:30:12,P-102,NORMAL,LOW,STOPPED,CLEARED,2026-09-02 02:30:12,P-102,LOW,CLEARED,STOPPED,INVALID_NUMERIC_VALUE,STATE
4981,,PT-101,NORMAL,LOW,4.65,CLEARED,not-a-date,PT-101,LOW,CLEARED,4.65,INVALID_TIMESTAMP,NUMERIC
4992,2026-09-08 02:48:29,P-101,NORMAL,LOW,STOPPED,CLEARED,2026-09-08 02:48:29,P-101,LOW,CLEARED,STOPPED,INVALID_NUMERIC_VALUE,STATE
4995,2026-09-26 16:11:09,P-101,NORMAL,LOW,RUNNING,CLEARED,2026-09-26 16:11:09,P-101,LOW,CLEARED,RUNNING,INVALID_NUMERIC_VALUE,STATE
5007,2026-09-19 15:10:28,P-102,NORMAL,LOW,RUNNING,CLEARED,2026-09-19 15:10:28,P-102,LOW,CLEARED,RUNNING,INVALID_NUMERIC_VALUE,STATE
5013,2026-09-05 18:57:33,P-102,NORMAL,LOW,RUNNING,CLEARED,2026-09-05 18:57:33,P-102,LOW,cleared,RUNNING,INVALID_NUMERIC_VALUE,STATE
5019,2026-09-12 19:43:11,P-101,NORMAL,LOW,RUNNING,CLEARED,2026-09-12 19:43:11,P-101,LOW,CLEARED,RUNNING,INVALID_NUMERIC_VALUE,STATE
5022,2026-09-06 19:58:49,P-101,NORMAL,LOW,RUNNING,CLEARED,2026-09-06 19:58:49,P-101,LOW,CLEARED,RUNNING,INVALID_NUMERIC_VALUE,STATE
5027,2026-09-10 05:24:04,P-101,NORMAL,LOW,RUNNING,CLEARED,2026-09-10 05:24:04,P-101,LOW,CLEARED,RUNNING,INVALID_NUMERIC_VALUE,STATE
5039,2026-09-07 04:58:09,P-102,NORMAL,LOW,RUNNING,CLEARED,2026-09-07 04:58:09,P-102,LOW,CLEARED,RUNNING,INVALID_NUMERIC_VALUE,STATE
5040,2026-09-02 11:46:26,P-101,NORMAL,LOW,RUNNING,CLEARED,2026-09-02 11:46:26,P-101,LOW,CLEARED,RUNNING,INVALID_NUMERIC_VALUE,STATE
5045,2026-09-25 20:18:24,P-101,NORMAL,LOW,RUNNING,CLEARED,2026-09-25 20:18:24,P-101,LOW,CLEARED,RUNNING,INVALID_NUMERIC_VALUE,STATE
5053,2026-09-11 19:13:19,P-101,NORMAL,LOW,RUNNING,CLEARED,2026-09-11 19:13:19,P-101,LOW,CLEARED,RUNNING,INVALID_NUMERIC_VALUE,STATE
5059,2026-09-18 09:21:08,P-102,NORMAL,LOW,RUNNING,CLEARED,2026-09-18 09:21:08,P-102,LOW,CLEARED,RUNNING,INVALID_NUMERIC_VALUE,STATE
5062,2026-09-20 23:42:25,P-102,NORMAL,LOW,RUNNING,CLEARED,2026-09-20 23:42:25,P-102,LOW,CLEARED,RUNNING,INVALID_NUMERIC_VALUE,STATE
5063,2026-09-07 01:38:49,P-102,NORMAL,LOW,RUNNING,CLEARED,2026-09-07 01:38:49,P-102,LOW,CLEARED,RUNNING,INVALID_NUMERIC_VALUE,STATE
5064,2026-09-13 08:40:39,P-102,NORMAL,LOW,STOPPED,CLEARED,2026-09-13 08:40:39,P-102,LOW,CLEARED,STOPPED,INVALID_NUMERIC_VALUE,STATE
5070,2026-09-06 20:30:41,P-101,NORMAL,LOW,RUNNING,CLEARED,2026-09-06 20:30:41,P-101,LOW,CLEARED,RUNNING,INVALID_NUMERIC_VALUE,STATE
5072,2026-09-03 20:51:04,P-101,NORMAL,LOW,STOPPED,CLEARED,2026-09-03 20:51:04,P-101,LOW,CLEARED,STOPPED,INVALID_NUMERIC_VALUE,STATE
5076,2026-09-14 19:31:09,P-102,NORMAL,LOW,RUNNING,CLEARED,2026-09-14 19:31:09,P-102,LOW,CLEARED,RUNNING,INVALID_NUMERIC_VALUE,STATE
5082,2026-09-01 10:46:36,P-102,NORMAL,LOW,RUNNING,CLEARED,2026-09-01 10:46:36,P-102,LOW,CLEARED,RUNNING,INVALID_NUMERIC_VALUE,STATE
5085,2026-09-25 22:45:44,M-101,HIGH_CURRENT,HIGH,57.02,,25/09/2026 22:45:44,M-101,HIGH,,57.02,INVALID_STATUS,NUMERIC
5086,2026-09-05 17:06:54,P-101,NORMAL,LOW,RUNNING,CLEARED,2026-09-05 17:06:54,P-101,LOW,CLEARED,RUNNING,INVALID_NUMERIC_VALUE,STATE
5090,2026-09-13 08:18:02,P-102,NORMAL,LOW,RUNNING,CLEARED,2026-09-13 08:18:02,P-102,LOW,CLEARED,RUNNING,INVALID_NUMERIC_VALUE,STATE
5094,2026-09-28 00:29:22,P-102,NORMAL,LOW,RUNNING,CLEARED,2026-09-28 00:29:22,P-102,LOW,CLEARED,RUNNING,INVALID_NUMERIC_VALUE,STATE
5097,2026-09-18 18:07:27,P-102,NORMAL,LOW,STOPPED,CLEARED,2026-09-18 18:07:27,P-102,LOW,CLEARED,STOPPED,INVALID_NUMERIC_VALUE,STATE
5100,2026-09-07 12:40:02,P-101,NORMAL,LOW,RUNNING,CLEARED,2026-09-07 12:40:02,P-101,LOW,CLEARED,RUNNING,INVALID_NUMERIC_VALUE,STATE
5103,2026-09-27 18:46:38,P-102,NORMAL,LOW,RUNNING,CLEARED,2026-09-27 18:46:38,P-102,LOW,CLEARED,RUNNING,INVALID_NUMERIC_VALUE,STATE
5111,2026-09-24 18:23:55,P-101,NORMAL,LOW,RUNNING,CLEARED,2026-09-24 18:23:55,P-101,LOW,CLEARED,RUNNING,INVALID_NUMERIC_VALUE,STATE
5115,2026-09-11 08:25:59,P-101,NORMAL,LOW,RUNNING,CLEARED,2026-09-11 08:25:59,P-101,LOW,CLEARED,RUNNING,INVALID_NUMERIC_VALUE,STATE
5119,2026-09-17 20:31:18,P-102,NORMAL,LOW,RUNNING,CLEARED,2026-09-17 20:31:18,P-102,LOW,CLEARED,RUNNING,INVALID_NUMERIC_VALUE,STATE
5120,2026-09-02 00:17:55,P-102,NORMAL,LOW,RUNNING,CLEARED,2026-09-02 00:17:55,P-102,LOW,CLEARED,RUNNING,INVALID_NUMERIC_VALUE,STATE
5122,2026-09-19 16:14:21,P-101,NORMAL,LOW,RUNNING,CLEARED,2026-09-19 16:14:21,P-101,LOW,CLEARED,RUNNING,INVALID_NUMERIC_VALUE,STATE
5123,2026-09-29 14:59:12,P-102,NORMAL,LOW,STOPPED,CLEARED,2026-09-29 14:59:12,P-102,LOW,CLEARED,STOPPED,INVALID_NUMERIC_VALUE,STATE
5131,,LT-101,NORMAL,LOW,77.96,CLEARED,not-a-date,LT-101,LOW,CLEARED,77.96,INVALID_TIMESTAMP,NUMERIC
5138,2026-09-06 19:47:30,P-101,NORMAL,LOW,RUNNING,CLEARED,2026-09-06 19:47:30,P-101,LOW,CLEARED,RUNNING,INVALID_NUMERIC_VALUE,STATE
5139,2026-09-29 12:53:27,P-102,NORMAL,LOW,RUNNING,CLEARED,2026-09-29 12:53:27,P-102,LOW,CLEARED,RUNNING,INVALID_NUMERIC_VALUE,STATE
5140,2026-09-08 10:43:44,TT-101,NORMAL,LOW,,,2026-09-08 10:43:44,TT-101, LOW ,,,INVALID_STATUS;MISSING_VALUE,NULL
5153,2026-09-30 01:40:00,P-102,NORMAL,LOW,RUNNING,CLEARED,"Sep 30, 2026 01:40",P-102,LOW,CLEARED,RUNNING,INVALID_NUMERIC_VALUE,STATE
5156,2026-09-06 11:54:55,P-102,NORMAL,LOW,RUNNING,CLEARED,2026-09-06 11:54:55,P-102,LOW,CLEARED,RUNNING,INVALID_NUMERIC_VALUE,STATE
5165,2026-09-15 03:32:29,P-102,NORMAL,LOW,RUNNING,CLEARED,2026-09-15 03:32:29,P-102,LOW,CLEARED,RUNNING,INVALID_NUMERIC_VALUE,STATE
5167,2026-09-30 19:55:43,P-102,NORMAL,LOW,RUNNING,CLEARED,2026-09-30 19:55:43,P-102,LOW,CLEARED,RUNNING,INVALID_NUMERIC_VALUE,STATE
5170,2026-09-08 21:35:56,P-102,NORMAL,LOW,STOPPED,CLEARED,2026-09-08 21:35:56,P-102,LOW,CLEARED,STOPPED,INVALID_NUMERIC_VALUE,STATE
5171,2026-09-20 23:25:30,P-101,NORMAL,LOW,RUNNING,CLEARED,2026-09-20 23:25:30,P-101,LOW,CLEARED,RUNNING,INVALID_NUMERIC_VALUE,STATE
5174,2026-09-11 06:51:37,P-101,NORMAL,LOW,RUNNING,CLEARED,2026-09-11 06:51:37,P-101,LOW,CLEARED,RUNNING,INVALID_NUMERIC_VALUE,STATE
5177,2026-09-02 08:09:34,P-102,NORMAL,LOW,RUNNING,CLEARED,2026-09-02 08:09:34,P-102,LOW,CLEARED,RUNNING,INVALID_NUMERIC_VALUE,STATE
5178,2026-09-10 02:56:22,P-101,NORMAL,LOW,STOPPED,CLEARED,2026-09-10 02:56:22,P-101,LOW,CLEARED,STOPPED,INVALID_NUMERIC_VALUE,STATE
5179,,PT-101,NORMAL,LOW,4.39,CLEARED,not-a-date,PT-101,LOW,CLEARED,4.39,INVALID_TIMESTAMP,NUMERIC
5187,2026-09-01 04:44:19,P-101,NORMAL,LOW,STOPPED,CLEARED,2026-09-01 04:44:19,P-101,LOW,CLEARED,STOPPED,INVALID_NUMERIC_VALUE,STATE
5188,2026-09-17 22:32:45,P-101,NORMAL,LOW,RUNNING,CLEARED,2026-09-17 22:32:45,P-101,LOW,CLEARED,RUNNING,INVALID_NUMERIC_VALUE,STATE
5194,2026-09-29 10:16:45,P-102,NORMAL,LOW,STOPPED,CLEARED,2026-09-29 10:16:45,P-102,LOW,CLEARED,STOPPED,INVALID_NUMERIC_VALUE,STATE
5195,2026-09-05 09:52:03,P-102,NORMAL,LOW,RUNNING,CLEARED,2026-09-05 09:52:03,P-102,LOW,CLEARED,RUNNING,INVALID_NUMERIC_VALUE,STATE
5200,2026-09-28 00:57:44,P-101,NORMAL,LOW,STOPPED,CLEARED,2026-09-28 00:57:44,P-101,LOW,CLEARED,STOPPED,INVALID_NUMERIC_VALUE,STATE
5202,2026-09-17 10:18:04,P-102,NORMAL,LOW,STOPPED,CLEARED,2026-09-17 10:18:04,P-102,LOW,CLEARED,STOPPED,INVALID_NUMERIC_VALUE,STATE
5205,2026-09-16 07:07:57,P-102,NORMAL,LOW,RUNNING,CLEARED,2026-09-16 07:07:57,P-102,LOW,CLEARED,RUNNING,INVALID_NUMERIC_VALUE,STATE
5207,2026-09-28 00:23:39,P-102,NORMAL,LOW,RUNNING,CLEARED,2026-09-28 00:23:39,P-102,LOW,Cleared,RUNNING,INVALID_NUMERIC_VALUE,STATE
5209,2026-09-11 14:41:31,P-101,NORMAL,LOW,RUNNING,CLEARED,2026-09-11 14:41:31,P-101,LOW,CLEARED,RUNNING,INVALID_NUMERIC_VALUE,STATE
5214,2026-09-25 01:48:50,P-101,NORMAL,LOW,RUNNING,CLEARED,2026-09-25 01:48:50,P-101,LOW,CLEARED,RUNNING,INVALID_NUMERIC_VALUE,STATE
5216,2026-09-17 12:27:08,P-101,NORMAL,LOW,RUNNING,CLEARED,2026-09-17 12:27:08,P-101,LOW,CLEARED,RUNNING,INVALID_NUMERIC_VALUE,STATE
5226,2026-09-20 02:28:11,P-101,NORMAL,LOW,RUNNING,CLEARED,2026-09-20 02:28:11,P-101,LOW,CLEARED,RUNNING,INVALID_NUMERIC_VALUE,STATE
5231,2026-09-30 09:36:54,P-101,NORMAL,LOW,RUNNING,CLEARED,2026-09-30 09:36:54,P-101,LOW,CLEARED,RUNNING,INVALID_NUMERIC_VALUE,STATE
5233,2026-09-25 20:49:41,P-102,NORMAL,LOW,RUNNING,CLEARED,2026-09-25 20:49:41,P-102,LOW,CLEARED,RUNNING,INVALID_NUMERIC_VALUE,STATE
5260,2026-09-24 05:48:07,P-101,NORMAL,LOW,STOPPED,CLEARED,2026-09-24 05:48:07,P-101,LOW,CLEARED,STOPPED,INVALID_NUMERIC_VALUE,STATE
5261,2026-09-05 16:45:29,P-101,NORMAL,LOW,RUNNING,CLEARED,2026-09-05 16:45:29,P-101,LOW,CLEARED,RUNNING,INVALID_NUMERIC_VALUE,STATE
5271,2026-09-01 22:35:58,P-102,NORMAL,LOW,STOPPED,CLEARED,2026-09-01 22:35:58,P-102,LOW,CLEARED,STOPPED,INVALID_NUMERIC_VALUE,STATE
5272,2026-09-05 09:42:27,LT-101,NORMAL,LOW,65.91,,2026-09-05 09:42:27,LT-101,LOW,,65.91,INVALID_STATUS,NUMERIC
5273,2026-09-19 01:19:03,P-102,NORMAL,LOW,RUNNING,CLEARED,2026-09-19 01:19:03,P-102,LOW,CLEARED,RUNNING,INVALID_NUMERIC_VALUE,STATE
5276,2026-09-25 10:25:53,P-101,NORMAL,LOW,RUNNING,CLEARED,2026-09-25 10:25:53,P-101,LOW,CLEARED,RUNNING,INVALID_NUMERIC_VALUE,STATE
5277,2026-09-23 03:47:12,FT-101,NORMAL,LOW,39.94,UNKNOWN,2026-09-23 03:47:12,FT-101,LOW,UNKNOWN,39.94,INVALID_STATUS,NUMERIC
5279,2026-09-01 03:06:50,P-102,NORMAL,LOW,RUNNING,CLEARED,2026-09-01 03:06:50,P-102,LOW,CLEARED,RUNNING,INVALID_NUMERIC_VALUE,STATE
5280,2026-09-05 20:10:17,P-101,NORMAL,LOW,RUNNING,CLEARED,2026-09-05 20:10:17,P-101,LOW,CLEARED,RUNNING,INVALID_NUMERIC_VALUE,STATE
5286,2026-09-01 08:11:36,P-101,NORMAL,LOW,RUNNING,CLEARED,2026-09-01 08:11:36,P-101,LOW,CLEARED,RUNNING,INVALID_NUMERIC_VALUE,STATE
5292,2026-09-22 03:03:04,P-102,NORMAL,LOW,STOPPED,CLEARED,2026-09-22 03:03:04,P-102,LOW,CLEARED,STOPPED,INVALID_NUMERIC_VALUE,STATE
5300,2026-09-28 15:59:30,P-102,NORMAL,LOW,RUNNING,CLEARED,2026-09-28 15:59:30,P-102,LOW,CLEARED,RUNNING,INVALID_NUMERIC_VALUE,STATE
5302,2026-09-12 00:21:46,P-101,NORMAL,LOW,RUNNING,CLEARED,2026-09-12 00:21:46, P-101 ,Low,CLEARED,RUNNING,INVALID_NUMERIC_VALUE,STATE
5307,2026-09-12 22:29:05,P-101,NORMAL,LOW,RUNNING,CLEARED,2026-09-12 22:29:05,P-101,LOW,CLEARED,RUNNING,INVALID_NUMERIC_VALUE,STATE
5309,2026-09-29 13:03:43,FT-101,NORMAL,UNKNOWN,23.19,CLEARED,2026-09-29 13:03:43, FT-101 ,UNKNOWN,CLEARED,23.19,INVALID_SEVERITY,NUMERIC
5318,2026-09-27 15:21:03,P-102,NORMAL,LOW,STOPPED,CLEARED,2026-09-27 15:21:03,P-102,LOW,CLEARED,STOPPED,INVALID_NUMERIC_VALUE,STATE
5325,2026-09-11 00:28:06,P-101,NORMAL,LOW,RUNNING,CLEARED,2026-09-11 00:28:06,P-101,LOW,CLEARED,RUNNING,INVALID_NUMERIC_VALUE,STATE
5326,,FT-101,NORMAL,UNKNOWN,36.72,CLEARED,32/15/2026 25:99:99,FT-101,UNKNOWN,CLEARED,36.72,INVALID_TIMESTAMP;INVALID_SEVERITY,NUMERIC
5341,2026-09-12 16:15:31,P-101,NORMAL,LOW,RUNNING,CLEARED,2026-09-12 16:15:31,P-101,LOW,CLEARED,RUNNING,INVALID_NUMERIC_VALUE,STATE
5350,2026-09-15 08:01:14,P-101,NORMAL,LOW,RUNNING,CLEARED,2026-09-15 08:01:14,P-101,Low,CLEARED,RUNNING,INVALID_NUMERIC_VALUE,STATE
5353,2026-09-04 04:42:01,P-102,NORMAL,LOW,STOPPED,CLEARED,2026-09-04 04:42:01,P-102,LOW,CLEARED,STOPPED,INVALID_NUMERIC_VALUE,STATE
5367,2026-09-10 08:05:42,P-101,NORMAL,LOW,RUNNING,CLEARED,2026-09-10 08:05:42,P-101,LOW,CLEARED,RUNNING,INVALID_NUMERIC_VALUE,STATE
5376,2026-09-12 21:59:20,P-102,NORMAL,LOW,RUNNING,CLEARED,2026-09-12 21:59:20,P-102,LOW,CLEARED,RUNNING,INVALID_NUMERIC_VALUE,STATE
5381,2026-09-04 07:30:07,P-101,NORMAL,LOW,STOPPED,CLEARED,2026-09-04 07:30:07,P-101,LOW,CLEARED,STOPPED,INVALID_NUMERIC_VALUE,STATE
5382,,TT-101,NORMAL,LOW,53.34,CLEARED,,TT-101,LOW,CLEARED,53.34,INVALID_TIMESTAMP,NUMERIC
5386,2026-09-01 19:07:34,P-101,NORMAL,LOW,RUNNING,CLEARED,2026-09-01 19:07:34,P-101,LOW,CLEARED,RUNNING,INVALID_NUMERIC_VALUE,STATE
5389,2026-09-03 01:45:22,P-101,NORMAL,LOW,RUNNING,CLEARED,2026-09-03 01:45:22,P-101,LOW,CLEARED,RUNNING,INVALID_NUMERIC_VALUE,STATE
5392,2026-09-30 11:11:34,P-102,NORMAL,LOW,RUNNING,CLEARED,2026-09-30 11:11:34,P-102,LOW,CLEARED,RUNNING,INVALID_NUMERIC_VALUE,STATE
5393,2026-09-08 05:11:41,P-101,NORMAL,LOW,STOPPED,CLEARED,2026-09-08 05:11:41,P-101,LOW,CLEARED,STOPPED,INVALID_NUMERIC_VALUE,STATE
5395,2026-09-11 10:47:00,P-101,NORMAL,LOW,STOPPED,CLEARED,2026-09-11 10:47:00,P-101,LOW,CLEARED,STOPPED,INVALID_NUMERIC_VALUE,STATE
5401,2026-09-03 00:58:42,P-102,NORMAL,LOW,STOPPED,CLEARED,2026-09-03 00:58:42,P-102,LOW,CLEARED,STOPPED,INVALID_NUMERIC_VALUE,STATE
5404,2026-09-13 23:27:35,PT-101,NORMAL,LOW,6.46,UNKNOWN,2026-09-13 23:27:35,PT-101,LOW,UNKNOWN,6.46,INVALID_STATUS,NUMERIC
5409,2026-09-22 17:04:11,P-102,NORMAL,LOW,STOPPED,CLEARED,2026-09-22 17:04:11,P-102,LOW,CLEARED,STOPPED,INVALID_NUMERIC_VALUE,STATE
5412,2026-09-18 12:45:44,P-101,NORMAL,LOW,RUNNING,CLEARED,2026-09-18 12:45:44,P-101,LOW,CLEARED,RUNNING,INVALID_NUMERIC_VALUE,STATE
5414,2026-09-21 17:44:51,P-101,NORMAL,LOW,RUNNING,CLEARED,2026-09-21 17:44:51,P-101,LOW,CLEARED,RUNNING,INVALID_NUMERIC_VALUE,STATE
5427,,FT-101,NORMAL,LOW,38.52,CLEARED,not-a-date,FT-101,LOW,CLEARED,38.52,INVALID_TIMESTAMP,NUMERIC
5430,2026-09-15 21:15:19,P-101,NORMAL,LOW,RUNNING,CLEARED,2026-09-15 21:15:19,P-101,LOW,CLEARED,RUNNING,INVALID_NUMERIC_VALUE,STATE
5431,2026-09-21 10:20:58,P-101,NORMAL,LOW,RUNNING,CLEARED,2026-09-21 10:20:58,P-101,LOW,CLEARED,RUNNING,INVALID_NUMERIC_VALUE,STATE
5432,,V-101,NORMAL,LOW,41.96,CLEARED,not-a-date,V-101,LOW,CLEARED,41.96,INVALID_TIMESTAMP,NUMERIC
5436,2026-09-02 13:53:56,P-102,NORMAL,LOW,RUNNING,CLEARED,2026-09-02 13:53:56,P-102,LOW,CLEARED,RUNNING,INVALID_NUMERIC_VALUE,STATE
5438,2026-09-19 21:04:14,P-101,NORMAL,LOW,RUNNING,CLEARED,2026-09-19 21:04:14,P-101,LOW,CLEARED,RUNNING,INVALID_NUMERIC_VALUE,STATE
5443,2026-09-05 02:36:00,P-101,NORMAL,LOW,RUNNING,CLEARED,"Sep 05, 2026 02:36",P-101, LOW ,CLEARED,RUNNING,INVALID_NUMERIC_VALUE,STATE
5444,2026-09-07 17:14:01,FT-101,NORMAL,LOW,21.6,,2026-09-07 17:14:01,FT-101,Low,,21.6,INVALID_STATUS,NUMERIC
5446,2026-09-05 21:23:23,P-101,NORMAL,LOW,RUNNING,CLEARED,2026-09-05 21:23:23,P-101,LOW,CLEARED,RUNNING,INVALID_NUMERIC_VALUE,STATE
5447,2026-09-02 02:37:50,P-101,NORMAL,LOW,RUNNING,CLEARED,2026-09-02 02:37:50,P-101,LOW,CLEARED,RUNNING,INVALID_NUMERIC_VALUE,STATE
5468,2026-09-05 06:56:20,P-101,NORMAL,LOW,STOPPED,CLEARED,2026-09-05 06:56:20,P-101,LOW,CLEARED,STOPPED,INVALID_NUMERIC_VALUE,STATE
5482,2026-09-08 17:39:10,P-102,NORMAL,LOW,RUNNING,CLEARED,2026-09-08 17:39:10,P-102,LOW,CLEARED,RUNNING,INVALID_NUMERIC_VALUE,STATE
5486,2026-09-22 11:52:41,P-101,NORMAL,LOW,STOPPED,CLEARED,2026-09-22 11:52:41,p-101,LOW,CLEARED,STOPPED,INVALID_NUMERIC_VALUE,STATE
5498,2026-09-09 14:59:25,P-101,NORMAL,LOW,STOPPED,CLEARED,2026-09-09 14:59:25,P-101,LOW,CLEARED,STOPPED,INVALID_NUMERIC_VALUE,STATE
5505,2026-09-09 08:54:07,P-102,NORMAL,LOW,RUNNING,CLEARED,2026-09-09 08:54:07,P-102,LOW,CLEARED,RUNNING,INVALID_NUMERIC_VALUE,STATE
5506,2026-09-27 16:54:32,P-101,NORMAL,LOW,STOPPED,CLEARED,2026-09-27 16:54:32,P-101, LOW ,CLEARED,STOPPED,INVALID_NUMERIC_VALUE,STATE
5509,2026-09-04 07:13:49,P-102,NORMAL,LOW,RUNNING,CLEARED,2026-09-04 07:13:49,P-102,LOW,CLEARED,RUNNING,INVALID_NUMERIC_VALUE,STATE
5510,2026-09-27 06:43:58,P-101,NORMAL,LOW,STOPPED,CLEARED,2026-09-27 06:43:58,P-101,LOW,CLEARED,STOPPED,INVALID_NUMERIC_VALUE,STATE
5515,2026-09-14 12:58:29,P-102,NORMAL,LOW,RUNNING,CLEARED,2026-09-14 12:58:29,P-102,LOW,CLEARED,RUNNING,INVALID_NUMERIC_VALUE,STATE
5533,2026-09-24 03:21:23,P-101,NORMAL,LOW,STOPPED,CLEARED,2026-09-24 03:21:23,P-101,LOW,CLEARED,STOPPED,INVALID_NUMERIC_VALUE,STATE
5537,2026-09-13 12:10:30,P-101,NORMAL,LOW,RUNNING,CLEARED,2026-09-13 12:10:30,P-101,LOW,CLEARED,RUNNING,INVALID_NUMERIC_VALUE,STATE
5539,2026-09-22 15:41:34,P-102,NORMAL,LOW,RUNNING,CLEARED,2026-09-22 15:41:34,P-102,LOW,CLEARED,RUNNING,INVALID_NUMERIC_VALUE,STATE
5545,2026-09-22 06:59:32,P-102,NORMAL,LOW,RUNNING,CLEARED,2026-09-22 06:59:32,P-102,LOW,CLEARED,RUNNING,INVALID_NUMERIC_VALUE,STATE
5550,2026-09-03 17:42:43,P-101,NORMAL,LOW,STOPPED,CLEARED,2026-09-03 17:42:43,P-101,LOW,CLEARED,STOPPED,INVALID_NUMERIC_VALUE,STATE
5554,2026-09-23 00:59:05,LT-101,NORMAL,,51.31,CLEARED,2026-09-23 00:59:05,LT-101,,CLEARED,51.31,INVALID_SEVERITY,NUMERIC
5556,2026-09-16 19:25:03,P-101,NORMAL,LOW,RUNNING,CLEARED,2026-09-16 19:25:03,P-101,LOW,CLEARED,RUNNING,INVALID_NUMERIC_VALUE,STATE
5564,2026-09-15 00:48:53,M-101,NORMAL,LOW,2.11,UNKNOWN,2026-09-15 00:48:53,M-101,LOW,UNKNOWN,2.11,INVALID_STATUS,NUMERIC
5574,2026-09-21 08:55:20,P-101,NORMAL,LOW,RUNNING,CLEARED,2026-09-21 08:55:20,P-101,LOW,CLEARED,RUNNING,INVALID_NUMERIC_VALUE,STATE
5586,2026-09-18 16:47:05,LT-101,NORMAL,LOW,45.72,,2026-09-18 16:47:05,LT-101,LOW,,45.72,INVALID_STATUS,NUMERIC
5588,2026-09-05 17:52:26,P-102,NORMAL,LOW,RUNNING,CLEARED,2026-09-05 17:52:26,P-102,LOW,CLEARED,RUNNING,INVALID_NUMERIC_VALUE,STATE
5596,2026-09-08 21:48:12,TT-101,NORMAL,,66.48,CLEARED,2026-09-08 21:48:12,TT-101,,CLEARED,66.48,INVALID_SEVERITY,NUMERIC
5597,2026-09-11 18:23:28,P-101,NORMAL,LOW,STOPPED,CLEARED,2026-09-11 18:23:28,P-101,LOW,CLEARED,STOPPED,INVALID_NUMERIC_VALUE,STATE
5598,2026-09-01 05:45:39,P-101,NORMAL,LOW,RUNNING,CLEARED,2026-09-01 05:45:39,P-101,LOW,CLEARED,RUNNING,INVALID_NUMERIC_VALUE,STATE
5604,2026-09-21 20:03:34,P-101,NORMAL,LOW,RUNNING,CLEARED,2026-09-21 20:03:34,P-101,LOW,CLEARED,RUNNING,INVALID_NUMERIC_VALUE,STATE
5612,2026-09-18 15:16:07,P-102,NORMAL,LOW,STOPPED,CLEARED,2026-09-18 15:16:07,P-102,LOW,CLEARED,STOPPED,INVALID_NUMERIC_VALUE,STATE
5614,2026-09-22 14:52:46,P-101,NORMAL,LOW,STOPPED,CLEARED,2026-09-22 14:52:46,P-101,LOW,CLEARED,STOPPED,INVALID_NUMERIC_VALUE,STATE
5619,2026-09-05 16:20:25,P-102,NORMAL,LOW,RUNNING,CLEARED,2026-09-05 16:20:25,P-102,LOW,CLEARED,RUNNING,INVALID_NUMERIC_VALUE,STATE
5621,2026-09-11 20:44:32,P-101,NORMAL,LOW,RUNNING,CLEARED,2026-09-11 20:44:32,P-101,LOW,CLEARED,RUNNING,INVALID_NUMERIC_VALUE,STATE
5627,,TT-101,NORMAL,LOW,,CLEARED,not-a-date,TT-101,LOW,CLEARED,,INVALID_TIMESTAMP;MISSING_VALUE,NULL
5628,2026-09-18 20:35:35,P-102,NORMAL,LOW,RUNNING,CLEARED,2026-09-18 20:35:35,P-102,LOW,CLEARED,RUNNING,INVALID_NUMERIC_VALUE,STATE
5630,2026-09-12 03:26:50,P-101,NORMAL,LOW,RUNNING,CLEARED,2026-09-12 03:26:50,P-101,LOW,CLEARED,RUNNING,INVALID_NUMERIC_VALUE,STATE
5632,2026-09-30 06:46:59,P-101,NORMAL,LOW,STOPPED,CLEARED,2026-09-30 06:46:59,P-101,LOW,CLEARED,STOPPED,INVALID_NUMERIC_VALUE,STATE
5637,2026-09-07 12:34:13,P-102,NORMAL,LOW,RUNNING,CLEARED,2026-09-07 12:34:13,P-102,LOW,CLEARED,RUNNING,INVALID_NUMERIC_VALUE,STATE
5638,2026-09-26 01:29:28,P-101,NORMAL,LOW,RUNNING,CLEARED,2026-09-26 01:29:28,P-101,LOW,CLEARED,RUNNING,INVALID_NUMERIC_VALUE,STATE
5644,2026-09-25 03:12:06,P-102,NORMAL,LOW,STOPPED,CLEARED,2026-09-25 03:12:06,P-102,LOW,CLEARED,STOPPED,INVALID_NUMERIC_VALUE,STATE
5649,2026-09-06 02:35:53,P-101,NORMAL,LOW,RUNNING,CLEARED,2026-09-06 02:35:53,P-101,LOW,CLEARED,RUNNING,INVALID_NUMERIC_VALUE,STATE
5652,2026-09-18 11:43:41,P-101,NORMAL,LOW,STOPPED,CLEARED,2026-09-18 11:43:41,P-101,LOW,CLEARED,STOPPED,INVALID_NUMERIC_VALUE,STATE
5658,2026-09-28 07:19:42,P-102,NORMAL,LOW,RUNNING,CLEARED,2026/09/28 07:19:42,P-102,LOW,CLEARED,RUNNING,INVALID_NUMERIC_VALUE,STATE
5660,2026-09-21 16:37:02,P-102,NORMAL,LOW,RUNNING,CLEARED,2026-09-21 16:37:02,P-102,LOW,CLEARED,RUNNING,INVALID_NUMERIC_VALUE,STATE
5664,,LT-101,NORMAL,LOW,64.9,CLEARED,,LT_101,LOW,CLEARED,64.9,INVALID_TIMESTAMP,NUMERIC
5670,2026-09-06 13:48:57,P-101,NORMAL,LOW,RUNNING,CLEARED,2026-09-06 13:48:57,P-101,LOW,CLEARED,RUNNING,INVALID_NUMERIC_VALUE,STATE
5673,2026-09-12 08:03:09,P-101,NORMAL,LOW,RUNNING,CLEARED,2026-09-12 08:03:09,P-101,LOW,CLEARED,RUNNING,INVALID_NUMERIC_VALUE,STATE
5674,2026-09-18 09:21:57,P-102,NORMAL,LOW,RUNNING,CLEARED,2026-09-18 09:21:57,P-102,LOW,CLEARED,RUNNING,INVALID_NUMERIC_VALUE,STATE
5682,2026-09-10 07:17:51,P-101,NORMAL,LOW,STOPPED,CLEARED,2026-09-10 07:17:51,P-101,LOW,CLEARED,STOPPED,INVALID_NUMERIC_VALUE,STATE
5684,2026-09-14 13:13:56,P-101,NORMAL,LOW,RUNNING,CLEARED,2026-09-14 13:13:56,P-101,LOW,CLEARED,RUNNING,INVALID_NUMERIC_VALUE,STATE
5686,2026-09-30 10:48:31,P-102,NORMAL,LOW,STOPPED,CLEARED,2026-09-30 10:48:31,P-102,LOW,CLEARED,STOPPED,INVALID_NUMERIC_VALUE,STATE
5689,2026-09-12 10:03:43,P-102,NORMAL,LOW,STOPPED,CLEARED,2026-09-12 10:03:43,P-102,LOW,CLEARED,STOPPED,INVALID_NUMERIC_VALUE,STATE
5695,2026-09-28 20:41:41,P-101,NORMAL,LOW,RUNNING,CLEARED,2026-09-28 20:41:41,P-101,LOW,CLEARED,RUNNING,INVALID_NUMERIC_VALUE,STATE
5697,2026-09-09 00:31:37,P-102,NORMAL,LOW,RUNNING,CLEARED,2026-09-09 00:31:37,P-102,LOW,CLEARED,RUNNING,INVALID_NUMERIC_VALUE,STATE
5707,2026-09-03 16:32:49,P-101,NORMAL,LOW,RUNNING,CLEARED,2026-09-03 16:32:49,P-101,LOW,CLEARED,RUNNING,INVALID_NUMERIC_VALUE,STATE
5708,2026-09-15 07:58:07,PT-101,NORMAL,UNKNOWN,4.89,CLEARED,2026-09-15 07:58:07,PT-101,UNKNOWN,cleared,4.89,INVALID_SEVERITY,NUMERIC
5709,2026-09-21 23:32:41,P-101,NORMAL,LOW,RUNNING,CLEARED,2026-09-21 23:32:41,P-101,LOW,CLEARED,RUNNING,INVALID_NUMERIC_VALUE,STATE
5710,2026-09-26 18:17:36,P-101,NORMAL,LOW,RUNNING,CLEARED,2026-09-26 18:17:36, P-101 ,LOW,CLEARED,RUNNING,INVALID_NUMERIC_VALUE,STATE
5721,2026-09-14 07:52:48,P-101,NORMAL,LOW,STOPPED,CLEARED,2026-09-14 07:52:48,P-101,LOW,CLEARED,STOPPED,INVALID_NUMERIC_VALUE,STATE
5732,2026-09-09 01:27:53,P-102,NORMAL,LOW,RUNNING,CLEARED,2026-09-09 01:27:53,P-102,LOW,CLEARED,RUNNING,INVALID_NUMERIC_VALUE,STATE
5736,2026-09-20 01:47:03,P-102,NORMAL,LOW,STOPPED,CLEARED,2026-09-20 01:47:03,P-102,LOW,CLEARED,STOPPED,INVALID_NUMERIC_VALUE,STATE
5740,2026-09-28 21:07:33,P-101,NORMAL,LOW,STOPPED,CLEARED,2026-09-28 21:07:33,P-101,LOW,CLEARED,STOPPED,INVALID_NUMERIC_VALUE,STATE
5744,2026-09-17 01:41:31,P-101,NORMAL,LOW,STOPPED,CLEARED,2026-09-17 01:41:31,P-101,LOW,CLEARED,STOPPED,INVALID_NUMERIC_VALUE,STATE
5748,2026-09-02 11:50:46,P-101,NORMAL,LOW,RUNNING,CLEARED,2026-09-02 11:50:46,P-101,LOW,CLEARED,RUNNING,INVALID_NUMERIC_VALUE,STATE
5749,2026-09-24 14:27:58,P-101,NORMAL,LOW,RUNNING,CLEARED,2026-09-24 14:27:58,P-101,LOW,CLEARED,RUNNING,INVALID_NUMERIC_VALUE,STATE
5756,2026-09-04 09:22:19,V-101,NORMAL,LOW,72.2,UNKNOWN,2026-09-04 09:22:19,V-101,LOW,UNKNOWN,72.2,INVALID_STATUS,NUMERIC
5779,2026-09-07 19:36:32,P-101,NORMAL,LOW,STOPPED,CLEARED,2026-09-07 19:36:32,P-101,LOW,CLEARED,STOPPED,INVALID_NUMERIC_VALUE,STATE
5791,2026-09-28 20:49:59,P-101,NORMAL,LOW,RUNNING,CLEARED,2026-09-28 20:49:59,P-101,LOW,CLEARED,RUNNING,INVALID_NUMERIC_VALUE,STATE
5795,2026-09-23 11:52:19,P-101,NORMAL,LOW,RUNNING,CLEARED,2026-09-23 11:52:19,P-101,LOW,CLEARED,RUNNING,INVALID_NUMERIC_VALUE,STATE
5798,2026-09-19 08:34:20,P-101,NORMAL,LOW,STOPPED,CLEARED,2026-09-19 08:34:20,P-101,LOW,CLEARED,STOPPED,INVALID_NUMERIC_VALUE,STATE
5799,,PT-101,NORMAL,LOW,4.45,CLEARED,32/15/2026 25:99:99,PT-101,LOW,CLEARED,4.45,INVALID_TIMESTAMP,NUMERIC
5816,2026-09-22 07:39:03,P-101,NORMAL,LOW,RUNNING,CLEARED,2026-09-22 07:39:03,P-101,LOW,CLEARED,RUNNING,INVALID_NUMERIC_VALUE,STATE
5824,2026-09-10 12:40:54,P-101,NORMAL,LOW,RUNNING,CLEARED,2026-09-10 12:40:54,P-101,LOW,CLEARED,RUNNING,INVALID_NUMERIC_VALUE,STATE
5832,2026-09-15 07:37:27,P-101,NORMAL,LOW,RUNNING,CLEARED,2026-09-15 07:37:27,P-101,LOW,CLEARED,RUNNING,INVALID_NUMERIC_VALUE,STATE
5843,2026-09-09 09:10:59,P-101,NORMAL,LOW,RUNNING,CLEARED,2026-09-09 09:10:59,P-101,LOW,CLEARED,RUNNING,INVALID_NUMERIC_VALUE,STATE
5844,2026-09-11 19:24:43,P-102,NORMAL,LOW,RUNNING,CLEARED,2026-09-11 19:24:43,P-102,LOW,CLEARED,RUNNING,INVALID_NUMERIC_VALUE,STATE
5856,2026-09-27 02:20:15,P-102,NORMAL,LOW,RUNNING,CLEARED,2026-09-27 02:20:15,P-102,LOW,CLEARED,RUNNING,INVALID_NUMERIC_VALUE,STATE
5857,2026-09-16 01:55:09,P-101,NORMAL,LOW,RUNNING,CLEARED,2026-09-16 01:55:09,P-101,LOW,CLEARED,RUNNING,INVALID_NUMERIC_VALUE,STATE
5860,2026-09-15 07:10:03,P-101,NORMAL,LOW,RUNNING,CLEARED,2026-09-15 07:10:03,P-101,LOW,CLEARED,RUNNING,INVALID_NUMERIC_VALUE,STATE
5861,2026-09-04 12:53:26,P-101,NORMAL,LOW,RUNNING,CLEARED,2026-09-04 12:53:26,P-101,LOW,CLEARED,RUNNING,INVALID_NUMERIC_VALUE,STATE
5864,2026-09-15 06:39:44,P-101,NORMAL,LOW,RUNNING,CLEARED,2026-09-15 06:39:44,P-101,LOW,CLEARED,RUNNING,INVALID_NUMERIC_VALUE,STATE
5873,2026-09-24 08:49:23,P-102,NORMAL,LOW,STOPPED,CLEARED,2026-09-24 08:49:23,P-102,LOW,CLEARED,STOPPED,INVALID_NUMERIC_VALUE,STATE
5876,2026-09-19 02:22:47,P-101,NORMAL,LOW,STOPPED,CLEARED,2026-09-19 02:22:47,P-101,LOW,CLEARED,STOPPED,INVALID_NUMERIC_VALUE,STATE
5879,2026-09-22 13:13:03,P-102,NORMAL,LOW,RUNNING,CLEARED,2026-09-22 13:13:03,P-102,LOW,CLEARED,RUNNING,INVALID_NUMERIC_VALUE,STATE
5892,2026-09-16 02:50:35,P-102,NORMAL,LOW,RUNNING,CLEARED,2026-09-16 02:50:35,P-102,LOW,CLEARED,RUNNING,INVALID_NUMERIC_VALUE,STATE
5897,2026-09-05 20:36:37,P-102,NORMAL,LOW,STOPPED,CLEARED,2026-09-05 20:36:37,P-102,LOW,CLEARED,STOPPED,INVALID_NUMERIC_VALUE,STATE
5899,2026-09-28 20:58:52,P-101,NORMAL,LOW,RUNNING,CLEARED,2026-09-28 20:58:52,P-101,LOW,CLEARED,RUNNING,INVALID_NUMERIC_VALUE,STATE
5904,2026-09-25 08:42:27,P-101,NORMAL,LOW,STOPPED,CLEARED,2026-09-25 08:42:27,P-101,LOW,CLEARED,STOPPED,INVALID_NUMERIC_VALUE,STATE
5905,2026-09-16 01:04:03,FT-101,NORMAL,UNKNOWN,25.55,CLEARED,2026-09-16 01:04:03,FT_101,UNKNOWN,CLEARED,25.55,INVALID_SEVERITY,NUMERIC
5906,2026-09-05 21:05:57,P-101,NORMAL,LOW,RUNNING,CLEARED,2026-09-05 21:05:57,P-101,LOW,CLEARED,RUNNING,INVALID_NUMERIC_VALUE,STATE
5909,2026-09-29 16:01:27,P-102,NORMAL,LOW,STOPPED,CLEARED,2026-09-29 16:01:27,P-102,LOW,CLEARED,STOPPED,INVALID_NUMERIC_VALUE,STATE
5915,2026-09-10 02:53:15,P-101,NORMAL,LOW,RUNNING,CLEARED,2026-09-10 02:53:15,P-101,LOW,CLEARED,RUNNING,INVALID_NUMERIC_VALUE,STATE
5926,2026-09-13 09:01:42,P-101,NORMAL,LOW,RUNNING,CLEARED,2026-09-13 09:01:42,P-101,LOW,CLEARED,RUNNING,INVALID_NUMERIC_VALUE,STATE
5929,2026-09-09 23:13:11,P-101,NORMAL,LOW,RUNNING,CLEARED,2026-09-09 23:13:11,P-101,LOW,CLEARED,RUNNING,INVALID_NUMERIC_VALUE,STATE
5930,2026-09-09 07:58:53,P-101,NORMAL,LOW,RUNNING,CLEARED,2026-09-09 07:58:53,P-101,LOW,CLEARED,RUNNING,INVALID_NUMERIC_VALUE,STATE
5934,2026-09-30 14:36:34,P-102,NORMAL,LOW,RUNNING,CLEARED,2026-09-30 14:36:34,P-102,LOW,CLEARED,RUNNING,INVALID_NUMERIC_VALUE,STATE
5944,2026-09-21 06:39:43,P-101,NORMAL,LOW,RUNNING,CLEARED,2026-09-21 06:39:43,P-101,LOW,CLEARED,RUNNING,INVALID_NUMERIC_VALUE,STATE
5947,2026-09-13 18:04:06,P-101,NORMAL,LOW,RUNNING,CLEARED,2026-09-13 18:04:06,P-101,LOW,CLEARED,RUNNING,INVALID_NUMERIC_VALUE,STATE
5948,2026-09-04 13:01:11,P-102,NORMAL,LOW,STOPPED,CLEARED,2026-09-04 13:01:11,P-102,LOW,CLEARED,STOPPED,INVALID_NUMERIC_VALUE,STATE
5959,2026-09-12 00:13:12,P-102,NORMAL,LOW,RUNNING,CLEARED,2026-09-12 00:13:12,P-102,LOW,CLEARED,RUNNING,INVALID_NUMERIC_VALUE,STATE
5965,2026-09-07 00:42:12,P-101,NORMAL,LOW,RUNNING,CLEARED,2026-09-07 00:42:12,P-101,LOW,CLEARED,RUNNING,INVALID_NUMERIC_VALUE,STATE
5967,2026-09-23 18:55:47,V-101,NORMAL,,77.24,CLEARED,2026-09-23 18:55:47,V-101,,CLEARED,77.24,INVALID_SEVERITY,NUMERIC
5973,2026-09-26 16:00:14,P-102,NORMAL,LOW,STOPPED,CLEARED,2026-09-26 16:00:14,P-102,LOW,CLEARED,STOPPED,INVALID_NUMERIC_VALUE,STATE
5980,2026-09-18 22:55:53,P-101,NORMAL,LOW,RUNNING,CLEARED,2026-09-18 22:55:53,P-101,LOW,CLEARED,RUNNING,INVALID_NUMERIC_VALUE,STATE
5991,2026-09-23 21:32:23,P-102,NORMAL,LOW,RUNNING,CLEARED,2026-09-23 21:32:23,P-102,LOW,CLEARED,RUNNING,INVALID_NUMERIC_VALUE,STATE
5992,2026-09-07 23:31:08,P-101,NORMAL,LOW,STOPPED,CLEARED,2026-09-07 23:31:08,P-101,LOW,CLEARED,STOPPED,INVALID_NUMERIC_VALUE,STATE
5993,2026-09-29 12:04:17,P-101,NORMAL,LOW,RUNNING,CLEARED,2026-09-29 12:04:17,P-101,LOW,CLEARED,RUNNING,INVALID_NUMERIC_VALUE,STATE
5995,2026-09-22 05:55:35,P-101,NORMAL,LOW,RUNNING,CLEARED,2026-09-22 05:55:35,P_101,LOW,CLEARED,RUNNING,INVALID_NUMERIC_VALUE,STATE
6000,2026-09-05 11:04:25,P-102,NORMAL,LOW,RUNNING,CLEARED,2026-09-05 11:04:25,P-102,LOW,CLEARED,RUNNING,INVALID_NUMERIC_VALUE,STATE
6001,2026-09-25 14:17:42,P-102,NORMAL,LOW,STOPPED,CLEARED,2026-09-25 14:17:42,P-102,LOW,CLEARED,STOPPED,INVALID_NUMERIC_VALUE,STATE
6004,2026-09-13 01:43:33,P-101,NORMAL,LOW,STOPPED,CLEARED,2026-09-13 01:43:33,P-101,LOW,CLEARED,STOPPED,INVALID_NUMERIC_VALUE,STATE
6006,2026-09-28 06:29:32,P-101,NORMAL,LOW,STOPPED,CLEARED,2026-09-28 06:29:32,P-101,LOW,CLEARED,STOPPED,INVALID_NUMERIC_VALUE,STATE
6017,2026-09-16 06:40:07,P-101,NORMAL,LOW,STOPPED,CLEARED,2026-09-16 06:40:07,P-101,LOW,CLEARED,STOPPED,INVALID_NUMERIC_VALUE,STATE
6022,2026-09-10 22:52:36,P-101,NORMAL,LOW,RUNNING,CLEARED,2026-09-10 22:52:36,P-101,LOW,CLEARED,RUNNING,INVALID_NUMERIC_VALUE,STATE
6050,2026-09-28 08:55:08,P-102,NORMAL,LOW,RUNNING,CLEARED,2026-09-28 08:55:08,P-102,LOW,CLEARED,RUNNING,INVALID_NUMERIC_VALUE,STATE
6058,2026-09-18 14:43:52,P-101,NORMAL,LOW,RUNNING,CLEARED,2026-09-18 14:43:52,P-101,LOW,CLEARED,RUNNING,INVALID_NUMERIC_VALUE,STATE
6060,2026-09-16 21:24:24,P-101,NORMAL,LOW,RUNNING,CLEARED,2026-09-16 21:24:24,P-101,LOW,CLEARED,RUNNING,INVALID_NUMERIC_VALUE,STATE
6063,2026-09-14 01:17:01,P-102,NORMAL,LOW,RUNNING,CLEARED,2026-09-14 01:17:01,P-102,LOW,CLEARED,RUNNING,INVALID_NUMERIC_VALUE,STATE
6070,2026-09-06 09:27:06,P-101,NORMAL,LOW,RUNNING,CLEARED,2026-09-06 09:27:06,P-101,LOW,CLEARED,RUNNING,INVALID_NUMERIC_VALUE,STATE
6071,2026-09-14 06:56:35,P-102,NORMAL,LOW,RUNNING,CLEARED,2026-09-14 06:56:35,P-102,LOW,CLEARED,RUNNING,INVALID_NUMERIC_VALUE,STATE
6073,2026-09-05 11:30:31,P-101,NORMAL,LOW,RUNNING,CLEARED,2026-09-05 11:30:31,P-101,LOW,CLEARED,RUNNING,INVALID_NUMERIC_VALUE,STATE
6077,2026-09-13 03:05:11,P-101,NORMAL,LOW,RUNNING,CLEARED,2026-09-13 03:05:11,P-101,LOW,CLEARED,RUNNING,INVALID_NUMERIC_VALUE,STATE
6078,2026-09-07 15:31:21,P-102,NORMAL,LOW,RUNNING,CLEARED,2026-09-07 15:31:21,P-102,LOW,CLEARED,RUNNING,INVALID_NUMERIC_VALUE,STATE
6093,2026-09-02 10:26:42,P-101,NORMAL,LOW,STOPPED,CLEARED,2026-09-02 10:26:42,P-101,LOW,CLEARED,STOPPED,INVALID_NUMERIC_VALUE,STATE
6098,2026-09-11 14:08:47,P-101,NORMAL,LOW,RUNNING,CLEARED,2026-09-11 14:08:47,P-101,LOW,CLEARED,RUNNING,INVALID_NUMERIC_VALUE,STATE
6104,2026-09-02 23:15:29,P-101,NORMAL,LOW,RUNNING,CLEARED,2026-09-02 23:15:29,P-101,LOW,CLEARED,RUNNING,INVALID_NUMERIC_VALUE,STATE
6105,2026-09-19 16:20:54,P-102,NORMAL,LOW,STOPPED,CLEARED,2026-09-19 16:20:54,P-102,LOW,CLEARED,STOPPED,INVALID_NUMERIC_VALUE,STATE
6114,2026-09-10 19:57:52,P-102,NORMAL,LOW,RUNNING,CLEARED,2026-09-10 19:57:52,P-102,LOW,CLEARED,RUNNING,INVALID_NUMERIC_VALUE,STATE
6117,,M-101,NORMAL,LOW,24.32,CLEARED,not-a-date,M-101,LOW,CLEARED,24.32,INVALID_TIMESTAMP,NUMERIC
6120,2026-09-25 13:37:08,P-102,NORMAL,LOW,STOPPED,CLEARED,2026-09-25 13:37:08,P-102,LOW,CLEARED,STOPPED,INVALID_NUMERIC_VALUE,STATE
6121,2026-09-17 17:00:50,P-102,NORMAL,LOW,RUNNING,CLEARED,2026-09-17 17:00:50,P-102,LOW,CLEARED,RUNNING,INVALID_NUMERIC_VALUE,STATE
6125,2026-09-08 03:55:59,P-101,NORMAL,LOW,RUNNING,CLEARED,2026-09-08 03:55:59,P-101,LOW,CLEARED,RUNNING,INVALID_NUMERIC_VALUE,STATE
6127,2026-09-12 17:02:54,P-101,NORMAL,LOW,RUNNING,CLEARED,2026-09-12 17:02:54,P-101,LOW,CLEARED,RUNNING,INVALID_NUMERIC_VALUE,STATE
6133,2026-09-02 02:44:01,P-101,NORMAL,LOW,RUNNING,CLEARED,2026-09-02 02:44:01,P-101,LOW,CLEARED,RUNNING,INVALID_NUMERIC_VALUE,STATE
6134,2026-09-19 15:28:16,P-102,NORMAL,LOW,RUNNING,CLEARED,2026-09-19 15:28:16,P-102,LOW,CLEARED,RUNNING,INVALID_NUMERIC_VALUE,STATE
6137,2026-09-25 07:25:02,P-101,NORMAL,LOW,RUNNING,CLEARED,2026-09-25 07:25:02,P-101,LOW,CLEARED,RUNNING,INVALID_NUMERIC_VALUE,STATE
6138,2026-09-14 06:59:35,P-102,NORMAL,LOW,RUNNING,CLEARED,2026-09-14 06:59:35,P-102,LOW,CLEARED,RUNNING,INVALID_NUMERIC_VALUE,STATE
6143,2026-09-08 15:42:29,P-101,NORMAL,LOW,RUNNING,CLEARED,2026-09-08 15:42:29,P-101,LOW,CLEARED,RUNNING,INVALID_NUMERIC_VALUE,STATE
6149,2026-09-27 02:50:55,P-101,NORMAL,LOW,RUNNING,CLEARED,2026-09-27 02:50:55,P-101,LOW,CLEARED,RUNNING,INVALID_NUMERIC_VALUE,STATE
6151,2026-09-16 17:06:04,P-101,NORMAL,LOW,STOPPED,CLEARED,2026-09-16 17:06:04,P-101,LOW,CLEARED,STOPPED,INVALID_NUMERIC_VALUE,STATE
6157,2026-09-23 01:02:25,PT-101,NORMAL,LOW,5.62,,2026-09-23 01:02:25,PT-101,LOW,,5.62,INVALID_STATUS,NUMERIC
6170,2026-09-10 13:21:01,P-102,NORMAL,LOW,STOPPED,CLEARED,2026-09-10 13:21:01,P-102,LOW,CLEARED,STOPPED,INVALID_NUMERIC_VALUE,STATE
6174,2026-09-18 13:04:41,P-101,NORMAL,LOW,RUNNING,CLEARED,2026-09-18 13:04:41,P-101,LOW,CLEARED,RUNNING,INVALID_NUMERIC_VALUE,STATE
6179,2026-09-18 12:59:54,P-101,NORMAL,LOW,RUNNING,CLEARED,2026-09-18 12:59:54,P-101,LOW,CLEARED,RUNNING,INVALID_NUMERIC_VALUE,STATE
6185,2026-09-14 08:05:38,P-101,NORMAL,LOW,STOPPED,CLEARED,2026-09-14 08:05:38,P-101,LOW,CLEARED,STOPPED,INVALID_NUMERIC_VALUE,STATE
6200,2026-09-30 00:23:44,P-102,NORMAL,LOW,STOPPED,CLEARED,2026-09-30 00:23:44,P-102,LOW,CLEARED,STOPPED,INVALID_NUMERIC_VALUE,STATE
6201,,FT-101,HIGH_FLOW,HIGH,58.54,ACTIVE,,FT-101,HIGH,ACTIVE,58.54,INVALID_TIMESTAMP,NUMERIC
6212,2026-09-30 19:57:54,LT-101,NORMAL,LOW,40.39,,2026-09-30 19:57:54,LT-101,LOW,,40.39,INVALID_STATUS,NUMERIC
6214,2026-09-03 20:31:17,P-102,NORMAL,LOW,STOPPED,CLEARED,2026-09-03 20:31:17,P-102,LOW,CLEARED,STOPPED,INVALID_NUMERIC_VALUE,STATE
6219,2026-09-05 14:53:49,P-101,NORMAL,LOW,RUNNING,CLEARED,2026-09-05 14:53:49,P-101,LOW,CLEARED,RUNNING,INVALID_NUMERIC_VALUE,STATE
6224,2026-09-08 05:00:42,P-101,NORMAL,LOW,RUNNING,CLEARED,2026-09-08 05:00:42, P-101 ,LOW,CLEARED,RUNNING,INVALID_NUMERIC_VALUE,STATE
6232,2026-09-08 11:48:59,P-101,NORMAL,LOW,STOPPED,CLEARED,2026-09-08 11:48:59,P-101,LOW,CLEARED,STOPPED,INVALID_NUMERIC_VALUE,STATE
6236,2026-09-01 09:46:43,P-101,NORMAL,LOW,RUNNING,CLEARED,2026-09-01 09:46:43,P-101,LOW,CLEARED,RUNNING,INVALID_NUMERIC_VALUE,STATE
6245,2026-09-17 02:56:10,P-101,NORMAL,LOW,STOPPED,CLEARED,2026-09-17 02:56:10,P-101,LOW,CLEARED,STOPPED,INVALID_NUMERIC_VALUE,STATE
6247,2026-09-07 23:51:53,P-102,NORMAL,LOW,RUNNING,CLEARED,2026-09-07 23:51:53,P-102,LOW,CLEARED,RUNNING,INVALID_NUMERIC_VALUE,STATE
6252,2026-09-24 00:24:26,P-102,NORMAL,LOW,RUNNING,CLEARED,2026-09-24 00:24:26,P-102,LOW,CLEARED,RUNNING,INVALID_NUMERIC_VALUE,STATE
6265,2026-09-30 13:16:22,P-102,NORMAL,LOW,RUNNING,CLEARED,2026-09-30 13:16:22,P-102,LOW,CLEARED,RUNNING,INVALID_NUMERIC_VALUE,STATE
6293,2026-09-07 10:25:50,P-101,NORMAL,LOW,RUNNING,CLEARED,2026-09-07 10:25:50,P-101,LOW,CLEARED,RUNNING,INVALID_NUMERIC_VALUE,STATE
6296,2026-09-07 17:47:16,P-101,NORMAL,LOW,RUNNING,CLEARED,2026-09-07 17:47:16,P-101,LOW,CLEARED,RUNNING,INVALID_NUMERIC_VALUE,STATE
6314,2026-09-21 06:20:36,P-101,NORMAL,LOW,RUNNING,CLEARED,2026-09-21 06:20:36,P-101,LOW,CLEARED,RUNNING,INVALID_NUMERIC_VALUE,STATE
6323,2026-09-20 15:43:25,P-101,NORMAL,LOW,RUNNING,CLEARED,2026-09-20 15:43:25,P-101,LOW,CLEARED,RUNNING,INVALID_NUMERIC_VALUE,STATE
6330,2026-09-18 06:48:22,P-101,NORMAL,,RUNNING,CLEARED,2026-09-18 06:48:22,P-101,,CLEARED,RUNNING,INVALID_SEVERITY;INVALID_NUMERIC_VALUE,STATE
6349,2026-09-10 14:09:57,P-101,NORMAL,LOW,RUNNING,CLEARED,2026-09-10 14:09:57,P-101,LOW,CLEARED,RUNNING,INVALID_NUMERIC_VALUE,STATE
6352,2026-09-05 17:27:20,P-101,NORMAL,LOW,RUNNING,CLEARED,2026-09-05 17:27:20,P-101,LOW,CLEARED,RUNNING,INVALID_NUMERIC_VALUE,STATE
6358,2026-09-07 14:20:23,FT-101,NORMAL,LOW,39.66,,2026-09-07 14:20:23,FT-101,LOW,,39.66,INVALID_STATUS,NUMERIC
6359,2026-09-18 12:57:49,P-101,NORMAL,LOW,STOPPED,CLEARED,2026-09-18 12:57:49,P-101,LOW,CLEARED,STOPPED,INVALID_NUMERIC_VALUE,STATE
6365,2026-09-05 11:13:11,M-101,NORMAL,,14.77,CLEARED,2026-09-05 11:13:11,M-101,, CLEARED ,14.77,INVALID_SEVERITY,NUMERIC
6368,2026-09-26 05:07:16,P-101,NORMAL,LOW,RUNNING,CLEARED,2026-09-26 05:07:16,P-101,LOW,CLEARED,RUNNING,INVALID_NUMERIC_VALUE,STATE
6377,2026-09-07 03:22:31,P-101,NORMAL,LOW,RUNNING,CLEARED,2026-09-07 03:22:31,P-101,LOW,CLEARED,RUNNING,INVALID_NUMERIC_VALUE,STATE
6378,2026-09-07 21:50:40,P-101,NORMAL,LOW,RUNNING,CLEARED,2026-09-07 21:50:40,P-101,LOW,CLEARED,RUNNING,INVALID_NUMERIC_VALUE,STATE
6379,2026-09-02 16:19:06,P-101,NORMAL,LOW,RUNNING,CLEARED,2026-09-02 16:19:06,P-101,LOW,CLEARED,RUNNING,INVALID_NUMERIC_VALUE,STATE
6381,2026-09-27 10:01:20,P-101,NORMAL,LOW,STOPPED,CLEARED,2026-09-27 10:01:20,P-101,LOW,CLEARED,STOPPED,INVALID_NUMERIC_VALUE,STATE
6390,2026-09-15 10:46:51,PT-101,NORMAL,LOW,,,2026-09-15 10:46:51,PT-101,LOW,,,INVALID_STATUS;MISSING_VALUE,NULL
6394,2026-09-28 21:24:09,P-102,NORMAL,LOW,RUNNING,CLEARED,2026-09-28 21:24:09,P-102,LOW,CLEARED,RUNNING,INVALID_NUMERIC_VALUE,STATE
6397,2026-09-26 00:03:35,P-101,NORMAL,LOW,RUNNING,CLEARED,2026-09-26 00:03:35,P-101,LOW,CLEARED,RUNNING,INVALID_NUMERIC_VALUE,STATE
6400,2026-09-20 03:52:03,P-101,NORMAL,LOW,RUNNING,CLEARED,2026-09-20 03:52:03,P-101,LOW,CLEARED,RUNNING,INVALID_NUMERIC_VALUE,STATE
6407,2026-09-28 09:40:50,P-101,NORMAL,LOW,STOPPED,CLEARED,2026-09-28 09:40:50,P-101,LOW,CLEARED,STOPPED,INVALID_NUMERIC_VALUE,STATE
6411,2026-09-10 14:49:16,P-102,NORMAL,LOW,RUNNING,CLEARED,2026-09-10 14:49:16,P-102,LOW,CLEARED,RUNNING,INVALID_NUMERIC_VALUE,STATE
6421,2026-09-27 01:08:22,P-102,NORMAL,LOW,RUNNING,CLEARED,2026-09-27 01:08:22,P-102,LOW,CLEARED,RUNNING,INVALID_NUMERIC_VALUE,STATE
6423,2026-09-09 02:26:50,P-101,NORMAL,LOW,STOPPED,CLEARED,2026-09-09 02:26:50,P-101,LOW,CLEARED,STOPPED,INVALID_NUMERIC_VALUE,STATE
6429,2026-09-15 13:56:51,P-101,NORMAL,LOW,RUNNING,CLEARED,2026-09-15 13:56:51,P-101,LOW,CLEARED,RUNNING,INVALID_NUMERIC_VALUE,STATE
6432,2026-09-23 01:00:51,P-102,NORMAL,LOW,RUNNING,CLEARED,2026-09-23 01:00:51,P-102,LOW,CLEARED,RUNNING,INVALID_NUMERIC_VALUE,STATE
6435,2026-09-10 23:41:50,P-101,NORMAL,LOW,RUNNING,CLEARED,2026-09-10 23:41:50,P-101,LOW,CLEARED,RUNNING,INVALID_NUMERIC_VALUE,STATE
6443,2026-09-09 15:16:30,P-102,NORMAL,LOW,RUNNING,CLEARED,2026-09-09 15:16:30,P-102,LOW,CLEARED,RUNNING,INVALID_NUMERIC_VALUE,STATE
6444,2026-09-27 23:01:04,P-102,NORMAL,LOW,RUNNING,CLEARED,2026-09-27 23:01:04,P-102,LOW,CLEARED,RUNNING,INVALID_NUMERIC_VALUE,STATE
6445,2026-09-11 06:07:45,P-101,NORMAL,LOW,RUNNING,CLEARED,2026-09-11 06:07:45,P-101,LOW,CLEARED,RUNNING,INVALID_NUMERIC_VALUE,STATE
6454,2026-09-21 01:49:41,P-101,NORMAL,LOW,STOPPED,CLEARED,2026-09-21 01:49:41,P-101,LOW,CLEARED,STOPPED,INVALID_NUMERIC_VALUE,STATE
6455,2026-09-24 12:59:32,P-101,NORMAL,,STOPPED,CLEARED,2026-09-24 12:59:32,P-101,,CLEARED,STOPPED,INVALID_SEVERITY;INVALID_NUMERIC_VALUE,STATE
6459,2026-09-24 13:01:03,P-101,NORMAL,LOW,STOPPED,CLEARED,2026-09-24 13:01:03,P-101,LOW,CLEARED,STOPPED,INVALID_NUMERIC_VALUE,STATE
6461,2026-09-30 07:04:43,P-101,NORMAL,LOW,RUNNING,CLEARED,2026-09-30 07:04:43,P-101,LOW,CLEARED,RUNNING,INVALID_NUMERIC_VALUE,STATE
6462,2026-09-14 02:07:58,P-101,NORMAL,LOW,STOPPED,CLEARED,2026-09-14 02:07:58,P-101,LOW,CLEARED,STOPPED,INVALID_NUMERIC_VALUE,STATE
6463,2026-09-23 23:16:19,P-101,NORMAL,LOW,RUNNING,CLEARED,2026-09-23 23:16:19,P-101,LOW,CLEARED,RUNNING,INVALID_NUMERIC_VALUE,STATE
6465,2026-09-23 09:53:49,P-101,NORMAL,LOW,RUNNING,CLEARED,2026-09-23 09:53:49,P-101,LOW,CLEARED,RUNNING,INVALID_NUMERIC_VALUE,STATE
6472,2026-09-12 07:10:51,LT-101,NORMAL,LOW,77.46,,2026-09-12 07:10:51,LT-101,low,,77.46,INVALID_STATUS,NUMERIC
6476,2026-09-25 06:20:50,P-102,NORMAL,LOW,RUNNING,CLEARED,2026-09-25 06:20:50,P-102,LOW,CLEARED,RUNNING,INVALID_NUMERIC_VALUE,STATE
6480,2026-09-09 19:59:02,P-102,NORMAL,LOW,STOPPED,CLEARED,2026-09-09 19:59:02,P-102,LOW,CLEARED,STOPPED,INVALID_NUMERIC_VALUE,STATE
6483,2026-09-06 22:27:57,P-102,NORMAL,LOW,STOPPED,CLEARED,2026-09-06 22:27:57,P-102,LOW,CLEARED,STOPPED,INVALID_NUMERIC_VALUE,STATE
6486,2026-09-21 03:34:17,P-101,NORMAL,LOW,RUNNING,CLEARED,2026-09-21 03:34:17,P-101,LOW,CLEARED,RUNNING,INVALID_NUMERIC_VALUE,STATE
6487,2026-09-27 16:54:43,FT-101,NORMAL,LOW,30.91,,2026-09-27 16:54:43,FT 101,LOW,,30.91,INVALID_STATUS,NUMERIC
6489,,PT-101,NORMAL,LOW,5.96,CLEARED,32/15/2026 25:99:99,PT-101,LOW,CLEARED,5.96,INVALID_TIMESTAMP,NUMERIC
6490,2026-09-18 23:40:58,P-101,NORMAL,LOW,RUNNING,CLEARED,2026-09-18 23:40:58,P-101,LOW,CLEARED,RUNNING,INVALID_NUMERIC_VALUE,STATE
6492,2026-09-24 21:58:55,P-102,NORMAL,LOW,RUNNING,CLEARED,2026-09-24 21:58:55,P-102,LOW,CLEARED,RUNNING,INVALID_NUMERIC_VALUE,STATE
6507,2026-09-06 00:37:45,P-102,NORMAL,LOW,RUNNING,CLEARED,2026-09-06 00:37:45,P-102,LOW,CLEARED,RUNNING,INVALID_NUMERIC_VALUE,STATE
6520,2026-09-19 07:35:50,P-101,NORMAL,LOW,STOPPED,CLEARED,2026-09-19 07:35:50,P-101,LOW,CLEARED,STOPPED,INVALID_NUMERIC_VALUE,STATE
6521,2026-09-19 08:53:14,P-101,NORMAL,LOW,RUNNING,CLEARED,2026-09-19 08:53:14,P-101,LOW,CLEARED,RUNNING,INVALID_NUMERIC_VALUE,STATE
6522,2026-09-08 09:23:29,P-101,NORMAL,LOW,RUNNING,CLEARED,2026-09-08 09:23:29,P-101,LOW,CLEARED,RUNNING,INVALID_NUMERIC_VALUE,STATE
6533,2026-09-11 09:07:44,P-101,NORMAL,LOW,RUNNING,CLEARED,2026-09-11 09:07:44,P-101,LOW,CLEARED,RUNNING,INVALID_NUMERIC_VALUE,STATE
6540,2026-09-30 05:04:29,P-101,NORMAL,LOW,RUNNING,CLEARED,2026-09-30 05:04:29,P-101,LOW,CLEARED,RUNNING,INVALID_NUMERIC_VALUE,STATE
6545,2026-09-04 03:02:51,LT-101,NORMAL,LOW,48.92,,2026-09-04 03:02:51,LT-101,LOW,,48.92,INVALID_STATUS,NUMERIC
6551,2026-09-05 21:02:21,P-102,NORMAL,LOW,STOPPED,CLEARED,2026-09-05 21:02:21,P-102,LOW,CLEARED,STOPPED,INVALID_NUMERIC_VALUE,STATE
6552,2026-09-15 11:42:48,P-101,NORMAL,LOW,RUNNING,CLEARED,2026-09-15 11:42:48,P-101,LOW,CLEARED,RUNNING,INVALID_NUMERIC_VALUE,STATE
6557,2026-09-01 17:11:32,P-102,NORMAL,LOW,STOPPED,CLEARED,2026-09-01 17:11:32,P-102,LOW,CLEARED,STOPPED,INVALID_NUMERIC_VALUE,STATE
6564,2026-09-10 15:20:03,P-101,NORMAL,LOW,RUNNING,CLEARED,2026-09-10 15:20:03,P-101,LOW,CLEARED,RUNNING,INVALID_NUMERIC_VALUE,STATE
6567,2026-09-18 02:23:12,P-101,NORMAL,LOW,RUNNING,CLEARED,2026-09-18 02:23:12,P-101,LOW,CLEARED,RUNNING,INVALID_NUMERIC_VALUE,STATE
6579,2026-09-07 02:08:47,P-101,NORMAL,LOW,RUNNING,CLEARED,2026-09-07 02:08:47,P-101,LOW,CLEARED,RUNNING,INVALID_NUMERIC_VALUE,STATE
6596,2026-09-18 02:15:09,P-101,NORMAL,LOW,STOPPED,CLEARED,2026-09-18 02:15:09,P-101,LOW,CLEARED,STOPPED,INVALID_NUMERIC_VALUE,STATE
6601,2026-09-30 06:31:50,P-101,NORMAL,LOW,STOPPED,CLEARED,2026-09-30 06:31:50,P-101,LOW,CLEARED,STOPPED,INVALID_NUMERIC_VALUE,STATE
6604,2026-09-05 03:07:27,P-101,NORMAL,LOW,RUNNING,CLEARED,2026-09-05 03:07:27,P-101,LOW,CLEARED,RUNNING,INVALID_NUMERIC_VALUE,STATE
6609,2026-09-17 02:01:58,P-102,NORMAL,LOW,RUNNING,CLEARED,2026-09-17 02:01:58,P-102,LOW,CLEARED,RUNNING,INVALID_NUMERIC_VALUE,STATE
6614,2026-09-21 02:18:39,P-102,NORMAL,LOW,RUNNING,CLEARED,2026-09-21 02:18:39,P-102,LOW,CLEARED,RUNNING,INVALID_NUMERIC_VALUE,STATE
6617,2026-09-29 07:15:09,LT-101,NORMAL,UNKNOWN,,,2026-09-29 07:15:09,LT-101,UNKNOWN,,,INVALID_SEVERITY;INVALID_STATUS;MISSING_VALUE,NULL
6619,2026-09-27 22:01:18,P-101,NORMAL,LOW,RUNNING,CLEARED,2026-09-27 22:01:18,P-101,LOW,CLEARED,RUNNING,INVALID_NUMERIC_VALUE,STATE
6623,2026-09-04 06:34:57,P-102,NORMAL,LOW,RUNNING,CLEARED,2026-09-04 06:34:57,P-102,LOW,CLEARED,RUNNING,INVALID_NUMERIC_VALUE,STATE
6627,2026-09-09 17:08:42,P-102,NORMAL,LOW,RUNNING,CLEARED,2026-09-09 17:08:42,P-102,LOW,CLEARED,RUNNING,INVALID_NUMERIC_VALUE,STATE
6634,2026-09-23 07:32:34,P-102,NORMAL,LOW,RUNNING,CLEARED,2026-09-23 07:32:34,P-102,LOW,CLEARED,RUNNING,INVALID_NUMERIC_VALUE,STATE
6642,2026-09-05 18:54:59,P-101,NORMAL,LOW,RUNNING,CLEARED,2026-09-05 18:54:59,P-101,LOW,CLEARED,RUNNING,INVALID_NUMERIC_VALUE,STATE
6649,2026-09-30 23:25:21,P-101,NORMAL,LOW,RUNNING,CLEARED,2026-09-30 23:25:21,P-101,LOW,CLEARED,RUNNING,INVALID_NUMERIC_VALUE,STATE
6650,2026-09-01 10:56:50,P-101,NORMAL,LOW,RUNNING,CLEARED,2026-09-01 10:56:50,P-101,LOW,CLEARED,RUNNING,INVALID_NUMERIC_VALUE,STATE
6652,2026-09-23 04:34:33,LT-101,NORMAL,LOW,71.76,,2026/09/23 04:34:33,LT-101,LOW,,71.76,INVALID_STATUS,NUMERIC
6653,2026-09-17 08:06:05,P-101,NORMAL,LOW,RUNNING,CLEARED,2026-09-17 08:06:05,P-101,LOW,CLEARED,RUNNING,INVALID_NUMERIC_VALUE,STATE
6655,2026-09-26 00:56:08,P-101,NORMAL,LOW,RUNNING,CLEARED,2026-09-26 00:56:08,P-101,LOW,CLEARED,RUNNING,INVALID_NUMERIC_VALUE,STATE
6657,2026-09-03 15:39:08,P-102,NORMAL,LOW,RUNNING,CLEARED,2026-09-03 15:39:08,P-102,LOW,CLEARED,RUNNING,INVALID_NUMERIC_VALUE,STATE
6660,2026-09-06 22:09:58,P-101,NORMAL,LOW,STOPPED,CLEARED,2026-09-06 22:09:58,P-101,LOW,CLEARED,STOPPED,INVALID_NUMERIC_VALUE,STATE
6663,2026-09-30 12:41:16,P-101,NORMAL,LOW,RUNNING,CLEARED,2026-09-30 12:41:16,P-101,LOW,CLEARED,RUNNING,INVALID_NUMERIC_VALUE,STATE
6665,2026-09-26 11:41:07,LT-101,HIGH_LEVEL,UNKNOWN,95.86,ACKNOWLEDGED,2026-09-26 11:41:07, LT-101 ,UNKNOWN,ACKNOWLEDGED,95.86,INVALID_SEVERITY,NUMERIC
6669,2026-09-10 15:38:52,P-101,PUMP_FAILURE,,STOPPED,ACTIVE,2026-09-10 15:38:52,P-101,,ACTIVE,STOPPED,INVALID_SEVERITY,STATE
6670,2026-09-28 16:00:18,P-101,NORMAL,LOW,STOPPED,CLEARED,2026-09-28 16:00:18,P-101,LOW,CLEARED,STOPPED,INVALID_NUMERIC_VALUE,STATE
6675,2026-09-11 06:06:03,P-102,NORMAL,LOW,RUNNING,CLEARED,2026-09-11 06:06:03,P-102,LOW,CLEARED,RUNNING,INVALID_NUMERIC_VALUE,STATE
6678,2026-09-30 13:22:03,P-101,NORMAL,LOW,RUNNING,CLEARED,2026-09-30 13:22:03,P-101,LOW,CLEARED,RUNNING,INVALID_NUMERIC_VALUE,STATE
6690,2026-09-07 21:43:02,TT-101,NORMAL,UNKNOWN,52.97,CLEARED,2026-09-07 21:43:02,TT-101,UNKNOWN,CLEARED,52.97,INVALID_SEVERITY,NUMERIC
6692,2026-09-10 01:10:18,P-101,NORMAL,LOW,RUNNING,CLEARED,2026-09-10 01:10:18,P-101,LOW,CLEARED,RUNNING,INVALID_NUMERIC_VALUE,STATE
6705,2026-09-13 10:17:01,P-101,NORMAL,LOW,RUNNING,CLEARED,2026-09-13 10:17:01,P-101,LOW,CLEARED,RUNNING,INVALID_NUMERIC_VALUE,STATE
6707,2026-09-29 12:42:01,P-101,NORMAL,LOW,RUNNING,CLEARED,2026-09-29 12:42:01,P-101,LOW,CLEARED,RUNNING,INVALID_NUMERIC_VALUE,STATE
6723,2026-09-29 15:45:41,P-102,NORMAL,LOW,RUNNING,CLEARED,2026-09-29 15:45:41,P-102,LOW,CLEARED,RUNNING,INVALID_NUMERIC_VALUE,STATE
6726,2026-09-22 14:49:03,P-101,NORMAL,LOW,STOPPED,CLEARED,2026-09-22 14:49:03,P-101,LOW,CLEARED,STOPPED,INVALID_NUMERIC_VALUE,STATE
6737,2026-09-12 19:10:18,P-102,NORMAL,LOW,RUNNING,CLEARED,2026-09-12 19:10:18,P-102,LOW,CLEARED,RUNNING,INVALID_NUMERIC_VALUE,STATE
6738,2026-09-07 13:46:50,P-101,NORMAL,LOW,RUNNING,CLEARED,2026-09-07 13:46:50,P-101,LOW,CLEARED,RUNNING,INVALID_NUMERIC_VALUE,STATE
6741,2026-09-02 05:06:21,P-102,NORMAL,LOW,RUNNING,CLEARED,2026-09-02 05:06:21,P-102,LOW,CLEARED,RUNNING,INVALID_NUMERIC_VALUE,STATE
6749,2026-09-18 09:34:11,M-101,NORMAL,POTATO,31.92,CLEARED,2026-09-18 09:34:11,M-101,potato,CLEARED,31.92,INVALID_SEVERITY,NUMERIC
6756,2026-09-14 00:07:41,P-101,NORMAL,LOW,STOPPED,CLEARED,2026-09-14 00:07:41,P-101,LOW,CLEARED,STOPPED,INVALID_NUMERIC_VALUE,STATE
6757,2026-09-02 03:36:46,P-101,NORMAL,LOW,RUNNING,CLEARED,2026-09-02 03:36:46,P-101,LOW,CLEARED,RUNNING,INVALID_NUMERIC_VALUE,STATE
6760,2026-09-29 05:07:53,P-101,NORMAL,LOW,RUNNING,CLEARED,2026-09-29 05:07:53,P-101,LOW,CLEARED,RUNNING,INVALID_NUMERIC_VALUE,STATE
6769,2026-09-29 06:39:41,V-101,NORMAL,POTATO,57.75,CLEARED,2026-09-29 06:39:41,V-101,potato,CLEARED,57.75,INVALID_SEVERITY,NUMERIC
6773,2026-09-28 06:17:50,P-101,NORMAL,LOW,STOPPED,CLEARED,2026-09-28 06:17:50,P-101,LOW,CLEARED,STOPPED,INVALID_NUMERIC_VALUE,STATE
6778,2026-09-27 15:23:54,P-101,NORMAL,LOW,RUNNING,CLEARED,2026-09-27 15:23:54,P-101,LOW,CLEARED,RUNNING,INVALID_NUMERIC_VALUE,STATE
6786,,PT-101,NORMAL,LOW,5.15,CLEARED,not-a-date,PT-101,LOW,CLEARED,5.15,INVALID_TIMESTAMP,NUMERIC
6787,2026-09-12 10:24:31,P-101,NORMAL,LOW,STOPPED,CLEARED,2026-09-12 10:24:31,P-101,LOW,CLEARED,STOPPED,INVALID_NUMERIC_VALUE,STATE
6789,2026-09-05 01:53:00,P-101,NORMAL,LOW,RUNNING,CLEARED,2026-09-05 01:53:00,P-101,LOW,CLEARED,RUNNING,INVALID_NUMERIC_VALUE,STATE
6790,2026-09-08 22:23:07,P-101,NORMAL,LOW,RUNNING,CLEARED,2026-09-08 22:23:07,P-101,LOW,CLEARED,RUNNING,INVALID_NUMERIC_VALUE,STATE
6792,2026-09-16 10:53:30,P-102,NORMAL,LOW,RUNNING,CLEARED,2026-09-16 10:53:30,P-102,LOW,CLEARED,RUNNING,INVALID_NUMERIC_VALUE,STATE
6799,2026-09-03 18:45:15,P-101,NORMAL,LOW,RUNNING,CLEARED,2026-09-03 18:45:15,P-101,LOW,CLEARED,RUNNING,INVALID_NUMERIC_VALUE,STATE
6800,2026-09-26 04:07:27,P-101,NORMAL,LOW,RUNNING,CLEARED,2026-09-26 04:07:27,P-101,LOW,CLEARED,RUNNING,INVALID_NUMERIC_VALUE,STATE
6802,2026-09-25 14:31:14,P-101,NORMAL,LOW,STOPPED,CLEARED,2026-09-25 14:31:14,P-101,LOW,CLEARED,STOPPED,INVALID_NUMERIC_VALUE,STATE
6804,2026-09-27 08:50:29,P-101,NORMAL,LOW,RUNNING,CLEARED,2026-09-27 08:50:29,P-101,LOW,CLEARED,RUNNING,INVALID_NUMERIC_VALUE,STATE
6806,2026-09-03 16:26:16,P-101,NORMAL,LOW,STOPPED,CLEARED,2026-09-03 16:26:16,P-101,LOW,CLEARED,STOPPED,INVALID_NUMERIC_VALUE,STATE
6823,2026-09-08 20:22:18,P-101,NORMAL,LOW,STOPPED,CLEARED,2026-09-08 20:22:18,P-101,LOW,CLEARED,STOPPED,INVALID_NUMERIC_VALUE,STATE
6841,2026-09-03 10:19:06,P-101,NORMAL,LOW,RUNNING,CLEARED,2026-09-03 10:19:06,P-101,LOW,CLEARED,RUNNING,INVALID_NUMERIC_VALUE,STATE
6846,2026-09-23 11:27:48,P-102,NORMAL,LOW,RUNNING,CLEARED,2026-09-23 11:27:48,P-102,LOW,CLEARED,RUNNING,INVALID_NUMERIC_VALUE,STATE
6852,2026-09-25 13:33:24,P-102,NORMAL,LOW,RUNNING,CLEARED,2026-09-25 13:33:24,P-102,LOW,CLEARED,RUNNING,INVALID_NUMERIC_VALUE,STATE
6856,,TT-101,NORMAL,LOW,64.18,CLEARED,,TT-101,LOW,CLEARED,64.18,INVALID_TIMESTAMP,NUMERIC
6861,2026-09-11 10:20:24,P-102,NORMAL,LOW,RUNNING,CLEARED,2026-09-11 10:20:24,P-102,LOW,CLEARED,RUNNING,INVALID_NUMERIC_VALUE,STATE
6876,2026-09-05 15:28:22,P-102,NORMAL,LOW,RUNNING,CLEARED,2026-09-05 15:28:22,P-102,LOW,CLEARED,RUNNING,INVALID_NUMERIC_VALUE,STATE
6887,2026-09-21 11:41:56,P-102,NORMAL,LOW,STOPPED,CLEARED,2026-09-21 11:41:56,P-102,LOW,CLEARED,STOPPED,INVALID_NUMERIC_VALUE,STATE
6897,2026-09-02 07:16:39,P-101,NORMAL,LOW,STOPPED,CLEARED,2026-09-02 07:16:39,P-101,LOW,cleared,STOPPED,INVALID_NUMERIC_VALUE,STATE
6899,2026-09-21 14:27:45,P-102,NORMAL,LOW,STOPPED,CLEARED,2026-09-21 14:27:45,P-102,LOW,CLEARED,STOPPED,INVALID_NUMERIC_VALUE,STATE
6923,2026-09-03 21:50:30,P-101,NORMAL,LOW,RUNNING,CLEARED,2026-09-03 21:50:30,P-101,LOW,CLEARED,RUNNING,INVALID_NUMERIC_VALUE,STATE
6932,2026-09-26 07:12:07,P-102,NORMAL,LOW,RUNNING,CLEARED,2026-09-26 07:12:07,P-102,LOW,CLEARED,RUNNING,INVALID_NUMERIC_VALUE,STATE
6933,2026-09-23 00:48:48,P-101,NORMAL,LOW,RUNNING,CLEARED,2026-09-23 00:48:48,P-101,LOW,CLEARED,RUNNING,INVALID_NUMERIC_VALUE,STATE
6936,2026-09-26 12:58:52,P-102,NORMAL,LOW,RUNNING,CLEARED,2026-09-26 12:58:52,P-102,LOW,CLEARED,RUNNING,INVALID_NUMERIC_VALUE,STATE
6937,2026-09-08 02:06:52,P-102,NORMAL,LOW,STOPPED,CLEARED,2026-09-08 02:06:52,P-102,LOW,CLEARED,STOPPED,INVALID_NUMERIC_VALUE,STATE
6938,2026-09-11 08:28:28,P-101,NORMAL,LOW,RUNNING,CLEARED,2026-09-11 08:28:28,P-101,LOW,CLEARED,RUNNING,INVALID_NUMERIC_VALUE,STATE
6943,2026-09-09 01:07:42,P-101,NORMAL,LOW,RUNNING,CLEARED,2026-09-09 01:07:42,P-101,low,CLEARED,RUNNING,INVALID_NUMERIC_VALUE,STATE
6945,2026-09-11 19:33:28,P-101,NORMAL,LOW,RUNNING,CLEARED,2026-09-11 19:33:28,P-101,LOW,CLEARED,RUNNING,INVALID_NUMERIC_VALUE,STATE
6951,2026-09-16 22:37:15,P-101,NORMAL,LOW,RUNNING,CLEARED,2026-09-16 22:37:15,P-101,LOW,CLEARED,RUNNING,INVALID_NUMERIC_VALUE,STATE
6957,2026-09-01 13:50:35,P-101,NORMAL,LOW,RUNNING,CLEARED,2026-09-01 13:50:35,P-101,LOW,CLEARED,RUNNING,INVALID_NUMERIC_VALUE,STATE
6965,2026-09-14 04:36:07,P-101,NORMAL,LOW,STOPPED,CLEARED,2026-09-14 04:36:07,P-101,LOW,CLEARED,STOPPED,INVALID_NUMERIC_VALUE,STATE
6973,2026-09-26 15:17:39,P-101,NORMAL,LOW,RUNNING,CLEARED,2026-09-26 15:17:39,P-101,LOW,CLEARED,RUNNING,INVALID_NUMERIC_VALUE,STATE
6980,2026-09-07 23:51:36,P-102,NORMAL,LOW,RUNNING,CLEARED,2026-09-07 23:51:36,P-102,LOW,CLEARED,RUNNING,INVALID_NUMERIC_VALUE,STATE
6992,2026-09-17 16:01:57,P-101,NORMAL,LOW,RUNNING,CLEARED,2026-09-17 16:01:57,P-101,LOW,CLEARED,RUNNING,INVALID_NUMERIC_VALUE,STATE
6994,2026-09-27 01:47:51,P-101,PUMP_FAILURE,CRITICAL,STOPPED,,2026-09-27 01:47:51,P 101,CRITICAL,,STOPPED,INVALID_STATUS,STATE
6997,2026-09-10 02:59:35,P-101,NORMAL,LOW,RUNNING,CLEARED,2026-09-10 02:59:35,P-101,LOW,CLEARED,RUNNING,INVALID_NUMERIC_VALUE,STATE
6998,2026-09-03 16:31:51,P-102,NORMAL,LOW,RUNNING,CLEARED,2026-09-03 16:31:51,P-102,LOW,CLEARED,RUNNING,INVALID_NUMERIC_VALUE,STATE
6999,2026-09-15 10:29:48,P-101,NORMAL,LOW,RUNNING,CLEARED,2026-09-15 10:29:48,P-101,LOW,CLEARED,RUNNING,INVALID_NUMERIC_VALUE,STATE
7001,2026-09-28 01:39:06,P-101,NORMAL,LOW,RUNNING,CLEARED,2026-09-28 01:39:06,P-101,LOW,CLEARED,RUNNING,INVALID_NUMERIC_VALUE,STATE
7007,2026-09-09 10:10:10,P-102,NORMAL,LOW,RUNNING,CLEARED,2026-09-09 10:10:10,P-102,LOW,CLEARED,RUNNING,INVALID_NUMERIC_VALUE,STATE
7020,2026-09-14 03:21:07,P-101,NORMAL,LOW,RUNNING,CLEARED,2026-09-14 03:21:07,P-101,LOW,CLEARED,RUNNING,INVALID_NUMERIC_VALUE,STATE
7025,2026-09-09 11:29:02,P-102,NORMAL,LOW,STOPPED,CLEARED,2026-09-09 11:29:02,P-102,LOW,CLEARED,STOPPED,INVALID_NUMERIC_VALUE,STATE
7041,2026-09-15 12:57:27,P-101,NORMAL,LOW,RUNNING,CLEARED,2026-09-15 12:57:27,P-101,LOW,CLEARED,RUNNING,INVALID_NUMERIC_VALUE,STATE
7054,,FT-101,NORMAL,LOW,24.98,CLEARED,,FT-101,LOW,CLEARED,24.98,INVALID_TIMESTAMP,NUMERIC
7059,2026-09-20 12:12:27,P-102,NORMAL,LOW,RUNNING,CLEARED,2026-09-20 12:12:27,P-102,LOW, CLEARED ,RUNNING,INVALID_NUMERIC_VALUE,STATE
7060,2026-09-14 00:39:21,V-101,NORMAL,POTATO,75.24,CLEARED,2026-09-14 00:39:21,V-101,potato, CLEARED ,75.24,INVALID_SEVERITY,NUMERIC
7061,2026-09-30 02:25:59,P-102,NORMAL,LOW,RUNNING,CLEARED,2026-09-30 02:25:59,P-102,LOW,CLEARED,RUNNING,INVALID_NUMERIC_VALUE,STATE
7065,2026-09-16 13:51:11,P-101,NORMAL,LOW,RUNNING,CLEARED,2026-09-16 13:51:11,P-101,LOW,CLEARED,RUNNING,INVALID_NUMERIC_VALUE,STATE
7066,2026-09-19 22:53:55,P-101,NORMAL,LOW,RUNNING,CLEARED,2026-09-19 22:53:55,P-101,LOW,CLEARED,RUNNING,INVALID_NUMERIC_VALUE,STATE
7067,2026-09-23 20:23:37,P-102,NORMAL,LOW,RUNNING,CLEARED,2026-09-23 20:23:37,P-102,LOW,CLEARED,RUNNING,INVALID_NUMERIC_VALUE,STATE
7070,2026-09-08 04:45:47,P-101,NORMAL,LOW,RUNNING,CLEARED,2026-09-08 04:45:47,P-101,LOW,CLEARED,RUNNING,INVALID_NUMERIC_VALUE,STATE
7073,2026-09-16 06:24:31,P-101,NORMAL,LOW,RUNNING,CLEARED,2026-09-16 06:24:31,P-101,LOW,CLEARED,RUNNING,INVALID_NUMERIC_VALUE,STATE
7076,2026-09-03 01:24:20,P-101,NORMAL,LOW,RUNNING,CLEARED,2026-09-03 01:24:20,P-101,LOW,CLEARED,RUNNING,INVALID_NUMERIC_VALUE,STATE
7079,2026-09-10 20:31:47,P-101,NORMAL,LOW,RUNNING,CLEARED,2026-09-10 20:31:47,P-101,LOW,CLEARED,RUNNING,INVALID_NUMERIC_VALUE,STATE
7091,2026-09-19 14:33:21,P-101,NORMAL,LOW,RUNNING,CLEARED,2026-09-19 14:33:21,P-101,LOW,CLEARED,RUNNING,INVALID_NUMERIC_VALUE,STATE
7094,2026-09-28 07:32:34,P-101,NORMAL,LOW,STOPPED,CLEARED,2026-09-28 07:32:34,P-101,LOW,CLEARED,STOPPED,INVALID_NUMERIC_VALUE,STATE
7095,2026-09-07 20:42:13,P-102,NORMAL,LOW,STOPPED,CLEARED,2026-09-07 20:42:13,P-102,LOW,CLEARED,STOPPED,INVALID_NUMERIC_VALUE,STATE
7096,2026-09-05 09:28:26,P-101,NORMAL,LOW,RUNNING,CLEARED,2026-09-05 09:28:26,P-101,LOW,CLEARED,RUNNING,INVALID_NUMERIC_VALUE,STATE
7097,2026-09-27 04:38:06,P-102,NORMAL,LOW,RUNNING,CLEARED,2026-09-27 04:38:06,P-102,LOW,CLEARED,RUNNING,INVALID_NUMERIC_VALUE,STATE
7103,2026-09-08 01:33:33,P-101,NORMAL,LOW,RUNNING,CLEARED,2026-09-08 01:33:33,P-101,LOW,CLEARED,RUNNING,INVALID_NUMERIC_VALUE,STATE
7105,2026-09-15 17:12:21,P-102,NORMAL,LOW,STOPPED,CLEARED,2026-09-15 17:12:21,P-102,LOW, CLEARED ,STOPPED,INVALID_NUMERIC_VALUE,STATE
7113,2026-09-24 02:23:01,P-101,NORMAL,LOW,RUNNING,CLEARED,2026-09-24 02:23:01,P-101,LOW,CLEARED,RUNNING,INVALID_NUMERIC_VALUE,STATE
7115,2026-09-29 16:55:29,P-101,NORMAL,LOW,STOPPED,CLEARED,2026-09-29 16:55:29,P-101,LOW,CLEARED,STOPPED,INVALID_NUMERIC_VALUE,STATE
7118,2026-09-23 17:42:03,P-101,NORMAL,LOW,RUNNING,CLEARED,2026-09-23 17:42:03,P-101,LOW,CLEARED,RUNNING,INVALID_NUMERIC_VALUE,STATE
7122,2026-09-28 07:24:00,P-101,NORMAL,LOW,STOPPED,CLEARED,"Sep 28, 2026 07:24",P-101,LOW,CLEARED,STOPPED,INVALID_NUMERIC_VALUE,STATE
7127,2026-09-26 09:52:29,P-101,NORMAL,LOW,STOPPED,CLEARED,2026-09-26 09:52:29,P-101,LOW,CLEARED,STOPPED,INVALID_NUMERIC_VALUE,STATE
7132,2026-09-30 21:46:06,P-101,NORMAL,LOW,RUNNING,CLEARED,2026-09-30 21:46:06,P-101,LOW,CLEARED,RUNNING,INVALID_NUMERIC_VALUE,STATE
7147,2026-09-18 03:28:37,P-102,NORMAL,LOW,RUNNING,CLEARED,2026-09-18 03:28:37,P-102,LOW,CLEARED,RUNNING,INVALID_NUMERIC_VALUE,STATE
7163,2026-09-16 19:26:46,P-102,NORMAL,LOW,RUNNING,CLEARED,2026-09-16 19:26:46,P-102,LOW,CLEARED,RUNNING,INVALID_NUMERIC_VALUE,STATE
7166,2026-09-06 20:22:11,TT-101,NORMAL,UNKNOWN,45.28,,2026-09-06 20:22:11, TT-101 ,UNKNOWN,,45.28,INVALID_SEVERITY;INVALID_STATUS,NUMERIC
7167,,TT-101,NORMAL,,47.46,CLEARED,,TT-101,,cleared,47.46,INVALID_TIMESTAMP;INVALID_SEVERITY,NUMERIC
7170,2026-09-26 08:45:09,P-102,NORMAL,LOW,STOPPED,CLEARED,2026-09-26 08:45:09,P-102,LOW,CLEARED,STOPPED,INVALID_NUMERIC_VALUE,STATE
7174,2026-09-15 01:49:34,P-102,NORMAL,LOW,STOPPED,CLEARED,2026-09-15 01:49:34,P-102,LOW,CLEARED,STOPPED,INVALID_NUMERIC_VALUE,STATE
7179,2026-09-11 00:11:38,P-102,NORMAL,LOW,RUNNING,CLEARED,2026-09-11 00:11:38,P-102,LOW,CLEARED,RUNNING,INVALID_NUMERIC_VALUE,STATE
7181,2026-09-07 02:28:37,PT-101,NORMAL,UNKNOWN,5.69,CLEARED,2026-09-07 02:28:37,PT_101,UNKNOWN,CLEARED,5.69,INVALID_SEVERITY,NUMERIC
7182,2026-09-19 05:07:46,P-102,NORMAL,LOW,RUNNING,CLEARED,2026-09-19 05:07:46,P-102,LOW,CLEARED,RUNNING,INVALID_NUMERIC_VALUE,STATE
7188,2026-09-04 17:30:24,P-102,NORMAL,LOW,STOPPED,CLEARED,2026-09-04 17:30:24,P-102,LOW,CLEARED,STOPPED,INVALID_NUMERIC_VALUE,STATE
7194,2026-09-10 22:14:18,P-102,NORMAL,LOW,RUNNING,CLEARED,2026-09-10 22:14:18,P-102,LOW,CLEARED,RUNNING,INVALID_NUMERIC_VALUE,STATE
7202,2026-09-09 05:33:02,P-101,NORMAL,LOW,STOPPED,CLEARED,2026-09-09 05:33:02,P-101,LOW,CLEARED,STOPPED,INVALID_NUMERIC_VALUE,STATE
7203,2026-09-30 08:06:32,P-101,NORMAL,LOW,RUNNING,CLEARED,2026-09-30 08:06:32,P-101,LOW,CLEARED,RUNNING,INVALID_NUMERIC_VALUE,STATE
7210,2026-09-10 13:34:11,PT-101,NORMAL,,4.76,CLEARED,2026/09/10 13:34:11,PT-101,,CLEARED,4.76,INVALID_SEVERITY,NUMERIC
7215,2026-09-28 19:15:37,P-102,NORMAL,LOW,STOPPED,CLEARED,2026-09-28 19:15:37,P-102,LOW,CLEARED,STOPPED,INVALID_NUMERIC_VALUE,STATE
7232,2026-09-15 08:56:58,P-102,NORMAL,LOW,RUNNING,CLEARED,2026-09-15 08:56:58,P-102,LOW,CLEARED,RUNNING,INVALID_NUMERIC_VALUE,STATE
7234,2026-09-21 12:00:11,P-101,NORMAL,LOW,RUNNING,CLEARED,2026-09-21 12:00:11,P-101,LOW,CLEARED,RUNNING,INVALID_NUMERIC_VALUE,STATE
7238,2026-09-07 13:31:39,P-101,NORMAL,LOW,RUNNING,CLEARED,2026-09-07 13:31:39,P-101,LOW,CLEARED,RUNNING,INVALID_NUMERIC_VALUE,STATE
7239,2026-09-14 14:26:15,P-101,NORMAL,LOW,RUNNING,CLEARED,2026-09-14 14:26:15,P-101,LOW,CLEARED,RUNNING,INVALID_NUMERIC_VALUE,STATE
7256,2026-09-29 09:07:43,P-101,NORMAL,LOW,RUNNING,CLEARED,2026-09-29 09:07:43,P-101,LOW,CLEARED,RUNNING,INVALID_NUMERIC_VALUE,STATE
7263,2026-09-21 13:59:08,P-102,NORMAL,LOW,STOPPED,CLEARED,2026-09-21 13:59:08,P-102,LOW,CLEARED,STOPPED,INVALID_NUMERIC_VALUE,STATE
7271,2026-09-27 09:00:44,P-102,NORMAL,LOW,RUNNING,CLEARED,2026-09-27 09:00:44,P-102,LOW,CLEARED,RUNNING,INVALID_NUMERIC_VALUE,STATE
7280,2026-09-10 09:30:03,P-102,NORMAL,LOW,RUNNING,CLEARED,2026-09-10 09:30:03,P-102,LOW,CLEARED,RUNNING,INVALID_NUMERIC_VALUE,STATE
7291,2026-09-08 11:43:43,P-101,NORMAL,LOW,RUNNING,CLEARED,2026-09-08 11:43:43,P-101,LOW,CLEARED,RUNNING,INVALID_NUMERIC_VALUE,STATE
7301,2026-09-18 17:20:06,P-101,NORMAL,LOW,RUNNING,CLEARED,2026-09-18 17:20:06,P-101,LOW,CLEARED,RUNNING,INVALID_NUMERIC_VALUE,STATE
7305,2026-09-25 09:00:57,P-101,NORMAL,LOW,STOPPED,CLEARED,2026-09-25 09:00:57,P-101,LOW,CLEARED,STOPPED,INVALID_NUMERIC_VALUE,STATE
7310,2026-09-18 08:43:22,P-102,NORMAL,LOW,RUNNING,CLEARED,2026-09-18 08:43:22,P-102,LOW,CLEARED,RUNNING,INVALID_NUMERIC_VALUE,STATE
7312,2026-09-04 19:48:31,P-101,NORMAL,LOW,STOPPED,CLEARED,2026-09-04 19:48:31,P-101,LOW,CLEARED,STOPPED,INVALID_NUMERIC_VALUE,STATE
7315,2026-09-26 07:48:22,P-101,NORMAL,LOW,RUNNING,CLEARED,2026-09-26 07:48:22,P-101,LOW,CLEARED,RUNNING,INVALID_NUMERIC_VALUE,STATE
7321,,TT-101,NORMAL,LOW,72.05,CLEARED,32/15/2026 25:99:99,TT-101,LOW,CLEARED,72.05,INVALID_TIMESTAMP,NUMERIC
7324,2026-09-06 00:02:01,P-102,NORMAL,LOW,RUNNING,CLEARED,2026-09-06 00:02:01,P-102,LOW,CLEARED,RUNNING,INVALID_NUMERIC_VALUE,STATE
7325,2026-09-25 22:23:03,P-102,NORMAL,LOW,RUNNING,CLEARED,2026-09-25 22:23:03,P-102,LOW,CLEARED,RUNNING,INVALID_NUMERIC_VALUE,STATE
7332,2026-09-24 00:15:06,P-101,NORMAL,LOW,RUNNING,CLEARED,2026-09-24 00:15:06,P-101,LOW,CLEARED,RUNNING,INVALID_NUMERIC_VALUE,STATE
7334,2026-09-01 12:55:29,P-102,NORMAL,LOW,RUNNING,CLEARED,2026-09-01 12:55:29,P-102,LOW,CLEARED,RUNNING,INVALID_NUMERIC_VALUE,STATE
7339,2026-09-26 19:18:38,P-102,NORMAL,LOW,STOPPED,CLEARED,2026-09-26 19:18:38,P-102,LOW,CLEARED,STOPPED,INVALID_NUMERIC_VALUE,STATE
7345,2026-09-29 15:54:02,P-101,NORMAL,LOW,STOPPED,CLEARED,2026-09-29 15:54:02,P-101,LOW,CLEARED,STOPPED,INVALID_NUMERIC_VALUE,STATE
7347,2026-09-02 06:11:13,P-101,NORMAL,LOW,RUNNING,CLEARED,2026-09-02 06:11:13,P-101,LOW,CLEARED,RUNNING,INVALID_NUMERIC_VALUE,STATE
7353,2026-09-30 11:22:51,P-102,NORMAL,LOW,RUNNING,CLEARED,2026-09-30 11:22:51,P-102,LOW,CLEARED,RUNNING,INVALID_NUMERIC_VALUE,STATE
7354,2026-09-12 23:30:03,FT-101,NORMAL,,31.37,CLEARED,2026-09-12 23:30:03,FT_101,,CLEARED,31.37,INVALID_SEVERITY,NUMERIC
7356,2026-09-04 17:27:13,P-101,NORMAL,LOW,RUNNING,CLEARED,2026-09-04 17:27:13,P-101,LOW,CLEARED,RUNNING,INVALID_NUMERIC_VALUE,STATE
7362,2026-09-15 11:37:25,P-101,NORMAL,LOW,RUNNING,CLEARED,2026-09-15 11:37:25,P-101,LOW,CLEARED,RUNNING,INVALID_NUMERIC_VALUE,STATE
7370,2026-09-02 05:45:25,P-101,NORMAL,LOW,RUNNING,CLEARED,2026-09-02 05:45:25,P-101,LOW,CLEARED,RUNNING,INVALID_NUMERIC_VALUE,STATE
7371,2026-09-28 06:47:54,P-101,NORMAL,LOW,RUNNING,CLEARED,2026-09-28 06:47:54,P-101,LOW,CLEARED,RUNNING,INVALID_NUMERIC_VALUE,STATE
7376,2026-09-03 19:00:29,P-102,NORMAL,LOW,RUNNING,CLEARED,2026-09-03 19:00:29,P-102,LOW,CLEARED,RUNNING,INVALID_NUMERIC_VALUE,STATE
7385,2026-09-01 23:04:53,P-101,NORMAL,LOW,STOPPED,CLEARED,2026-09-01 23:04:53,P-101,LOW,CLEARED,STOPPED,INVALID_NUMERIC_VALUE,STATE
7392,2026-09-03 03:11:33,FT-101,NORMAL,,32.48,CLEARED,2026-09-03 03:11:33,FT-101,,CLEARED,32.48,INVALID_SEVERITY,NUMERIC
7394,2026-09-05 04:50:35,P-101,NORMAL,LOW,RUNNING,UNKNOWN,2026-09-05 04:50:35,P-101,low,UNKNOWN,RUNNING,INVALID_STATUS;INVALID_NUMERIC_VALUE,STATE
7396,2026-09-16 08:22:46,FT-101,NORMAL,LOW,20.92,UNKNOWN,2026-09-16 08:22:46,FT-101,LOW,UNKNOWN,20.92,INVALID_STATUS,NUMERIC
7406,2026-09-01 07:32:30,P-102,NORMAL,LOW,RUNNING,CLEARED,2026-09-01 07:32:30,P-102,LOW,CLEARED,RUNNING,INVALID_NUMERIC_VALUE,STATE
7407,2026-09-25 23:14:35,P-101,NORMAL,LOW,RUNNING,CLEARED,2026-09-25 23:14:35,P-101,LOW,CLEARED,RUNNING,INVALID_NUMERIC_VALUE,STATE
7409,2026-09-09 18:36:01,P-101,NORMAL,LOW,RUNNING,CLEARED,2026-09-09 18:36:01,P-101,LOW,CLEARED,RUNNING,INVALID_NUMERIC_VALUE,STATE
7411,2026-09-30 13:18:30,P-101,NORMAL,LOW,STOPPED,CLEARED,2026-09-30 13:18:30,P-101,LOW,CLEARED,STOPPED,INVALID_NUMERIC_VALUE,STATE
7416,2026-09-12 01:02:10,P-102,NORMAL,LOW,RUNNING,CLEARED,2026-09-12 01:02:10,P-102,LOW,CLEARED,RUNNING,INVALID_NUMERIC_VALUE,STATE
7417,2026-09-10 17:09:00,P-102,NORMAL,LOW,RUNNING,CLEARED,2026-09-10 17:09:00,P-102,LOW,CLEARED,RUNNING,INVALID_NUMERIC_VALUE,STATE
7420,2026-09-04 20:26:55,P-102,NORMAL,LOW,RUNNING,CLEARED,2026-09-04 20:26:55,P-102,LOW,CLEARED,RUNNING,INVALID_NUMERIC_VALUE,STATE
7434,2026-09-12 06:24:02,P-102,NORMAL,LOW,RUNNING,CLEARED,2026-09-12 06:24:02,P-102,LOW,CLEARED,RUNNING,INVALID_NUMERIC_VALUE,STATE
7438,2026-09-18 15:22:40,P-101,NORMAL,LOW,RUNNING,CLEARED,2026-09-18 15:22:40,P-101,LOW,CLEARED,RUNNING,INVALID_NUMERIC_VALUE,STATE
7440,2026-09-27 00:13:50,P-102,NORMAL,LOW,RUNNING,CLEARED,2026-09-27 00:13:50,P-102,LOW,CLEARED,RUNNING,INVALID_NUMERIC_VALUE,STATE
7448,2026-09-07 19:45:24,P-101,NORMAL,LOW,RUNNING,CLEARED,2026-09-07 19:45:24,P-101,LOW,CLEARED,RUNNING,INVALID_NUMERIC_VALUE,STATE
7449,2026-09-03 06:43:04,P-101,NORMAL,LOW,RUNNING,CLEARED,2026-09-03 06:43:04,P-101,LOW,CLEARED,RUNNING,INVALID_NUMERIC_VALUE,STATE
7452,2026-09-27 16:36:35,P-101,NORMAL,LOW,RUNNING,CLEARED,2026-09-27 16:36:35,P-101,LOW,CLEARED,RUNNING,INVALID_NUMERIC_VALUE,STATE
7454,2026-09-24 07:09:00,P-102,NORMAL,LOW,RUNNING,CLEARED,2026-09-24 07:09:00,P-102,LOW,CLEARED,RUNNING,INVALID_NUMERIC_VALUE,STATE
7459,2026-09-02 02:49:40,P-101,NORMAL,LOW,STOPPED,CLEARED,2026-09-02 02:49:40,P-101,LOW,CLEARED,STOPPED,INVALID_NUMERIC_VALUE,STATE
7461,2026-09-17 21:53:55,P-101,NORMAL,LOW,RUNNING,CLEARED,2026-09-17 21:53:55,P-101,LOW,CLEARED,RUNNING,INVALID_NUMERIC_VALUE,STATE
7469,2026-09-07 12:49:36,P-101,NORMAL,LOW,STOPPED,CLEARED,2026-09-07 12:49:36,P-101,LOW,CLEARED,STOPPED,INVALID_NUMERIC_VALUE,STATE
7471,2026-09-26 17:32:07,P-101,NORMAL,LOW,RUNNING,CLEARED,2026-09-26 17:32:07,P-101,LOW,CLEARED,RUNNING,INVALID_NUMERIC_VALUE,STATE
7475,2026-09-18 19:48:27,P-101,NORMAL,LOW,RUNNING,CLEARED,2026-09-18 19:48:27,P-101,LOW,CLEARED,RUNNING,INVALID_NUMERIC_VALUE,STATE
7480,2026-09-04 11:10:16,P-101,NORMAL,LOW,RUNNING,CLEARED,2026-09-04 11:10:16,P-101,LOW,CLEARED,RUNNING,INVALID_NUMERIC_VALUE,STATE
7484,2026-09-22 10:52:20,P-101,NORMAL,LOW,RUNNING,CLEARED,2026-09-22 10:52:20,P-101,LOW,cleared,RUNNING,INVALID_NUMERIC_VALUE,STATE
7488,2026-09-17 04:21:31,P-102,NORMAL,LOW,STOPPED,CLEARED,2026-09-17 04:21:31,P-102,LOW,CLEARED,STOPPED,INVALID_NUMERIC_VALUE,STATE
7490,2026-09-21 01:12:52,P-101,NORMAL,LOW,RUNNING,CLEARED,2026-09-21 01:12:52,P-101,LOW,CLEARED,RUNNING,INVALID_NUMERIC_VALUE,STATE
7495,2026-09-27 19:45:34,P-102,NORMAL,LOW,RUNNING,CLEARED,2026-09-27 19:45:34,P-102,LOW,CLEARED,RUNNING,INVALID_NUMERIC_VALUE,STATE
7496,2026-09-10 02:58:54,V-101,NORMAL,,78,CLEARED,2026-09-10 02:58:54,V-101,,CLEARED,78.0,INVALID_SEVERITY,NUMERIC
7500,2026-09-23 10:19:30,P-101,NORMAL,LOW,RUNNING,CLEARED,2026-09-23 10:19:30,P-101,LOW,CLEARED,RUNNING,INVALID_NUMERIC_VALUE,STATE
7504,2026-09-09 01:41:20,P-102,NORMAL,LOW,STOPPED,CLEARED,2026-09-09 01:41:20,P-102,LOW,CLEARED,STOPPED,INVALID_NUMERIC_VALUE,STATE
7515,2026-09-03 12:17:37,P-101,NORMAL,LOW,STOPPED,CLEARED,2026-09-03 12:17:37,P-101,LOW,CLEARED,STOPPED,INVALID_NUMERIC_VALUE,STATE
7517,2026-09-24 02:08:47,P-102,NORMAL,LOW,RUNNING,CLEARED,2026-09-24 02:08:47,P-102,LOW,CLEARED,RUNNING,INVALID_NUMERIC_VALUE,STATE
7518,2026-09-03 04:58:57,P-101,NORMAL,LOW,STOPPED,CLEARED,2026-09-03 04:58:57,P-101,LOW,CLEARED,STOPPED,INVALID_NUMERIC_VALUE,STATE
7524,2026-09-25 03:12:08,P-101,NORMAL,LOW,RUNNING,CLEARED,2026-09-25 03:12:08,P-101,LOW,CLEARED,RUNNING,INVALID_NUMERIC_VALUE,STATE
7526,2026-09-29 04:47:31,P-101,NORMAL,LOW,STOPPED,CLEARED,2026-09-29 04:47:31,P-101,LOW,CLEARED,STOPPED,INVALID_NUMERIC_VALUE,STATE
7531,2026-09-08 22:35:23,P-102,NORMAL,LOW,STOPPED,CLEARED,2026-09-08 22:35:23,P-102,LOW,CLEARED,STOPPED,INVALID_NUMERIC_VALUE,STATE
7541,2026-09-05 20:13:39,P-101,NORMAL,LOW,RUNNING,CLEARED,2026-09-05 20:13:39,P-101,LOW,CLEARED,RUNNING,INVALID_NUMERIC_VALUE,STATE
7546,2026-09-14 08:49:15,P-101,NORMAL,LOW,RUNNING,CLEARED,2026-09-14 08:49:15,p-101,LOW,CLEARED,RUNNING,INVALID_NUMERIC_VALUE,STATE
7547,2026-09-24 18:16:37,P-102,NORMAL,LOW,RUNNING,CLEARED,2026-09-24 18:16:37,P-102,LOW,CLEARED,RUNNING,INVALID_NUMERIC_VALUE,STATE
7550,2026-09-04 13:04:05,P-102,NORMAL,LOW,RUNNING,CLEARED,2026-09-04 13:04:05,P-102,LOW,CLEARED,RUNNING,INVALID_NUMERIC_VALUE,STATE
7557,2026-09-22 17:58:56,TT-101,NORMAL,LOW,61.26,UNKNOWN,2026-09-22 17:58:56,TT-101,LOW,UNKNOWN,61.26,INVALID_STATUS,NUMERIC
7561,2026-09-13 07:36:23,P-102,NORMAL,LOW,RUNNING,CLEARED,2026-09-13 07:36:23,P-102,LOW,CLEARED,RUNNING,INVALID_NUMERIC_VALUE,STATE
7562,2026-09-07 08:48:38,P-102,NORMAL,LOW,STOPPED,CLEARED,2026-09-07 08:48:38,P-102,LOW,CLEARED,STOPPED,INVALID_NUMERIC_VALUE,STATE
7571,2026-09-02 14:17:03,P-102,NORMAL,LOW,RUNNING,CLEARED,2026-09-02 14:17:03,P-102,LOW,CLEARED,RUNNING,INVALID_NUMERIC_VALUE,STATE
7574,,FT-101,HIGH_FLOW,HIGH,54,,32/15/2026 25:99:99,FT-101,HIGH,,54.0,INVALID_TIMESTAMP;INVALID_STATUS,NUMERIC
7575,2026-09-26 18:04:54,P-101,NORMAL,LOW,RUNNING,CLEARED,2026-09-26 18:04:54,P-101,LOW,CLEARED,RUNNING,INVALID_NUMERIC_VALUE,STATE
7578,2026-09-27 09:21:49,P-101,NORMAL,LOW,RUNNING,CLEARED,2026-09-27 09:21:49,P-101,LOW,CLEARED,RUNNING,INVALID_NUMERIC_VALUE,STATE
7585,2026-09-04 01:20:29,P-101,NORMAL,UNKNOWN,,CLEARED,2026-09-04 01:20:29,P-101,UNKNOWN,CLEARED,,INVALID_SEVERITY;MISSING_VALUE,NULL
7587,2026-09-02 01:08:05,TT-101,NORMAL,LOW,,UNKNOWN,2026-09-02 01:08:05, TT-101 ,LOW,UNKNOWN,N/A,INVALID_STATUS;MISSING_VALUE,NULL
7590,2026-09-09 02:34:59,P-101,NORMAL,LOW,RUNNING,CLEARED,2026-09-09 02:34:59,P-101,LOW,CLEARED,RUNNING,INVALID_NUMERIC_VALUE,STATE
7595,2026-09-26 21:59:20,P-101,NORMAL,LOW,RUNNING,CLEARED,2026-09-26 21:59:20,P-101,LOW,CLEARED,RUNNING,INVALID_NUMERIC_VALUE,STATE
7599,2026-09-30 19:01:56,P-101,NORMAL,LOW,RUNNING,CLEARED,2026-09-30 19:01:56,P-101,LOW,CLEARED,RUNNING,INVALID_NUMERIC_VALUE,STATE
7601,2026-09-05 09:36:10,P-101,NORMAL,LOW,RUNNING,CLEARED,2026-09-05 09:36:10,P-101,LOW,CLEARED,RUNNING,INVALID_NUMERIC_VALUE,STATE
7610,2026-09-10 23:47:21,P-102,NORMAL,LOW,RUNNING,CLEARED,2026-09-10 23:47:21,P-102,LOW,CLEARED,RUNNING,INVALID_NUMERIC_VALUE,STATE
7614,2026-09-25 02:47:28,P-101,NORMAL,LOW,RUNNING,CLEARED,2026-09-25 02:47:28,P-101,LOW,CLEARED,RUNNING,INVALID_NUMERIC_VALUE,STATE
7616,2026-09-06 13:01:44,P-102,NORMAL,LOW,RUNNING,CLEARED,2026-09-06 13:01:44,P-102,LOW,CLEARED,RUNNING,INVALID_NUMERIC_VALUE,STATE
7621,2026-09-17 15:56:03,P-101,NORMAL,LOW,STOPPED,CLEARED,2026-09-17 15:56:03,P-101,LOW,CLEARED,STOPPED,INVALID_NUMERIC_VALUE,STATE
7622,2026-09-05 17:05:36,P-101,NORMAL,LOW,STOPPED,CLEARED,2026-09-05 17:05:36,P-101,LOW,CLEARED,STOPPED,INVALID_NUMERIC_VALUE,STATE
7631,2026-09-07 18:46:26,P-101,NORMAL,LOW,RUNNING,CLEARED,2026-09-07 18:46:26,P-101,LOW,CLEARED,RUNNING,INVALID_NUMERIC_VALUE,STATE
7633,2026-09-03 15:17:38,P-101,NORMAL,LOW,RUNNING,CLEARED,2026-09-03 15:17:38,P-101,LOW,CLEARED,RUNNING,INVALID_NUMERIC_VALUE,STATE
7634,2026-09-05 22:45:49,P-102,NORMAL,LOW,RUNNING,CLEARED,2026-09-05 22:45:49,P-102,LOW,CLEARED,RUNNING,INVALID_NUMERIC_VALUE,STATE
7637,2026-09-02 05:26:39,P-102,NORMAL,LOW,RUNNING,CLEARED,2026-09-02 05:26:39,P-102,LOW,CLEARED,RUNNING,INVALID_NUMERIC_VALUE,STATE
7639,2026-09-26 13:45:24,P-102,NORMAL,LOW,RUNNING,CLEARED,2026-09-26 13:45:24,P-102,LOW,CLEARED,RUNNING,INVALID_NUMERIC_VALUE,STATE
7643,2026-09-21 08:17:17,P-101,NORMAL,LOW,RUNNING,CLEARED,2026-09-21 08:17:17,P-101,LOW,CLEARED,RUNNING,INVALID_NUMERIC_VALUE,STATE
7646,2026-09-27 05:49:14,P-101,NORMAL,LOW,RUNNING,CLEARED,2026-09-27 05:49:14,P-101,LOW,CLEARED,RUNNING,INVALID_NUMERIC_VALUE,STATE
7653,2026-09-30 07:15:52,P-101,NORMAL,LOW,RUNNING,CLEARED,2026-09-30 07:15:52,P-101,LOW,CLEARED,RUNNING,INVALID_NUMERIC_VALUE,STATE
7657,2026-09-22 22:54:16,P-101,NORMAL,LOW,RUNNING,CLEARED,2026-09-22 22:54:16,P-101,LOW,CLEARED,RUNNING,INVALID_NUMERIC_VALUE,STATE
7658,2026-09-14 08:04:02,P-102,NORMAL,LOW,RUNNING,CLEARED,2026-09-14 08:04:02,P-102,LOW,CLEARED,RUNNING,INVALID_NUMERIC_VALUE,STATE
7663,2026-09-01 08:07:03,P-101,NORMAL,LOW,STOPPED,CLEARED,2026-09-01 08:07:03,P-101,LOW,CLEARED,STOPPED,INVALID_NUMERIC_VALUE,STATE
7667,2026-09-29 13:05:43,P-101,NORMAL,LOW,RUNNING,CLEARED,2026-09-29 13:05:43,P-101,LOW,CLEARED,RUNNING,INVALID_NUMERIC_VALUE,STATE
7670,2026-09-14 07:15:07,P-102,NORMAL,LOW,RUNNING,CLEARED,2026-09-14 07:15:07,P-102,LOW,CLEARED,RUNNING,INVALID_NUMERIC_VALUE,STATE
7671,2026-09-19 13:26:12,P-102,NORMAL,LOW,RUNNING,CLEARED,2026-09-19 13:26:12,P-102,LOW,CLEARED,RUNNING,INVALID_NUMERIC_VALUE,STATE
7674,2026-09-28 10:59:29,P-101,NORMAL,LOW,RUNNING,CLEARED,2026-09-28 10:59:29,P-101,LOW,CLEARED,RUNNING,INVALID_NUMERIC_VALUE,STATE
7675,2026-09-29 13:10:12,P-102,NORMAL,LOW,RUNNING,CLEARED,2026-09-29 13:10:12,P-102,LOW,CLEARED,RUNNING,INVALID_NUMERIC_VALUE,STATE
7679,2026-09-06 14:09:40,P-102,NORMAL,LOW,RUNNING,CLEARED,2026-09-06 14:09:40,P-102,LOW,CLEARED,RUNNING,INVALID_NUMERIC_VALUE,STATE
7686,2026-09-11 20:30:17,P-101,NORMAL,LOW,RUNNING,CLEARED,2026-09-11 20:30:17,P-101,LOW,CLEARED,RUNNING,INVALID_NUMERIC_VALUE,STATE
7703,2026-09-19 12:34:33,P-102,NORMAL,LOW,RUNNING,CLEARED,2026-09-19 12:34:33,P-102,LOW,CLEARED,RUNNING,INVALID_NUMERIC_VALUE,STATE
7705,2026-09-10 17:18:59,PT-101,NORMAL,POTATO,4.53,CLEARED,2026-09-10 17:18:59,PT-101,potato,CLEARED,4.53,INVALID_SEVERITY,NUMERIC
7709,2026-09-16 19:51:31,P-101,NORMAL,LOW,RUNNING,CLEARED,2026-09-16 19:51:31,P-101,LOW,CLEARED,RUNNING,INVALID_NUMERIC_VALUE,STATE
7710,2026-09-02 23:44:07,P-101,NORMAL,LOW,RUNNING,CLEARED,2026-09-02 23:44:07,P-101,LOW,CLEARED,RUNNING,INVALID_NUMERIC_VALUE,STATE
7713,2026-09-20 08:11:58,P-101,NORMAL,LOW,RUNNING,CLEARED,2026-09-20 08:11:58,P-101,LOW,CLEARED,RUNNING,INVALID_NUMERIC_VALUE,STATE
7714,2026-09-21 04:54:14,FT-101,NORMAL,UNKNOWN,,CLEARED,2026-09-21 04:54:14,FT-101,UNKNOWN,CLEARED,N/A,INVALID_SEVERITY;MISSING_VALUE,NULL
7715,2026-09-15 09:51:25,P-102,NORMAL,LOW,RUNNING,CLEARED,2026-09-15 09:51:25,P-102,LOW,CLEARED,RUNNING,INVALID_NUMERIC_VALUE,STATE
7717,2026-09-03 01:46:05,P-102,NORMAL,LOW,RUNNING,CLEARED,2026-09-03 01:46:05,P-102,LOW,CLEARED,RUNNING,INVALID_NUMERIC_VALUE,STATE
7718,2026-09-18 01:34:54,P-101,NORMAL,LOW,STOPPED,CLEARED,2026-09-18 01:34:54,P-101,LOW,CLEARED,STOPPED,INVALID_NUMERIC_VALUE,STATE
7722,,LT-101,NORMAL,LOW,57.29,CLEARED,not-a-date,LT-101,LOW,CLEARED,57.29,INVALID_TIMESTAMP,NUMERIC
7723,2026-09-04 19:39:02,P-101,NORMAL,LOW,RUNNING,CLEARED,2026-09-04 19:39:02,P-101,LOW,CLEARED,RUNNING,INVALID_NUMERIC_VALUE,STATE
7725,2026-09-11 12:15:21,P-101,NORMAL,LOW,RUNNING,CLEARED,2026-09-11 12:15:21,P-101,LOW,CLEARED,RUNNING,INVALID_NUMERIC_VALUE,STATE
7726,2026-09-08 05:38:07,P-101,NORMAL,LOW,RUNNING,CLEARED,2026-09-08 05:38:07,P-101,LOW,CLEARED,RUNNING,INVALID_NUMERIC_VALUE,STATE
7727,2026-09-23 01:44:52,P-101,NORMAL,LOW,RUNNING,CLEARED,2026-09-23 01:44:52,P-101,LOW,CLEARED,RUNNING,INVALID_NUMERIC_VALUE,STATE
7729,2026-09-07 01:14:15,P-102,NORMAL,LOW,RUNNING,CLEARED,2026-09-07 01:14:15,P-102,LOW,CLEARED,RUNNING,INVALID_NUMERIC_VALUE,STATE
7732,2026-09-13 10:17:30,P-102,NORMAL,LOW,RUNNING,CLEARED,2026-09-13 10:17:30,P-102,LOW,CLEARED,RUNNING,INVALID_NUMERIC_VALUE,STATE
7734,2026-09-20 23:55:42,P-101,NORMAL,LOW,RUNNING,CLEARED,2026-09-20 23:55:42,P-101,LOW,CLEARED,RUNNING,INVALID_NUMERIC_VALUE,STATE
7744,2026-09-29 01:47:27,P-101,NORMAL,LOW,RUNNING,CLEARED,2026-09-29 01:47:27,P-101,LOW,CLEARED,RUNNING,INVALID_NUMERIC_VALUE,STATE
7749,2026-09-09 11:34:52,P-102,NORMAL,LOW,STOPPED,CLEARED,2026-09-09 11:34:52,P-102,LOW,CLEARED,STOPPED,INVALID_NUMERIC_VALUE,STATE
7753,2026-09-02 05:55:11,P-101,NORMAL,LOW,RUNNING,CLEARED,2026-09-02 05:55:11,P-101,LOW,CLEARED,RUNNING,INVALID_NUMERIC_VALUE,STATE
7756,2026-09-14 15:14:30,P-101,NORMAL,LOW,RUNNING,CLEARED,2026-09-14 15:14:30,P-101,LOW,CLEARED,RUNNING,INVALID_NUMERIC_VALUE,STATE
7760,2026-09-30 14:24:11,P-102,NORMAL,LOW,RUNNING,CLEARED,2026-09-30 14:24:11,P-102,LOW,CLEARED,RUNNING,INVALID_NUMERIC_VALUE,STATE
7761,2026-09-21 17:40:33,P-101,NORMAL,LOW,RUNNING,CLEARED,2026-09-21 17:40:33,P-101,LOW,CLEARED,RUNNING,INVALID_NUMERIC_VALUE,STATE
7768,2026-09-13 13:56:48,P-102,NORMAL,LOW,RUNNING,CLEARED,2026-09-13 13:56:48,P-102,LOW,CLEARED,RUNNING,INVALID_NUMERIC_VALUE,STATE
7777,2026-09-16 20:04:55,P-102,NORMAL,LOW,RUNNING,CLEARED,2026-09-16 20:04:55,P-102,LOW,CLEARED,RUNNING,INVALID_NUMERIC_VALUE,STATE
7779,2026-09-19 23:49:32,P-102,NORMAL,LOW,RUNNING,CLEARED,2026-09-19 23:49:32,P-102,LOW,CLEARED,RUNNING,INVALID_NUMERIC_VALUE,STATE
7793,2026-09-15 16:00:32,P-101,NORMAL,LOW,RUNNING,CLEARED,2026-09-15 16:00:32,P-101,LOW,CLEARED,RUNNING,INVALID_NUMERIC_VALUE,STATE
7794,2026-09-08 09:07:14,P-101,NORMAL,LOW,STOPPED,CLEARED,2026-09-08 09:07:14,P-101,LOW,CLEARED,STOPPED,INVALID_NUMERIC_VALUE,STATE
7799,2026-09-20 18:46:58,P-101,NORMAL,LOW,RUNNING,CLEARED,2026-09-20 18:46:58,P-101,LOW,CLEARED,RUNNING,INVALID_NUMERIC_VALUE,STATE
7810,2026-09-06 09:11:12,P-101,NORMAL,LOW,RUNNING,CLEARED,2026-09-06 09:11:12,P-101,LOW,CLEARED,RUNNING,INVALID_NUMERIC_VALUE,STATE
7811,2026-09-10 23:48:41,P-102,NORMAL,LOW,RUNNING,CLEARED,2026-09-10 23:48:41,P-102,LOW,CLEARED,RUNNING,INVALID_NUMERIC_VALUE,STATE
7812,2026-09-07 19:02:43,P-101,NORMAL,LOW,RUNNING,CLEARED,2026-09-07 19:02:43,P-101,LOW,CLEARED,RUNNING,INVALID_NUMERIC_VALUE,STATE
7820,2026-09-18 01:59:27,P-101,NORMAL,LOW,RUNNING,CLEARED,2026-09-18 01:59:27,P-101,LOW,CLEARED,RUNNING,INVALID_NUMERIC_VALUE,STATE
7825,2026-09-24 16:22:36,P-101,NORMAL,LOW,RUNNING,CLEARED,2026-09-24 16:22:36,P-101,LOW,CLEARED,RUNNING,INVALID_NUMERIC_VALUE,STATE
7829,2026-09-13 15:49:59,P-101,NORMAL,LOW,RUNNING,CLEARED,2026-09-13 15:49:59,P-101,LOW,CLEARED,RUNNING,INVALID_NUMERIC_VALUE,STATE
7830,2026-09-11 01:24:46,P-101,NORMAL,LOW,RUNNING,CLEARED,2026-09-11 01:24:46,P-101,LOW,CLEARED,RUNNING,INVALID_NUMERIC_VALUE,STATE
7839,2026-09-15 15:34:54,P-101,NORMAL,LOW,RUNNING,CLEARED,2026-09-15 15:34:54,P-101,LOW,CLEARED,RUNNING,INVALID_NUMERIC_VALUE,STATE
7844,2026-09-12 21:17:12,P-101,NORMAL,LOW,RUNNING,CLEARED,2026-09-12 21:17:12,P-101,LOW,CLEARED,RUNNING,INVALID_NUMERIC_VALUE,STATE
7845,2026-09-19 11:55:37,TT-101,NORMAL,LOW,65.27,,2026-09-19 11:55:37,TT_101,LOW,,65.27,INVALID_STATUS,NUMERIC
7849,2026-09-03 21:06:40,P-101,NORMAL,LOW,STOPPED,CLEARED,2026-09-03 21:06:40,P-101,LOW,CLEARED,STOPPED,INVALID_NUMERIC_VALUE,STATE
7855,2026-09-03 14:41:58,P-101,NORMAL,LOW,STOPPED,CLEARED,2026-09-03 14:41:58,P-101,LOW,CLEARED,STOPPED,INVALID_NUMERIC_VALUE,STATE
7856,2026-09-09 16:56:32,P-101,NORMAL,LOW,RUNNING,CLEARED,2026-09-09 16:56:32,P-101,LOW,CLEARED,RUNNING,INVALID_NUMERIC_VALUE,STATE
7864,2026-09-17 22:59:46,P-101,NORMAL,LOW,RUNNING,CLEARED,2026-09-17 22:59:46,P-101,LOW,CLEARED,RUNNING,INVALID_NUMERIC_VALUE,STATE
7873,2026-09-09 18:13:02,P-101,NORMAL,LOW,RUNNING,CLEARED,2026-09-09 18:13:02,P-101,LOW,CLEARED,RUNNING,INVALID_NUMERIC_VALUE,STATE
7876,2026-09-12 23:57:53,P-101,NORMAL,LOW,STOPPED,CLEARED,2026-09-12 23:57:53,P-101,LOW,CLEARED,STOPPED,INVALID_NUMERIC_VALUE,STATE
7882,2026-09-02 19:18:25,FT-101,NORMAL,POTATO,,CLEARED,02/09/2026 19:18:25,FT-101,potato,CLEARED,ERROR,INVALID_SEVERITY;MISSING_VALUE,NULL
7886,2026-09-14 05:52:35,P-101,NORMAL,LOW,STOPPED,CLEARED,2026-09-14 05:52:35,P-101,LOW,CLEARED,STOPPED,INVALID_NUMERIC_VALUE,STATE
7892,2026-09-22 15:13:04,P-102,NORMAL,LOW,RUNNING,CLEARED,2026-09-22 15:13:04,P-102,LOW,CLEARED,RUNNING,INVALID_NUMERIC_VALUE,STATE
7901,2026-09-10 02:19:38,P-101,NORMAL,LOW,RUNNING,CLEARED,2026-09-10 02:19:38,P-101,LOW,CLEARED,RUNNING,INVALID_NUMERIC_VALUE,STATE
7902,2026-09-20 06:06:35,P-101,NORMAL,LOW,RUNNING,CLEARED,2026-09-20 06:06:35,P-101,LOW,CLEARED,RUNNING,INVALID_NUMERIC_VALUE,STATE
7908,2026-09-16 08:25:00,P-101,NORMAL,LOW,STOPPED,CLEARED,2026-09-16 08:25:00,P-101,LOW,CLEARED,STOPPED,INVALID_NUMERIC_VALUE,STATE
7911,2026-09-24 07:41:38,P-102,NORMAL,LOW,RUNNING,CLEARED,2026-09-24 07:41:38,P-102,LOW,CLEARED,RUNNING,INVALID_NUMERIC_VALUE,STATE
7919,2026-09-02 21:45:38,P-101,NORMAL,LOW,RUNNING,CLEARED,2026-09-02 21:45:38,P-101,LOW,CLEARED,RUNNING,INVALID_NUMERIC_VALUE,STATE
7928,2026-09-13 06:05:27,P-101,NORMAL,LOW,STOPPED,CLEARED,2026-09-13 06:05:27,P-101,LOW,CLEARED,STOPPED,INVALID_NUMERIC_VALUE,STATE
7929,2026-09-11 21:31:29,P-101,NORMAL,LOW,STOPPED,CLEARED,2026-09-11 21:31:29,P-101,LOW,CLEARED,STOPPED,INVALID_NUMERIC_VALUE,STATE
7932,2026-09-20 12:13:12,P-101,NORMAL,LOW,RUNNING,CLEARED,2026-09-20 12:13:12,P-101,LOW,CLEARED,RUNNING,INVALID_NUMERIC_VALUE,STATE
7934,2026-09-27 03:39:40,P-101,NORMAL,LOW,STOPPED,CLEARED,2026-09-27 03:39:40,P-101,LOW,CLEARED,STOPPED,INVALID_NUMERIC_VALUE,STATE
7937,2026-09-08 11:50:37,PT-101,NORMAL,UNKNOWN,,CLEARED,2026-09-08 11:50:37,PT-101,UNKNOWN,CLEARED,,INVALID_SEVERITY;MISSING_VALUE,NULL
7938,2026-09-15 04:37:06,P-102,NORMAL,LOW,RUNNING,CLEARED,2026-09-15 04:37:06,P-102,LOW,CLEARED,RUNNING,INVALID_NUMERIC_VALUE,STATE
7941,2026-09-06 21:06:50,P-101,NORMAL,LOW,RUNNING,CLEARED,2026-09-06 21:06:50,P-101,LOW,CLEARED,RUNNING,INVALID_NUMERIC_VALUE,STATE
7946,2026-09-07 03:15:51,P-101,NORMAL,LOW,RUNNING,CLEARED,2026-09-07 03:15:51,P-101,LOW,CLEARED,RUNNING,INVALID_NUMERIC_VALUE,STATE
7950,2026-09-11 18:44:54,P-101,NORMAL,LOW,RUNNING,CLEARED,2026-09-11 18:44:54,P-101,LOW,CLEARED,RUNNING,INVALID_NUMERIC_VALUE,STATE
7953,2026-09-06 04:33:55,P-101,NORMAL,LOW,STOPPED,CLEARED,2026-09-06 04:33:55,P-101,LOW,CLEARED,STOPPED,INVALID_NUMERIC_VALUE,STATE
7955,2026-09-25 10:28:28,P-101,NORMAL,LOW,RUNNING,CLEARED,2026-09-25 10:28:28,P-101,LOW,CLEARED,RUNNING,INVALID_NUMERIC_VALUE,STATE
7956,2026-09-11 16:40:10,P-102,NORMAL,LOW,RUNNING,CLEARED,2026-09-11 16:40:10,P-102,LOW,CLEARED,RUNNING,INVALID_NUMERIC_VALUE,STATE
7960,2026-09-08 23:51:06,P-101,NORMAL,LOW,STOPPED,CLEARED,2026-09-08 23:51:06,P-101,low,cleared,STOPPED,INVALID_NUMERIC_VALUE,STATE
7962,2026-09-03 04:31:32,P-102,NORMAL,LOW,RUNNING,CLEARED,2026-09-03 04:31:32,P-102,LOW,CLEARED,RUNNING,INVALID_NUMERIC_VALUE,STATE
7964,2026-09-21 14:48:30,P-101,NORMAL,LOW,STOPPED,CLEARED,2026-09-21 14:48:30,P-101,LOW,CLEARED,STOPPED,INVALID_NUMERIC_VALUE,STATE
7970,2026-09-19 15:47:51,P-102,NORMAL,LOW,RUNNING,CLEARED,2026-09-19 15:47:51,P-102,LOW,CLEARED,RUNNING,INVALID_NUMERIC_VALUE,STATE
7973,2026-09-28 17:07:05,P-102,NORMAL,LOW,RUNNING,CLEARED,2026-09-28 17:07:05,P-102,LOW,CLEARED,RUNNING,INVALID_NUMERIC_VALUE,STATE
7982,2026-09-14 02:52:35,P-101,NORMAL,LOW,RUNNING,CLEARED,2026/09/14 02:52:35,P-101,LOW,CLEARED,RUNNING,INVALID_NUMERIC_VALUE,STATE
7985,2026-09-24 21:26:34,P-101,NORMAL,LOW,STOPPED,CLEARED,2026-09-24 21:26:34,P-101,LOW,CLEARED,STOPPED,INVALID_NUMERIC_VALUE,STATE
7986,2026-09-01 07:58:45,LT-101,NORMAL,UNKNOWN,50.98,CLEARED,2026-09-01 07:58:45,LT-101,UNKNOWN,CLEARED,50.98,INVALID_SEVERITY,NUMERIC
7991,2026-09-23 07:42:18,P-101,NORMAL,LOW,RUNNING,CLEARED,2026-09-23 07:42:18,P-101,LOW,CLEARED,RUNNING,INVALID_NUMERIC_VALUE,STATE
7994,2026-09-28 23:17:26,P-101,NORMAL,LOW,STOPPED,CLEARED,2026-09-28 23:17:26,P-101,LOW,CLEARED,STOPPED,INVALID_NUMERIC_VALUE,STATE
8002,2026-09-17 00:52:01,P-101,NORMAL,LOW,RUNNING,CLEARED,2026-09-17 00:52:01,P-101,LOW,CLEARED,RUNNING,INVALID_NUMERIC_VALUE,STATE
8003,2026-09-06 22:55:27,P-102,NORMAL,LOW,RUNNING,CLEARED,2026-09-06 22:55:27,P-102,LOW,CLEARED,RUNNING,INVALID_NUMERIC_VALUE,STATE
8008,2026-09-09 02:00:14,P-101,NORMAL,LOW,STOPPED,CLEARED,2026-09-09 02:00:14,P-101,LOW,CLEARED,STOPPED,INVALID_NUMERIC_VALUE,STATE
8010,2026-09-11 04:05:44,P-101,NORMAL,LOW,STOPPED,CLEARED,2026-09-11 04:05:44,P-101,LOW,CLEARED,STOPPED,INVALID_NUMERIC_VALUE,STATE
8016,2026-09-17 20:00:15,P-102,NORMAL,LOW,RUNNING,CLEARED,2026-09-17 20:00:15,P-102,LOW,CLEARED,RUNNING,INVALID_NUMERIC_VALUE,STATE
8018,,PT-101,NORMAL,LOW,4.6,CLEARED,not-a-date,PT-101,LOW,CLEARED,4.6,INVALID_TIMESTAMP,NUMERIC
8030,2026-09-16 17:48:56,P-102,NORMAL,LOW,RUNNING,CLEARED,2026-09-16 17:48:56,P-102,LOW,CLEARED,RUNNING,INVALID_NUMERIC_VALUE,STATE
8033,2026-09-05 02:52:37,P-101,NORMAL,LOW,STOPPED,CLEARED,2026-09-05 02:52:37,P-101,LOW,CLEARED,STOPPED,INVALID_NUMERIC_VALUE,STATE
8039,2026-09-24 14:51:14,P-102,NORMAL,LOW,RUNNING,CLEARED,2026-09-24 14:51:14,P-102,LOW,CLEARED,RUNNING,INVALID_NUMERIC_VALUE,STATE
8042,2026-09-02 12:18:42,PT-101,NORMAL,LOW,4.03,UNKNOWN,2026-09-02 12:18:42,PT-101,low,UNKNOWN,4.03,INVALID_STATUS,NUMERIC
8060,2026-09-19 23:38:29,P-102,NORMAL,LOW,STOPPED,CLEARED,2026-09-19 23:38:29,P-102,LOW,CLEARED,STOPPED,INVALID_NUMERIC_VALUE,STATE
8072,2026-09-28 00:22:14,P-101,NORMAL,LOW,RUNNING,CLEARED,2026-09-28 00:22:14,P-101,LOW,CLEARED,RUNNING,INVALID_NUMERIC_VALUE,STATE
8078,2026-09-23 11:09:53,P-101,NORMAL,LOW,RUNNING,CLEARED,2026-09-23 11:09:53,P-101,LOW,CLEARED,RUNNING,INVALID_NUMERIC_VALUE,STATE
8085,2026-09-26 06:46:47,P-101,NORMAL,LOW,RUNNING,CLEARED,2026-09-26 06:46:47,P-101,LOW,CLEARED,RUNNING,INVALID_NUMERIC_VALUE,STATE
8092,2026-09-02 07:46:31,P-101,NORMAL,LOW,RUNNING,CLEARED,2026-09-02 07:46:31,P-101,LOW,CLEARED,RUNNING,INVALID_NUMERIC_VALUE,STATE
8094,2026-09-27 20:48:40,P-101,NORMAL,LOW,STOPPED,CLEARED,2026-09-27 20:48:40,P-101,LOW,CLEARED,STOPPED,INVALID_NUMERIC_VALUE,STATE
8107,2026-09-30 06:41:19,P-102,NORMAL,LOW,RUNNING,CLEARED,2026-09-30 06:41:19,P-102,LOW,CLEARED,RUNNING,INVALID_NUMERIC_VALUE,STATE
8109,2026-09-05 12:17:00,P-102,NORMAL,LOW,STOPPED,CLEARED,2026-09-05 12:17:00,P-102,LOW,CLEARED,STOPPED,INVALID_NUMERIC_VALUE,STATE
8119,2026-09-04 04:47:34,P-101,NORMAL,LOW,RUNNING,CLEARED,2026-09-04 04:47:34,P-101,LOW,CLEARED,RUNNING,INVALID_NUMERIC_VALUE,STATE
8120,2026-09-03 00:54:04,P-101,NORMAL,LOW,RUNNING,CLEARED,2026-09-03 00:54:04,P-101,LOW,CLEARED,RUNNING,INVALID_NUMERIC_VALUE,STATE
8121,2026-09-21 14:05:57,P-101,NORMAL,LOW,RUNNING,CLEARED,2026-09-21 14:05:57,P-101,LOW,CLEARED,RUNNING,INVALID_NUMERIC_VALUE,STATE
8125,2026-09-20 23:14:38,FT-101,NORMAL,UNKNOWN,30.64,CLEARED,2026-09-20 23:14:38,FT-101,UNKNOWN,CLEARED,30.64,INVALID_SEVERITY,NUMERIC
8145,2026-09-27 06:34:59,P-102,NORMAL,LOW,RUNNING,CLEARED,2026-09-27 06:34:59,P-102,LOW,CLEARED,RUNNING,INVALID_NUMERIC_VALUE,STATE
8154,2026-09-13 23:54:00,P-102,NORMAL,LOW,RUNNING,CLEARED,2026-09-13 23:54:00,P-102,LOW,CLEARED,RUNNING,INVALID_NUMERIC_VALUE,STATE
8162,2026-09-02 05:46:53,P-101,NORMAL,LOW,RUNNING,CLEARED,2026-09-02 05:46:53,P-101,LOW,CLEARED,RUNNING,INVALID_NUMERIC_VALUE,STATE
8163,2026-09-30 00:29:26,P-101,NORMAL,LOW,RUNNING,CLEARED,2026-09-30 00:29:26,P-101,Low,CLEARED,RUNNING,INVALID_NUMERIC_VALUE,STATE
8165,2026-09-03 05:04:52,P-102,NORMAL,LOW,RUNNING,CLEARED,2026-09-03 05:04:52,P-102,LOW,CLEARED,RUNNING,INVALID_NUMERIC_VALUE,STATE
8167,2026-09-07 22:21:00,P-101,NORMAL,LOW,RUNNING,CLEARED,2026-09-07 22:21:00,P-101,LOW,CLEARED,RUNNING,INVALID_NUMERIC_VALUE,STATE
8170,2026-09-26 12:15:34,P-102,NORMAL,LOW,RUNNING,CLEARED,2026-09-26 12:15:34,P-102,LOW,CLEARED,RUNNING,INVALID_NUMERIC_VALUE,STATE
8171,2026-09-08 21:14:35,P-101,NORMAL,LOW,RUNNING,CLEARED,2026-09-08 21:14:35,P-101,LOW,CLEARED,RUNNING,INVALID_NUMERIC_VALUE,STATE
8173,2026-09-11 02:06:41,P-101,NORMAL,LOW,RUNNING,CLEARED,2026-09-11 02:06:41,P-101,LOW,CLEARED,RUNNING,INVALID_NUMERIC_VALUE,STATE
8174,2026-09-15 00:10:18,P-101,NORMAL,LOW,STOPPED,CLEARED,2026-09-15 00:10:18,P-101,LOW,CLEARED,STOPPED,INVALID_NUMERIC_VALUE,STATE
8178,2026-09-28 00:23:53,P-101,NORMAL,LOW,STOPPED,CLEARED,2026-09-28 00:23:53,P-101,LOW,CLEARED,STOPPED,INVALID_NUMERIC_VALUE,STATE
8184,2026-09-13 14:54:57,P-102,NORMAL,LOW,STOPPED,CLEARED,2026-09-13 14:54:57,P-102,LOW,CLEARED,STOPPED,INVALID_NUMERIC_VALUE,STATE
8204,2026-09-13 11:06:13,P-102,NORMAL,LOW,STOPPED,CLEARED,2026-09-13 11:06:13,P-102,LOW,CLEARED,STOPPED,INVALID_NUMERIC_VALUE,STATE
8210,2026-09-19 09:35:19,P-102,NORMAL,LOW,RUNNING,CLEARED,2026-09-19 09:35:19,P-102,LOW,CLEARED,RUNNING,INVALID_NUMERIC_VALUE,STATE
8211,2026-09-23 18:40:11,P-101,NORMAL,LOW,RUNNING,CLEARED,2026-09-23 18:40:11,P-101,LOW,CLEARED,RUNNING,INVALID_NUMERIC_VALUE,STATE
8226,2026-09-21 10:22:13,P-102,NORMAL,LOW,RUNNING,CLEARED,2026-09-21 10:22:13,P-102,LOW,CLEARED,RUNNING,INVALID_NUMERIC_VALUE,STATE
8235,2026-09-16 18:12:38,P-102,NORMAL,LOW,STOPPED,CLEARED,2026-09-16 18:12:38,P-102,LOW,CLEARED,STOPPED,INVALID_NUMERIC_VALUE,STATE
8237,2026-09-07 03:08:43,P-102,NORMAL,LOW,RUNNING,CLEARED,2026-09-07 03:08:43,P-102,LOW,CLEARED,RUNNING,INVALID_NUMERIC_VALUE,STATE
8240,2026-09-30 02:07:55,LT-101,NORMAL,LOW,41.05,,2026-09-30 02:07:55,LT 101,LOW,,41.05,INVALID_STATUS,NUMERIC
8242,2026-09-26 23:12:58,P-101,NORMAL,LOW,RUNNING,CLEARED,2026-09-26 23:12:58,P-101,LOW,CLEARED,RUNNING,INVALID_NUMERIC_VALUE,STATE
8252,2026-09-25 04:59:36,P-101,NORMAL,LOW,STOPPED,CLEARED,2026-09-25 04:59:36,P-101,LOW,CLEARED,STOPPED,INVALID_NUMERIC_VALUE,STATE
8264,2026-09-19 21:45:38,P-101,NORMAL,LOW,RUNNING,CLEARED,2026-09-19 21:45:38,P-101,LOW,CLEARED,RUNNING,INVALID_NUMERIC_VALUE,STATE
8272,2026-09-01 08:04:13,P-101,NORMAL,LOW,RUNNING,CLEARED,2026-09-01 08:04:13,P-101,LOW,CLEARED,RUNNING,INVALID_NUMERIC_VALUE,STATE
8275,2026-09-03 07:43:38,P-101,NORMAL,LOW,RUNNING,CLEARED,2026-09-03 07:43:38,P-101,LOW,CLEARED,RUNNING,INVALID_NUMERIC_VALUE,STATE
8278,2026-09-24 06:52:48,P-101,NORMAL,LOW,RUNNING,CLEARED,2026-09-24 06:52:48,P-101,LOW,CLEARED,RUNNING,INVALID_NUMERIC_VALUE,STATE
8279,2026-09-20 23:26:35,P-101,NORMAL,LOW,RUNNING,CLEARED,2026-09-20 23:26:35,P-101,LOW,CLEARED,RUNNING,INVALID_NUMERIC_VALUE,STATE
8283,2026-09-05 15:38:38,P-101,NORMAL,LOW,RUNNING,CLEARED,2026-09-05 15:38:38,P-101,LOW,CLEARED,RUNNING,INVALID_NUMERIC_VALUE,STATE
8288,2026-09-02 06:38:32,P-101,NORMAL,LOW,RUNNING,CLEARED,2026-09-02 06:38:32,P-101,LOW,CLEARED,RUNNING,INVALID_NUMERIC_VALUE,STATE
8293,2026-09-21 01:54:07,P-101,NORMAL,LOW,STOPPED,CLEARED,2026-09-21 01:54:07,P-101,LOW,CLEARED,STOPPED,INVALID_NUMERIC_VALUE,STATE
8294,2026-09-25 07:05:32,P-101,NORMAL,LOW,RUNNING,CLEARED,2026-09-25 07:05:32,P-101,LOW,CLEARED,RUNNING,INVALID_NUMERIC_VALUE,STATE
8295,2026-09-08 16:43:52,P-101,NORMAL,LOW,RUNNING,CLEARED,2026-09-08 16:43:52,P-101,LOW,CLEARED,RUNNING,INVALID_NUMERIC_VALUE,STATE
8296,2026-09-18 20:38:45,P-101,NORMAL,LOW,RUNNING,CLEARED,2026-09-18 20:38:45,P-101,LOW,CLEARED,RUNNING,INVALID_NUMERIC_VALUE,STATE
8306,2026-09-19 08:49:38,P-102,NORMAL,LOW,RUNNING,CLEARED,2026-09-19 08:49:38,P-102,LOW,CLEARED,RUNNING,INVALID_NUMERIC_VALUE,STATE
8309,2026-09-15 22:10:47,P-102,NORMAL,LOW,RUNNING,CLEARED,2026-09-15 22:10:47,P-102,LOW,CLEARED,RUNNING,INVALID_NUMERIC_VALUE,STATE
8311,2026-09-09 14:32:26,P-101,NORMAL,LOW,RUNNING,UNKNOWN,2026-09-09 14:32:26,P-101,low,UNKNOWN,RUNNING,INVALID_STATUS;INVALID_NUMERIC_VALUE,STATE
8313,2026-09-19 22:33:46,P-101,NORMAL,LOW,RUNNING,CLEARED,2026-09-19 22:33:46,P-101,LOW,CLEARED,RUNNING,INVALID_NUMERIC_VALUE,STATE
8324,2026-09-27 15:33:26,P-101,NORMAL,LOW,RUNNING,CLEARED,2026-09-27 15:33:26,P-101,LOW,CLEARED,RUNNING,INVALID_NUMERIC_VALUE,STATE
8325,2026-09-27 01:31:15,P-101,NORMAL,LOW,RUNNING,CLEARED,2026-09-27 01:31:15,P-101,LOW,CLEARED,RUNNING,INVALID_NUMERIC_VALUE,STATE
8336,2026-09-11 01:20:14,P-102,NORMAL,LOW,STOPPED,CLEARED,2026-09-11 01:20:14,P-102,LOW,CLEARED,STOPPED,INVALID_NUMERIC_VALUE,STATE
8352,2026-09-01 20:54:43,P-102,NORMAL,LOW,STOPPED,CLEARED,2026-09-01 20:54:43,P-102,LOW,CLEARED,STOPPED,INVALID_NUMERIC_VALUE,STATE
8353,2026-09-27 13:03:01,P-102,NORMAL,LOW,RUNNING,CLEARED,2026-09-27 13:03:01,P-102,LOW,CLEARED,RUNNING,INVALID_NUMERIC_VALUE,STATE
8371,2026-09-07 21:23:48,FT-101,NORMAL,LOW,34.5,,2026-09-07 21:23:48,FT-101,LOW,,34.5,INVALID_STATUS,NUMERIC
8376,2026-09-06 17:13:19,P-102,NORMAL,LOW,RUNNING,CLEARED,2026-09-06 17:13:19,P-102,LOW,CLEARED,RUNNING,INVALID_NUMERIC_VALUE,STATE
8378,2026-09-28 15:51:56,P-101,NORMAL,LOW,RUNNING,,2026-09-28 15:51:56,P-101,LOW,,RUNNING,INVALID_STATUS;INVALID_NUMERIC_VALUE,STATE
8380,2026-09-16 03:42:40,P-101,NORMAL,LOW,RUNNING,CLEARED,2026-09-16 03:42:40,P-101,LOW,CLEARED,RUNNING,INVALID_NUMERIC_VALUE,STATE
8383,2026-09-17 19:34:51,P-102,NORMAL,LOW,STOPPED,CLEARED,2026-09-17 19:34:51,P-102,LOW,CLEARED,STOPPED,INVALID_NUMERIC_VALUE,STATE
8384,2026-09-06 10:24:38,P-102,NORMAL,LOW,RUNNING,CLEARED,2026-09-06 10:24:38,P-102,LOW,CLEARED,RUNNING,INVALID_NUMERIC_VALUE,STATE
8388,2026-09-18 16:24:38,P-101,NORMAL,LOW,RUNNING,CLEARED,2026-09-18 16:24:38,P-101,LOW,CLEARED,RUNNING,INVALID_NUMERIC_VALUE,STATE
8389,2026-09-09 09:56:59,P-101,NORMAL,LOW,STOPPED,CLEARED,2026-09-09 09:56:59,P-101,LOW,CLEARED,STOPPED,INVALID_NUMERIC_VALUE,STATE
8391,2026-09-12 00:03:13,P-101,NORMAL,LOW,RUNNING,CLEARED,2026-09-12 00:03:13,P-101,LOW,CLEARED,RUNNING,INVALID_NUMERIC_VALUE,STATE
8392,2026-09-04 16:12:48,P-101,NORMAL,LOW,STOPPED,CLEARED,2026-09-04 16:12:48,P-101,LOW,CLEARED,STOPPED,INVALID_NUMERIC_VALUE,STATE
8398,2026-09-12 14:50:36,P-102,NORMAL,LOW,RUNNING,CLEARED,2026-09-12 14:50:36,P-102,LOW,CLEARED,RUNNING,INVALID_NUMERIC_VALUE,STATE
8416,2026-09-07 23:38:42,TT-101,NORMAL,UNKNOWN,74.04,CLEARED,2026-09-07 23:38:42,TT-101,UNKNOWN,CLEARED,74.04,INVALID_SEVERITY,NUMERIC
8426,2026-09-30 13:18:28,PT-101,NORMAL,UNKNOWN,4.2,CLEARED,2026-09-30 13:18:28,PT-101,UNKNOWN,CLEARED,4.2,INVALID_SEVERITY,NUMERIC
8436,2026-09-13 21:59:15,P-101,NORMAL,LOW,RUNNING,CLEARED,2026-09-13 21:59:15,P-101,LOW,CLEARED,RUNNING,INVALID_NUMERIC_VALUE,STATE
8438,2026-09-01 14:59:13,P-101,NORMAL,LOW,RUNNING,CLEARED,2026-09-01 14:59:13,P-101,LOW,CLEARED,RUNNING,INVALID_NUMERIC_VALUE,STATE
8442,2026-09-23 14:05:52,P-101,NORMAL,LOW,RUNNING,CLEARED,2026-09-23 14:05:52,P-101,LOW,CLEARED,RUNNING,INVALID_NUMERIC_VALUE,STATE
8450,2026-09-10 12:07:22,P-101,NORMAL,LOW,STOPPED,CLEARED,2026-09-10 12:07:22,P-101,LOW,CLEARED,STOPPED,INVALID_NUMERIC_VALUE,STATE
8456,2026-09-12 01:37:18,P-101,NORMAL,LOW,STOPPED,CLEARED,2026-09-12 01:37:18,P-101,LOW,CLEARED,STOPPED,INVALID_NUMERIC_VALUE,STATE
8460,2026-09-26 13:19:56,P-102,NORMAL,LOW,STOPPED,CLEARED,2026-09-26 13:19:56,P-102,LOW,CLEARED,STOPPED,INVALID_NUMERIC_VALUE,STATE
8462,2026-09-17 14:32:17,P-102,NORMAL,LOW,STOPPED,CLEARED,2026-09-17 14:32:17,P-102,LOW,CLEARED,STOPPED,INVALID_NUMERIC_VALUE,STATE
8469,2026-09-12 16:42:05,P-101,NORMAL,LOW,RUNNING,CLEARED,2026-09-12 16:42:05,P-101,LOW,CLEARED,RUNNING,INVALID_NUMERIC_VALUE,STATE
8475,2026-09-21 15:41:23,P-102,NORMAL,LOW,RUNNING,CLEARED,2026-09-21 15:41:23,P-102,LOW,CLEARED,RUNNING,INVALID_NUMERIC_VALUE,STATE
8478,2026-09-22 07:43:34,P-101,NORMAL,LOW,RUNNING,CLEARED,2026-09-22 07:43:34,P-101,LOW,CLEARED,RUNNING,INVALID_NUMERIC_VALUE,STATE
8483,2026-09-29 04:25:33,P-102,NORMAL,LOW,RUNNING,CLEARED,2026-09-29 04:25:33,P-102,LOW,CLEARED,RUNNING,INVALID_NUMERIC_VALUE,STATE
8489,2026-09-16 19:16:38,P-101,NORMAL,LOW,RUNNING,CLEARED,2026-09-16 19:16:38,P-101,LOW,CLEARED,RUNNING,INVALID_NUMERIC_VALUE,STATE
8491,2026-09-02 10:12:09,P-101,NORMAL,LOW,RUNNING,CLEARED,2026-09-02 10:12:09,P-101,LOW,CLEARED,RUNNING,INVALID_NUMERIC_VALUE,STATE
8498,2026-09-30 12:51:24,FT-101,NORMAL,LOW,38.43,,2026-09-30 12:51:24,FT-101,LOW,,38.43,INVALID_STATUS,NUMERIC
8499,2026-09-02 10:56:17,P-101,NORMAL,LOW,RUNNING,CLEARED,2026-09-02 10:56:17,P-101,LOW,CLEARED,RUNNING,INVALID_NUMERIC_VALUE,STATE
8501,2026-09-20 23:38:19,P-101,NORMAL,LOW,STOPPED,CLEARED,2026-09-20 23:38:19,P-101,LOW,CLEARED,STOPPED,INVALID_NUMERIC_VALUE,STATE
8503,2026-09-17 04:19:50,P-101,NORMAL,LOW,RUNNING,CLEARED,2026-09-17 04:19:50,P-101,LOW,CLEARED,RUNNING,INVALID_NUMERIC_VALUE,STATE
8509,2026-09-16 11:38:46,P-102,NORMAL,LOW,STOPPED,CLEARED,2026-09-16 11:38:46,P-102,LOW,CLEARED,STOPPED,INVALID_NUMERIC_VALUE,STATE
8525,2026-09-12 16:24:50,P-102,NORMAL,LOW,RUNNING,CLEARED,2026-09-12 16:24:50,P-102,LOW,CLEARED,RUNNING,INVALID_NUMERIC_VALUE,STATE
8527,2026-09-30 10:10:05,P-102,NORMAL,LOW,STOPPED,CLEARED,2026-09-30 10:10:05,P-102,LOW,CLEARED,STOPPED,INVALID_NUMERIC_VALUE,STATE
8536,2026-09-30 16:12:39,P-102,NORMAL,LOW,STOPPED,CLEARED,2026-09-30 16:12:39,P-102,LOW,CLEARED,STOPPED,INVALID_NUMERIC_VALUE,STATE
8540,2026-09-11 07:48:54,P-102,NORMAL,LOW,STOPPED,CLEARED,2026-09-11 07:48:54,P-102,LOW,CLEARED,STOPPED,INVALID_NUMERIC_VALUE,STATE
8550,2026-09-22 09:36:05,P-102,NORMAL,LOW,RUNNING,CLEARED,2026-09-22 09:36:05,P-102,LOW,CLEARED,RUNNING,INVALID_NUMERIC_VALUE,STATE
8559,2026-09-12 13:08:54,P-102,NORMAL,LOW,STOPPED,CLEARED,2026-09-12 13:08:54,P-102,LOW,CLEARED,STOPPED,INVALID_NUMERIC_VALUE,STATE
8560,2026-09-30 12:16:04,P-102,NORMAL,LOW,RUNNING,CLEARED,2026-09-30 12:16:04,P-102,LOW,CLEARED,RUNNING,INVALID_NUMERIC_VALUE,STATE
8563,2026-09-07 03:21:06,P-102,NORMAL,LOW,RUNNING,CLEARED,2026-09-07 03:21:06,P-102,low,CLEARED,RUNNING,INVALID_NUMERIC_VALUE,STATE
8569,,FT-101,NORMAL,LOW,33.06,CLEARED,,FT-101,LOW,CLEARED,33.06,INVALID_TIMESTAMP,NUMERIC
8570,2026-09-10 20:52:06,P-101,NORMAL,LOW,RUNNING,UNKNOWN,2026-09-10 20:52:06,P 101,low,UNKNOWN,RUNNING,INVALID_STATUS;INVALID_NUMERIC_VALUE,STATE
8572,2026-09-19 22:19:40,P-101,NORMAL,LOW,RUNNING,CLEARED,2026-09-19 22:19:40,P-101,LOW,CLEARED,RUNNING,INVALID_NUMERIC_VALUE,STATE
8576,2026-09-20 03:44:37,TT-101,NORMAL,POTATO,55.13,CLEARED,2026-09-20 03:44:37,TT-101,potato,CLEARED,55.13,INVALID_SEVERITY,NUMERIC
8579,2026-09-18 20:54:32,P-101,NORMAL,LOW,RUNNING,CLEARED,2026-09-18 20:54:32,P-101,LOW,CLEARED,RUNNING,INVALID_NUMERIC_VALUE,STATE
8580,2026-09-27 08:14:45,P-101,NORMAL,LOW,STOPPED,CLEARED,2026-09-27 08:14:45,P-101,LOW,CLEARED,STOPPED,INVALID_NUMERIC_VALUE,STATE
8583,2026-09-14 03:20:38,P-101,NORMAL,LOW,RUNNING,CLEARED,2026-09-14 03:20:38,P-101,LOW,CLEARED,RUNNING,INVALID_NUMERIC_VALUE,STATE
8590,2026-09-10 22:20:33,P-101,NORMAL,LOW,RUNNING,CLEARED,2026-09-10 22:20:33,P-101,LOW,CLEARED,RUNNING,INVALID_NUMERIC_VALUE,STATE
8591,2026-09-14 06:50:40,P-101,NORMAL,LOW,RUNNING,CLEARED,2026-09-14 06:50:40,P-101,LOW,CLEARED,RUNNING,INVALID_NUMERIC_VALUE,STATE
8592,,V-101,VALVE_FAILURE,HIGH,16.7,CLEARED,,V-101,HIGH,CLEARED,16.7,INVALID_TIMESTAMP,NUMERIC
8597,2026-09-26 05:27:53,LT-101,NORMAL,POTATO,66.27,CLEARED,2026-09-26 05:27:53,LT-101,potato,CLEARED,66.27,INVALID_SEVERITY,NUMERIC
8602,2026-09-30 11:04:17,P-102,NORMAL,LOW,RUNNING,CLEARED,2026-09-30 11:04:17,P-102,LOW,CLEARED,RUNNING,INVALID_NUMERIC_VALUE,STATE
8616,2026-09-18 05:28:57,P-102,NORMAL,LOW,RUNNING,CLEARED,2026-09-18 05:28:57,P-102,LOW,CLEARED,RUNNING,INVALID_NUMERIC_VALUE,STATE
8624,,LT-101,NORMAL,LOW,79.41,CLEARED,not-a-date,LT-101,LOW,CLEARED,79.41,INVALID_TIMESTAMP,NUMERIC
8635,2026-09-15 13:28:29,P-101,NORMAL,LOW,RUNNING,CLEARED,2026-09-15 13:28:29,P-101,LOW,CLEARED,RUNNING,INVALID_NUMERIC_VALUE,STATE
8644,2026-09-18 01:44:21,P-102,NORMAL,LOW,RUNNING,CLEARED,2026-09-18 01:44:21,P-102,LOW,CLEARED,RUNNING,INVALID_NUMERIC_VALUE,STATE
8645,2026-09-21 12:30:03,P-101,NORMAL,LOW,RUNNING,CLEARED,2026-09-21 12:30:03,P-101,LOW,CLEARED,RUNNING,INVALID_NUMERIC_VALUE,STATE
8646,2026-09-05 12:44:50,P-102,NORMAL,LOW,RUNNING,CLEARED,2026-09-05 12:44:50,P-102,LOW,CLEARED,RUNNING,INVALID_NUMERIC_VALUE,STATE
8647,2026-09-01 11:14:15,P-102,NORMAL,LOW,RUNNING,CLEARED,2026-09-01 11:14:15,P-102,LOW,CLEARED,RUNNING,INVALID_NUMERIC_VALUE,STATE
8652,2026-09-13 04:13:27,P-101,NORMAL,LOW,RUNNING,UNKNOWN,2026-09-13 04:13:27,P-101,LOW,UNKNOWN,RUNNING,INVALID_STATUS;INVALID_NUMERIC_VALUE,STATE
8654,2026-09-26 22:17:21,P-101,NORMAL,LOW,STOPPED,CLEARED,2026-09-26 22:17:21,P-101,LOW,CLEARED,STOPPED,INVALID_NUMERIC_VALUE,STATE
8661,2026-09-20 13:48:54,P-101,NORMAL,LOW,STOPPED,CLEARED,2026-09-20 13:48:54,P-101,LOW,CLEARED,STOPPED,INVALID_NUMERIC_VALUE,STATE
8668,2026-09-08 07:23:38,P-101,NORMAL,LOW,RUNNING,CLEARED,2026-09-08 07:23:38,P-101,LOW,CLEARED,RUNNING,INVALID_NUMERIC_VALUE,STATE
8670,2026-09-16 09:42:47,P-101,NORMAL,LOW,RUNNING,CLEARED,2026-09-16 09:42:47,P-101,LOW,CLEARED,RUNNING,INVALID_NUMERIC_VALUE,STATE
8676,2026-09-14 16:07:08,P-102,NORMAL,LOW,RUNNING,CLEARED,2026-09-14 16:07:08,P-102,LOW,CLEARED,RUNNING,INVALID_NUMERIC_VALUE,STATE
8679,2026-09-09 13:38:55,P-101,NORMAL,LOW,RUNNING,CLEARED,2026-09-09 13:38:55,P-101,LOW,CLEARED,RUNNING,INVALID_NUMERIC_VALUE,STATE
8689,2026-09-12 00:29:56,P-102,NORMAL,LOW,RUNNING,CLEARED,2026-09-12 00:29:56,P-102,LOW,CLEARED,RUNNING,INVALID_NUMERIC_VALUE,STATE
8693,2026-09-11 10:44:59,P-101,NORMAL,LOW,RUNNING,CLEARED,2026-09-11 10:44:59,P-101,LOW,CLEARED,RUNNING,INVALID_NUMERIC_VALUE,STATE
8701,2026-09-11 06:50:51,P-102,NORMAL,LOW,STOPPED,CLEARED,2026-09-11 06:50:51,P-102,LOW,CLEARED,STOPPED,INVALID_NUMERIC_VALUE,STATE
8707,2026-09-12 05:10:37,P-102,NORMAL,LOW,RUNNING,CLEARED,2026-09-12 05:10:37,P-102,LOW,CLEARED,RUNNING,INVALID_NUMERIC_VALUE,STATE
8708,2026-09-12 15:10:51,P-102,NORMAL,LOW,RUNNING,CLEARED,2026-09-12 15:10:51,P-102,LOW,CLEARED,RUNNING,INVALID_NUMERIC_VALUE,STATE
8709,2026-09-04 00:41:14,P-101,NORMAL,LOW,RUNNING,CLEARED,2026/09/04 00:41:14,P-101,LOW,CLEARED,RUNNING,INVALID_NUMERIC_VALUE,STATE
8726,2026-09-10 11:29:11,P-102,NORMAL,LOW,RUNNING,CLEARED,2026-09-10 11:29:11,P-102,LOW,CLEARED,RUNNING,INVALID_NUMERIC_VALUE,STATE
8732,2026-09-08 21:43:50,P-101,NORMAL,LOW,RUNNING,CLEARED,2026-09-08 21:43:50,P-101,LOW,CLEARED,RUNNING,INVALID_NUMERIC_VALUE,STATE
8739,2026-09-21 13:27:31,P-101,NORMAL,LOW,STOPPED,CLEARED,2026-09-21 13:27:31,P-101,LOW,CLEARED,STOPPED,INVALID_NUMERIC_VALUE,STATE
8740,2026-09-19 14:58:57,P-101,NORMAL,LOW,RUNNING,CLEARED,2026-09-19 14:58:57,P-101,LOW,CLEARED,RUNNING,INVALID_NUMERIC_VALUE,STATE
8741,2026-09-23 01:37:21,P-101,NORMAL,LOW,RUNNING,CLEARED,2026-09-23 01:37:21,P-101,LOW,Cleared,RUNNING,INVALID_NUMERIC_VALUE,STATE
8746,2026-09-22 08:41:27,P-101,NORMAL,LOW,RUNNING,CLEARED,2026-09-22 08:41:27,P-101,LOW,CLEARED,RUNNING,INVALID_NUMERIC_VALUE,STATE
8753,2026-09-23 05:14:04,P-101,NORMAL,UNKNOWN,RUNNING,CLEARED,2026-09-23 05:14:04,P-101,UNKNOWN,CLEARED,RUNNING,INVALID_SEVERITY;INVALID_NUMERIC_VALUE,STATE
8755,2026-09-24 12:13:19,P-101,NORMAL,LOW,RUNNING,CLEARED,2026-09-24 12:13:19,P-101,LOW,CLEARED,RUNNING,INVALID_NUMERIC_VALUE,STATE
8762,2026-09-05 03:14:34,P-101,NORMAL,LOW,RUNNING,CLEARED,2026-09-05 03:14:34,P-101,LOW,CLEARED,RUNNING,INVALID_NUMERIC_VALUE,STATE
8768,2026-09-16 22:34:00,P-102,NORMAL,LOW,RUNNING,CLEARED,2026-09-16 22:34:00,P-102,LOW,CLEARED,RUNNING,INVALID_NUMERIC_VALUE,STATE
8779,2026-09-30 12:59:33,P-101,NORMAL,LOW,RUNNING,CLEARED,2026-09-30 12:59:33,P-101,LOW,CLEARED,RUNNING,INVALID_NUMERIC_VALUE,STATE
8781,,LT-101,NORMAL,LOW,64.38,CLEARED,,LT-101,LOW,CLEARED,64.38,INVALID_TIMESTAMP,NUMERIC
8782,2026-09-29 19:03:43,P-101,NORMAL,LOW,RUNNING,CLEARED,2026-09-29 19:03:43,P-101,LOW,CLEARED,RUNNING,INVALID_NUMERIC_VALUE,STATE
8784,2026-09-17 03:55:53,P-101,NORMAL,LOW,RUNNING,CLEARED,2026-09-17 03:55:53,P-101,LOW,CLEARED,RUNNING,INVALID_NUMERIC_VALUE,STATE
8785,2026-09-20 08:06:44,P-102,NORMAL,LOW,STOPPED,CLEARED,2026-09-20 08:06:44,P-102,LOW,CLEARED,STOPPED,INVALID_NUMERIC_VALUE,STATE
8790,2026-09-03 15:07:19,P-102,NORMAL,LOW,RUNNING,CLEARED,2026-09-03 15:07:19,P-102,LOW,CLEARED,RUNNING,INVALID_NUMERIC_VALUE,STATE
8797,2026-09-07 19:00:33,P-101,NORMAL,LOW,RUNNING,CLEARED,2026-09-07 19:00:33,P-101,LOW,CLEARED,RUNNING,INVALID_NUMERIC_VALUE,STATE
8800,2026-09-08 17:07:05,LT-101,NORMAL,UNKNOWN,48.24,CLEARED,2026-09-08 17:07:05,LT 101,UNKNOWN,CLEARED,48.24,INVALID_SEVERITY,NUMERIC
8803,2026-09-26 04:29:34,LT-101,NORMAL,POTATO,,CLEARED,2026-09-26 04:29:34,LT-101,potato,CLEARED,ERROR,INVALID_SEVERITY;MISSING_VALUE,NULL
8808,2026-09-09 11:06:52,PT-101,NORMAL,,4.45,CLEARED,2026-09-09 11:06:52,PT-101,,CLEARED,4.45,INVALID_SEVERITY,NUMERIC
8815,2026-09-16 21:31:46,LT-101,NORMAL,UNKNOWN,66.89,CLEARED,2026-09-16 21:31:46,LT-101,UNKNOWN,CLEARED,66.89,INVALID_SEVERITY,NUMERIC
8818,2026-09-16 05:21:01,P-101,NORMAL,LOW,RUNNING,CLEARED,2026-09-16 05:21:01, P-101 ,LOW,CLEARED,RUNNING,INVALID_NUMERIC_VALUE,STATE
8823,2026-09-29 13:01:54,P-102,NORMAL,LOW,RUNNING,CLEARED,2026-09-29 13:01:54,P-102,LOW,CLEARED,RUNNING,INVALID_NUMERIC_VALUE,STATE
8824,2026-09-23 04:30:57,P-102,NORMAL,LOW,STOPPED,CLEARED,2026-09-23 04:30:57,P-102,LOW,CLEARED,STOPPED,INVALID_NUMERIC_VALUE,STATE
8829,2026-09-08 06:03:26,P-101,NORMAL,LOW,RUNNING,CLEARED,2026-09-08 06:03:26,P-101,LOW,CLEARED,RUNNING,INVALID_NUMERIC_VALUE,STATE
8831,2026-09-05 09:44:24,P-101,NORMAL,LOW,RUNNING,CLEARED,2026-09-05 09:44:24,P-101,LOW,CLEARED,RUNNING,INVALID_NUMERIC_VALUE,STATE
8832,2026-09-03 21:48:55,P-101,NORMAL,LOW,RUNNING,CLEARED,2026-09-03 21:48:55,P-101,LOW,CLEARED,RUNNING,INVALID_NUMERIC_VALUE,STATE
8833,2026-09-10 19:58:22,P-101,NORMAL,LOW,STOPPED,CLEARED,2026-09-10 19:58:22,P-101,LOW,CLEARED,STOPPED,INVALID_NUMERIC_VALUE,STATE
8834,2026-09-21 04:04:52,P-101,NORMAL,LOW,RUNNING,CLEARED,2026-09-21 04:04:52,P-101,LOW,CLEARED,RUNNING,INVALID_NUMERIC_VALUE,STATE
8837,2026-09-18 08:38:01,P-101,NORMAL,LOW,RUNNING,CLEARED,2026-09-18 08:38:01,P-101,Low,CLEARED,RUNNING,INVALID_NUMERIC_VALUE,STATE
8842,2026-09-07 20:45:54,P-101,NORMAL,LOW,RUNNING,CLEARED,2026-09-07 20:45:54,P-101,LOW,CLEARED,RUNNING,INVALID_NUMERIC_VALUE,STATE
8849,2026-09-09 09:13:28,P-101,NORMAL,LOW,RUNNING,CLEARED,2026-09-09 09:13:28,P-101,LOW,CLEARED,RUNNING,INVALID_NUMERIC_VALUE,STATE
8855,2026-09-16 05:17:59,P-101,NORMAL,LOW,RUNNING,CLEARED,2026-09-16 05:17:59,P-101,LOW,CLEARED,RUNNING,INVALID_NUMERIC_VALUE,STATE
8861,2026-09-24 04:52:26,P-101,NORMAL,LOW,RUNNING,CLEARED,2026-09-24 04:52:26,P-101,LOW,CLEARED,RUNNING,INVALID_NUMERIC_VALUE,STATE
8863,2026-09-25 00:18:47,P-101,NORMAL,LOW,STOPPED,CLEARED,2026-09-25 00:18:47,P-101,LOW,CLEARED,STOPPED,INVALID_NUMERIC_VALUE,STATE
8872,2026-09-06 23:29:38,P-101,NORMAL,LOW,RUNNING,CLEARED,2026-09-06 23:29:38,P-101,LOW,CLEARED,RUNNING,INVALID_NUMERIC_VALUE,STATE
8880,2026-09-15 02:35:09,P-102,NORMAL,LOW,RUNNING,CLEARED,2026-09-15 02:35:09,P-102,LOW,CLEARED,RUNNING,INVALID_NUMERIC_VALUE,STATE
8881,2026-09-09 02:57:33,P-101,NORMAL,LOW,STOPPED,CLEARED,2026-09-09 02:57:33,P-101,LOW,CLEARED,STOPPED,INVALID_NUMERIC_VALUE,STATE
8884,2026-09-18 16:20:55,P-101,NORMAL,LOW,RUNNING,CLEARED,2026-09-18 16:20:55,P-101,LOW,CLEARED,RUNNING,INVALID_NUMERIC_VALUE,STATE
8886,2026-09-10 20:28:49,P-102,NORMAL,LOW,RUNNING,CLEARED,2026-09-10 20:28:49,P-102,LOW,CLEARED,RUNNING,INVALID_NUMERIC_VALUE,STATE
8887,2026-09-26 04:16:11,P-101,NORMAL,LOW,RUNNING,CLEARED,2026-09-26 04:16:11,P-101,LOW,CLEARED,RUNNING,INVALID_NUMERIC_VALUE,STATE
8894,2026-09-26 13:42:12,P-101,NORMAL,LOW,STOPPED,CLEARED,2026-09-26 13:42:12,P-101,LOW,CLEARED,STOPPED,INVALID_NUMERIC_VALUE,STATE
8895,2026-09-25 18:25:17,P-101,NORMAL,LOW,RUNNING,CLEARED,2026-09-25 18:25:17,P-101,LOW,CLEARED,RUNNING,INVALID_NUMERIC_VALUE,STATE
8902,2026-09-09 05:08:53,P-101,NORMAL,LOW,RUNNING,CLEARED,2026-09-09 05:08:53,P-101,LOW,CLEARED,RUNNING,INVALID_NUMERIC_VALUE,STATE
8908,2026-09-22 03:42:54,P-101,NORMAL,LOW,RUNNING,CLEARED,2026-09-22 03:42:54,P-101,LOW,CLEARED,RUNNING,INVALID_NUMERIC_VALUE,STATE
8912,2026-09-25 08:00:48,P-101,NORMAL,LOW,RUNNING,CLEARED,2026-09-25 08:00:48,P-101,LOW,CLEARED,RUNNING,INVALID_NUMERIC_VALUE,STATE
8921,2026-09-28 05:55:05,P-101,NORMAL,LOW,STOPPED,CLEARED,2026-09-28 05:55:05,P-101,LOW,CLEARED,STOPPED,INVALID_NUMERIC_VALUE,STATE
8932,2026-09-17 09:23:06,P-102,NORMAL,LOW,STOPPED,CLEARED,2026-09-17 09:23:06,P-102,LOW,CLEARED,STOPPED,INVALID_NUMERIC_VALUE,STATE
8939,2026-09-01 23:16:22,P-101,NORMAL,LOW,STOPPED,CLEARED,2026-09-01 23:16:22,P-101,LOW,CLEARED,STOPPED,INVALID_NUMERIC_VALUE,STATE
8940,2026-09-04 04:28:18,P-102,NORMAL,LOW,RUNNING,CLEARED,2026-09-04 04:28:18,P-102,LOW,CLEARED,RUNNING,INVALID_NUMERIC_VALUE,STATE
8943,2026-09-04 04:37:09,FT-101,NORMAL,,33.33,CLEARED,2026-09-04 04:37:09,ft-101,,Cleared,33.33,INVALID_SEVERITY,NUMERIC
8946,2026-09-24 05:32:26,P-102,NORMAL,LOW,STOPPED,CLEARED,2026-09-24 05:32:26,P-102,LOW,CLEARED,STOPPED,INVALID_NUMERIC_VALUE,STATE
8948,2026-09-20 06:35:29,P-101,NORMAL,LOW,RUNNING,CLEARED,2026-09-20 06:35:29,P-101,LOW,CLEARED,RUNNING,INVALID_NUMERIC_VALUE,STATE
8956,2026-09-20 08:47:37,P-102,NORMAL,LOW,RUNNING,CLEARED,2026-09-20 08:47:37,P-102,LOW,CLEARED,RUNNING,INVALID_NUMERIC_VALUE,STATE
8957,2026-09-27 13:52:14,P-101,NORMAL,LOW,RUNNING,CLEARED,2026-09-27 13:52:14,P-101,LOW,CLEARED,RUNNING,INVALID_NUMERIC_VALUE,STATE
8964,2026-09-30 17:21:05,FT-101,NORMAL,UNKNOWN,25.46,CLEARED,2026-09-30 17:21:05,FT-101,UNKNOWN,CLEARED,25.46,INVALID_SEVERITY,NUMERIC
8968,2026-09-11 12:37:45,PT-101,NORMAL,LOW,5.25,,2026-09-11 12:37:45,pt-101,LOW,,5.25,INVALID_STATUS,NUMERIC
8973,2026-09-12 00:31:59,P-101,NORMAL,LOW,RUNNING,CLEARED,2026-09-12 00:31:59,P-101,LOW,CLEARED,RUNNING,INVALID_NUMERIC_VALUE,STATE
8982,2026-09-09 09:42:53,P-101,NORMAL,LOW,RUNNING,CLEARED,2026-09-09 09:42:53,P-101,LOW,CLEARED,RUNNING,INVALID_NUMERIC_VALUE,STATE
8985,2026-09-20 09:12:50,P-101,NORMAL,LOW,RUNNING,CLEARED,2026-09-20 09:12:50,P-101,LOW,CLEARED,RUNNING,INVALID_NUMERIC_VALUE,STATE
8992,2026-09-23 18:06:55,P-102,NORMAL,LOW,RUNNING,CLEARED,2026-09-23 18:06:55,P-102,LOW,Cleared,RUNNING,INVALID_NUMERIC_VALUE,STATE
9000,2026-09-01 11:32:57,P-101,NORMAL,LOW,STOPPED,CLEARED,2026-09-01 11:32:57,P-101,LOW,CLEARED,STOPPED,INVALID_NUMERIC_VALUE,STATE
9001,2026-09-18 10:14:11,P-102,NORMAL,LOW,STOPPED,CLEARED,2026-09-18 10:14:11,P-102,LOW,CLEARED,STOPPED,INVALID_NUMERIC_VALUE,STATE
9002,2026-09-08 12:47:25,P-101,NORMAL,POTATO,RUNNING,CLEARED,2026-09-08 12:47:25,P-101,potato,CLEARED,RUNNING,INVALID_SEVERITY;INVALID_NUMERIC_VALUE,STATE
9027,2026-09-03 01:59:40,P-101,NORMAL,LOW,RUNNING,CLEARED,2026-09-03 01:59:40,P-101,LOW,CLEARED,RUNNING,INVALID_NUMERIC_VALUE,STATE
9037,2026-09-25 09:14:00,PT-101,NORMAL,LOW,5.67,UNKNOWN,25-09-2026 09:14,PT-101,LOW,UNKNOWN,5.67,INVALID_STATUS,NUMERIC
9039,2026-09-13 17:37:30,P-101,NORMAL,LOW,RUNNING,CLEARED,2026-09-13 17:37:30,P-101,LOW,CLEARED,RUNNING,INVALID_NUMERIC_VALUE,STATE
9043,2026-09-30 17:07:18,P-101,NORMAL,LOW,RUNNING,CLEARED,2026-09-30 17:07:18,P-101,LOW,CLEARED,RUNNING,INVALID_NUMERIC_VALUE,STATE
9045,2026-09-25 07:09:46,P-102,NORMAL,LOW,RUNNING,CLEARED,2026-09-25 07:09:46,P-102,LOW,CLEARED,RUNNING,INVALID_NUMERIC_VALUE,STATE
9048,2026-09-23 17:56:05,P-102,NORMAL,LOW,RUNNING,CLEARED,2026-09-23 17:56:05,P-102,LOW,CLEARED,RUNNING,INVALID_NUMERIC_VALUE,STATE
9055,2026-09-17 20:50:16,P-101,NORMAL,LOW,RUNNING,CLEARED,2026-09-17 20:50:16,P-101,LOW,CLEARED,RUNNING,INVALID_NUMERIC_VALUE,STATE
9064,2026-09-01 13:03:13,P-101,NORMAL,LOW,RUNNING,CLEARED,2026-09-01 13:03:13,P-101,LOW,CLEARED,RUNNING,INVALID_NUMERIC_VALUE,STATE
9069,2026-09-02 10:56:10,P-101,NORMAL,LOW,RUNNING,CLEARED,2026-09-02 10:56:10,P-101,LOW,CLEARED,RUNNING,INVALID_NUMERIC_VALUE,STATE
9073,2026-09-14 07:28:28,PT-101,NORMAL,,6.92,CLEARED,2026-09-14 07:28:28,PT 101,,CLEARED,6.92,INVALID_SEVERITY,NUMERIC
9074,2026-09-25 14:09:52,P-101,NORMAL,LOW,RUNNING,CLEARED,2026-09-25 14:09:52,P-101,LOW,CLEARED,RUNNING,INVALID_NUMERIC_VALUE,STATE
9075,2026-09-20 02:44:46,P-101,NORMAL,LOW,STOPPED,CLEARED,2026-09-20 02:44:46,P-101,LOW,CLEARED,STOPPED,INVALID_NUMERIC_VALUE,STATE
9078,2026-09-17 01:14:53,P-101,NORMAL,LOW,STOPPED,CLEARED,2026-09-17 01:14:53,P-101,LOW,CLEARED,STOPPED,INVALID_NUMERIC_VALUE,STATE
9080,2026-09-18 06:02:43,P-101,NORMAL,LOW,RUNNING,CLEARED,2026-09-18 06:02:43,P-101,LOW,CLEARED,RUNNING,INVALID_NUMERIC_VALUE,STATE
9087,2026-09-06 03:57:40,P-101,NORMAL,LOW,RUNNING,CLEARED,2026-09-06 03:57:40,P-101,LOW,CLEARED,RUNNING,INVALID_NUMERIC_VALUE,STATE
9096,2026-09-16 00:19:26,P-102,NORMAL,LOW,STOPPED,CLEARED,2026-09-16 00:19:26,P-102,LOW,CLEARED,STOPPED,INVALID_NUMERIC_VALUE,STATE
9103,2026-09-04 02:49:01,LT-101,NORMAL,,56.05,CLEARED,2026-09-04 02:49:01,LT-101,,CLEARED,56.05,INVALID_SEVERITY,NUMERIC
9104,2026-09-23 23:38:18,PT-101,NORMAL,,6.09,CLEARED,2026-09-23 23:38:18,PT-101,,CLEARED,6.09,INVALID_SEVERITY,NUMERIC
9113,2026-09-03 01:55:40,P-102,NORMAL,LOW,STOPPED,CLEARED,2026-09-03 01:55:40,P-102,LOW,CLEARED,STOPPED,INVALID_NUMERIC_VALUE,STATE
9116,2026-09-20 09:26:58,P-102,NORMAL,LOW,STOPPED,CLEARED,2026-09-20 09:26:58,P-102,LOW,CLEARED,STOPPED,INVALID_NUMERIC_VALUE,STATE
9117,2026-09-02 22:22:24,P-101,NORMAL,LOW,RUNNING,CLEARED,2026/09/02 22:22:24,P-101,LOW,CLEARED,RUNNING,INVALID_NUMERIC_VALUE,STATE
9119,2026-09-01 20:58:41,P-101,NORMAL,LOW,STOPPED,CLEARED,2026-09-01 20:58:41,P-101,LOW,CLEARED,STOPPED,INVALID_NUMERIC_VALUE,STATE
9122,2026-09-14 17:09:39,TT-101,NORMAL,UNKNOWN,60.03,CLEARED,2026-09-14 17:09:39,TT-101,UNKNOWN,Cleared,60.03,INVALID_SEVERITY,NUMERIC
9124,2026-09-06 05:01:48,P-101,NORMAL,LOW,RUNNING,CLEARED,2026-09-06 05:01:48,P-101,LOW,CLEARED,RUNNING,INVALID_NUMERIC_VALUE,STATE
9125,2026-09-12 04:32:18,P-101,NORMAL,LOW,RUNNING,CLEARED,2026-09-12 04:32:18,P-101,LOW,CLEARED,RUNNING,INVALID_NUMERIC_VALUE,STATE
9129,2026-09-03 15:19:04,P-102,NORMAL,LOW,STOPPED,CLEARED,2026-09-03 15:19:04,P-102,LOW,CLEARED,STOPPED,INVALID_NUMERIC_VALUE,STATE
9136,2026-09-23 20:31:53,PT-101,NORMAL,POTATO,5.21,CLEARED,2026-09-23 20:31:53,PT-101,potato, CLEARED ,5.21,INVALID_SEVERITY,NUMERIC
9138,2026-09-13 20:04:46,P-101,NORMAL,LOW,RUNNING,CLEARED,2026-09-13 20:04:46,P-101,LOW,CLEARED,RUNNING,INVALID_NUMERIC_VALUE,STATE
9148,2026-09-28 01:10:29,FT-101,NORMAL,UNKNOWN,,CLEARED,2026-09-28 01:10:29,FT 101,UNKNOWN,CLEARED,N/A,INVALID_SEVERITY;MISSING_VALUE,NULL
9155,2026-09-14 10:46:21,P-102,NORMAL,LOW,RUNNING,CLEARED,2026-09-14 10:46:21,P-102,LOW,CLEARED,RUNNING,INVALID_NUMERIC_VALUE,STATE
9178,2026-09-07 19:36:20,P-102,NORMAL,LOW,RUNNING,CLEARED,2026-09-07 19:36:20,P-102,LOW,CLEARED,RUNNING,INVALID_NUMERIC_VALUE,STATE
9182,2026-09-11 02:40:19,P-101,NORMAL,LOW,RUNNING,CLEARED,2026-09-11 02:40:19,P-101,LOW,CLEARED,RUNNING,INVALID_NUMERIC_VALUE,STATE
9185,2026-09-21 14:49:17,P-101,NORMAL,LOW,RUNNING,CLEARED,2026-09-21 14:49:17,P-101,LOW,CLEARED,RUNNING,INVALID_NUMERIC_VALUE,STATE
9186,2026-09-05 03:29:28,P-101,NORMAL,LOW,RUNNING,CLEARED,2026-09-05 03:29:28,P-101,LOW,CLEARED,RUNNING,INVALID_NUMERIC_VALUE,STATE
9191,2026-09-13 21:10:25,P-101,NORMAL,LOW,STOPPED,CLEARED,2026-09-13 21:10:25,P_101,LOW,CLEARED,STOPPED,INVALID_NUMERIC_VALUE,STATE
9196,2026-09-04 02:48:52,P-101,NORMAL,LOW,STOPPED,CLEARED,2026-09-04 02:48:52,P-101,LOW,CLEARED,STOPPED,INVALID_NUMERIC_VALUE,STATE
9199,2026-09-21 11:16:44,P-102,NORMAL,LOW,RUNNING,CLEARED,2026-09-21 11:16:44,P-102,LOW,CLEARED,RUNNING,INVALID_NUMERIC_VALUE,STATE
9200,2026-09-07 06:21:25,P-101,NORMAL,LOW,STOPPED,CLEARED,07/09/2026 06:21:25,P-101,LOW,CLEARED,STOPPED,INVALID_NUMERIC_VALUE,STATE
9207,2026-09-07 17:58:45,P-101,NORMAL,LOW,RUNNING,CLEARED,2026-09-07 17:58:45,P-101,LOW,CLEARED,RUNNING,INVALID_NUMERIC_VALUE,STATE
9208,2026-09-24 18:27:07,P-101,NORMAL,LOW,RUNNING,CLEARED,2026-09-24 18:27:07,P-101,LOW,CLEARED,RUNNING,INVALID_NUMERIC_VALUE,STATE
9209,2026-09-03 18:32:52,P-102,NORMAL,LOW,STOPPED,CLEARED,2026-09-03 18:32:52,P-102,LOW,CLEARED,STOPPED,INVALID_NUMERIC_VALUE,STATE
9211,2026-09-15 08:50:22,P-101,NORMAL,LOW,STOPPED,CLEARED,2026-09-15 08:50:22,P-101,LOW,CLEARED,STOPPED,INVALID_NUMERIC_VALUE,STATE
9216,2026-09-15 05:01:41,P-101,NORMAL,LOW,RUNNING,CLEARED,2026-09-15 05:01:41,P-101,LOW,CLEARED,RUNNING,INVALID_NUMERIC_VALUE,STATE
9220,2026-09-24 10:01:11,P-102,NORMAL,LOW,STOPPED,CLEARED,2026-09-24 10:01:11,P-102,LOW,CLEARED,STOPPED,INVALID_NUMERIC_VALUE,STATE
9231,2026-09-03 23:57:12,P-101,NORMAL,LOW,RUNNING,CLEARED,2026-09-03 23:57:12,P-101,LOW,CLEARED,RUNNING,INVALID_NUMERIC_VALUE,STATE
9233,2026-09-24 10:49:55,P-102,NORMAL,LOW,RUNNING,CLEARED,2026-09-24 10:49:55,P-102,LOW,CLEARED,RUNNING,INVALID_NUMERIC_VALUE,STATE
9238,2026-09-20 08:08:24,P-101,NORMAL,LOW,RUNNING,CLEARED,2026-09-20 08:08:24,P-101,LOW,CLEARED,RUNNING,INVALID_NUMERIC_VALUE,STATE
9245,2026-09-24 16:19:27,P-102,NORMAL,LOW,RUNNING,CLEARED,2026-09-24 16:19:27,P-102,LOW,CLEARED,RUNNING,INVALID_NUMERIC_VALUE,STATE
9247,2026-09-11 09:54:57,P-101,NORMAL,LOW,RUNNING,CLEARED,2026-09-11 09:54:57,P-101,LOW,CLEARED,RUNNING,INVALID_NUMERIC_VALUE,STATE
9249,2026-09-27 09:12:19,P-101,NORMAL,LOW,RUNNING,CLEARED,2026-09-27 09:12:19,P-101,LOW,CLEARED,RUNNING,INVALID_NUMERIC_VALUE,STATE
9252,2026-09-21 19:34:41,P-102,NORMAL,LOW,RUNNING,CLEARED,2026-09-21 19:34:41,P-102,LOW,CLEARED,RUNNING,INVALID_NUMERIC_VALUE,STATE
9256,2026-09-18 13:13:31,P-102,NORMAL,LOW,RUNNING,CLEARED,2026-09-18 13:13:31,P-102,LOW,CLEARED,RUNNING,INVALID_NUMERIC_VALUE,STATE
9259,2026-09-10 10:01:11,PT-101,NORMAL,LOW,6.71,UNKNOWN,2026-09-10 10:01:11,PT-101,LOW,UNKNOWN,6.71,INVALID_STATUS,NUMERIC
9264,2026-09-24 10:49:42,P-101,NORMAL,LOW,RUNNING,CLEARED,2026-09-24 10:49:42,P-101,LOW,CLEARED,RUNNING,INVALID_NUMERIC_VALUE,STATE
9272,2026-09-21 12:25:50,PT-101,NORMAL,LOW,4.79,UNKNOWN,2026-09-21 12:25:50,PT-101,LOW,UNKNOWN,4.79,INVALID_STATUS,NUMERIC
9278,2026-09-12 23:55:57,P-101,NORMAL,LOW,RUNNING,CLEARED,2026-09-12 23:55:57,P-101,LOW,CLEARED,RUNNING,INVALID_NUMERIC_VALUE,STATE
9279,2026-09-02 21:05:16,P-102,NORMAL,LOW,RUNNING,CLEARED,2026-09-02 21:05:16,P-102,LOW,CLEARED,RUNNING,INVALID_NUMERIC_VALUE,STATE
9282,2026-09-12 02:03:39,P-101,NORMAL,LOW,RUNNING,CLEARED,2026-09-12 02:03:39,P-101,LOW,CLEARED,RUNNING,INVALID_NUMERIC_VALUE,STATE
9290,2026-09-21 15:19:22,P-102,NORMAL,LOW,RUNNING,CLEARED,2026-09-21 15:19:22,P-102,LOW,CLEARED,RUNNING,INVALID_NUMERIC_VALUE,STATE
9296,2026-09-21 09:12:32,P-102,NORMAL,LOW,STOPPED,CLEARED,2026-09-21 09:12:32,P-102,LOW,CLEARED,STOPPED,INVALID_NUMERIC_VALUE,STATE
9303,2026-09-08 05:35:39,P-102,NORMAL,LOW,RUNNING,CLEARED,2026-09-08 05:35:39,P-102,LOW,CLEARED,RUNNING,INVALID_NUMERIC_VALUE,STATE
9308,2026-09-10 22:22:04,P-102,NORMAL,LOW,RUNNING,CLEARED,2026-09-10 22:22:04,P-102,LOW,CLEARED,RUNNING,INVALID_NUMERIC_VALUE,STATE
9317,2026-09-29 06:07:46,P-101,NORMAL,LOW,RUNNING,CLEARED,2026-09-29 06:07:46,P-101,LOW,CLEARED,RUNNING,INVALID_NUMERIC_VALUE,STATE
9321,2026-09-18 22:46:08,P-101,NORMAL,LOW,RUNNING,CLEARED,2026-09-18 22:46:08,P-101,LOW,CLEARED,RUNNING,INVALID_NUMERIC_VALUE,STATE
9322,2026-09-08 06:15:05,P-102,NORMAL,LOW,STOPPED,CLEARED,2026-09-08 06:15:05,P-102,LOW,CLEARED,STOPPED,INVALID_NUMERIC_VALUE,STATE
9331,2026-09-19 17:34:40,P-101,NORMAL,LOW,RUNNING,CLEARED,2026-09-19 17:34:40,P-101,LOW,CLEARED,RUNNING,INVALID_NUMERIC_VALUE,STATE
9338,2026-09-09 12:44:16,P-101,NORMAL,LOW,RUNNING,CLEARED,2026-09-09 12:44:16,P-101,LOW,CLEARED,RUNNING,INVALID_NUMERIC_VALUE,STATE
9345,2026-09-01 19:46:10,P-101,NORMAL,LOW,RUNNING,CLEARED,2026-09-01 19:46:10,P-101,LOW,CLEARED,RUNNING,INVALID_NUMERIC_VALUE,STATE
9355,2026-09-05 09:24:01,P-102,NORMAL,LOW,RUNNING,CLEARED,2026-09-05 09:24:01,P-102,LOW,CLEARED,RUNNING,INVALID_NUMERIC_VALUE,STATE
9358,2026-09-27 15:23:27,P-101,NORMAL,LOW,RUNNING,CLEARED,2026-09-27 15:23:27,P-101,LOW,CLEARED,RUNNING,INVALID_NUMERIC_VALUE,STATE
9359,2026-09-09 14:04:39,P-101,NORMAL,LOW,RUNNING,CLEARED,2026-09-09 14:04:39,P-101,LOW,CLEARED,RUNNING,INVALID_NUMERIC_VALUE,STATE
9360,2026-09-22 02:29:37,P-101,NORMAL,LOW,RUNNING,CLEARED,2026-09-22 02:29:37,P-101,LOW,CLEARED,RUNNING,INVALID_NUMERIC_VALUE,STATE
9372,2026-09-01 09:52:11,P-102,NORMAL,LOW,RUNNING,CLEARED,2026-09-01 09:52:11,P-102,LOW,CLEARED,RUNNING,INVALID_NUMERIC_VALUE,STATE
9373,2026-09-22 09:43:10,P-102,NORMAL,LOW,RUNNING,CLEARED,2026-09-22 09:43:10,P-102,LOW,CLEARED,RUNNING,INVALID_NUMERIC_VALUE,STATE
9376,2026-09-20 19:15:00,M-101,NORMAL,UNKNOWN,17.84,CLEARED,2026-09-20 19:15:00,M-101,UNKNOWN,CLEARED,17.84,INVALID_SEVERITY,NUMERIC
9385,2026-09-14 07:55:31,P-102,NORMAL,UNKNOWN,RUNNING,CLEARED,2026-09-14 07:55:31,P-102,UNKNOWN,CLEARED,RUNNING,INVALID_SEVERITY;INVALID_NUMERIC_VALUE,STATE
9398,2026-09-12 10:25:15,P-101,NORMAL,LOW,RUNNING,CLEARED,2026-09-12 10:25:15,P-101,LOW,CLEARED,RUNNING,INVALID_NUMERIC_VALUE,STATE
9399,2026-09-23 19:46:48,P-102,NORMAL,LOW,RUNNING,CLEARED,2026-09-23 19:46:48,P-102,LOW,CLEARED,RUNNING,INVALID_NUMERIC_VALUE,STATE
9402,2026-09-06 03:59:01,P-101,NORMAL,LOW,STOPPED,CLEARED,2026-09-06 03:59:01,P-101,LOW,CLEARED,STOPPED,INVALID_NUMERIC_VALUE,STATE
9403,2026-09-14 11:02:16,P-102,NORMAL,LOW,STOPPED,CLEARED,2026-09-14 11:02:16,P-102,LOW,CLEARED,STOPPED,INVALID_NUMERIC_VALUE,STATE
9404,2026-09-17 23:42:49,P-102,NORMAL,LOW,RUNNING,CLEARED,2026-09-17 23:42:49,P-102,LOW,CLEARED,RUNNING,INVALID_NUMERIC_VALUE,STATE
9408,2026-09-02 07:51:57,P-102,NORMAL,LOW,STOPPED,CLEARED,2026-09-02 07:51:57,P-102,LOW,CLEARED,STOPPED,INVALID_NUMERIC_VALUE,STATE
9409,2026-09-12 10:45:11,P-102,NORMAL,LOW,RUNNING,CLEARED,2026-09-12 10:45:11,P-102,LOW,CLEARED,RUNNING,INVALID_NUMERIC_VALUE,STATE
9426,2026-09-30 09:51:05,P-101,NORMAL,LOW,RUNNING,CLEARED,2026-09-30 09:51:05,P-101,LOW,CLEARED,RUNNING,INVALID_NUMERIC_VALUE,STATE
9433,2026-09-28 23:43:50,P-102,NORMAL,LOW,RUNNING,CLEARED,2026-09-28 23:43:50,P-102,LOW,CLEARED,RUNNING,INVALID_NUMERIC_VALUE,STATE
9437,2026-09-05 02:48:57,P-102,NORMAL,LOW,RUNNING,CLEARED,2026-09-05 02:48:57,P-102,LOW,CLEARED,RUNNING,INVALID_NUMERIC_VALUE,STATE
9442,2026-09-06 05:34:28,TT-101,NORMAL,LOW,51.24,,2026-09-06 05:34:28,TT-101,LOW,,51.24,INVALID_STATUS,NUMERIC
9443,2026-09-18 00:57:09,P-102,NORMAL,LOW,STOPPED,CLEARED,2026-09-18 00:57:09,P-102,LOW,CLEARED,STOPPED,INVALID_NUMERIC_VALUE,STATE
9447,2026-09-04 12:19:03,P-101,NORMAL,LOW,RUNNING,CLEARED,2026-09-04 12:19:03,P-101,LOW,CLEARED,RUNNING,INVALID_NUMERIC_VALUE,STATE
9455,2026-09-03 07:52:16,P-102,NORMAL,LOW,STOPPED,CLEARED,2026-09-03 07:52:16,P-102,LOW,CLEARED,STOPPED,INVALID_NUMERIC_VALUE,STATE
9457,2026-09-01 22:13:31,PT-101,NORMAL,LOW,5.2,,2026-09-01 22:13:31,PT 101,Low,,5.2,INVALID_STATUS,NUMERIC
9459,2026-09-15 02:33:39,P-102,NORMAL,LOW,STOPPED,CLEARED,2026-09-15 02:33:39,P-102,LOW,CLEARED,STOPPED,INVALID_NUMERIC_VALUE,STATE
9461,2026-09-21 04:27:56,P-101,NORMAL,LOW,STOPPED,CLEARED,2026-09-21 04:27:56,P-101,LOW,CLEARED,STOPPED,INVALID_NUMERIC_VALUE,STATE
9462,2026-09-29 10:28:39,P-101,NORMAL,LOW,RUNNING,CLEARED,2026-09-29 10:28:39,P-101,LOW,CLEARED,RUNNING,INVALID_NUMERIC_VALUE,STATE
9463,2026-09-16 01:03:41,P-102,NORMAL,LOW,RUNNING,CLEARED,2026-09-16 01:03:41,P_102,LOW,CLEARED,RUNNING,INVALID_NUMERIC_VALUE,STATE
9464,2026-09-26 10:17:29,P-101,NORMAL,LOW,RUNNING,CLEARED,2026-09-26 10:17:29,P-101,LOW,CLEARED,RUNNING,INVALID_NUMERIC_VALUE,STATE
9469,2026-09-04 21:17:50,P-101,NORMAL,LOW,RUNNING,CLEARED,2026-09-04 21:17:50,P-101,LOW,CLEARED,RUNNING,INVALID_NUMERIC_VALUE,STATE
9470,2026-09-06 13:21:06,P-102,NORMAL,LOW,RUNNING,CLEARED,2026-09-06 13:21:06,P-102,LOW,CLEARED,RUNNING,INVALID_NUMERIC_VALUE,STATE
9471,2026-09-14 01:37:48,FT-101,NORMAL,LOW,33.09,UNKNOWN,2026-09-14 01:37:48,FT-101, LOW ,UNKNOWN,33.09,INVALID_STATUS,NUMERIC
9473,2026-09-04 03:17:56,P-101,NORMAL,LOW,RUNNING,CLEARED,2026-09-04 03:17:56,P-101,LOW,CLEARED,RUNNING,INVALID_NUMERIC_VALUE,STATE
9474,2026-09-07 13:14:08,P-102,NORMAL,LOW,STOPPED,CLEARED,2026-09-07 13:14:08,P-102,LOW,CLEARED,STOPPED,INVALID_NUMERIC_VALUE,STATE
9484,2026-09-17 05:15:18,P-101,NORMAL,LOW,RUNNING,CLEARED,2026-09-17 05:15:18,P-101,LOW,CLEARED,RUNNING,INVALID_NUMERIC_VALUE,STATE
9494,2026-09-25 23:12:48,P-101,NORMAL,LOW,RUNNING,CLEARED,2026-09-25 23:12:48,P-101,LOW,CLEARED,RUNNING,INVALID_NUMERIC_VALUE,STATE
9502,2026-09-05 03:32:52,P-102,NORMAL,LOW,RUNNING,CLEARED,2026-09-05 03:32:52,P-102,LOW,CLEARED,RUNNING,INVALID_NUMERIC_VALUE,STATE
9512,2026-09-04 13:23:27,P-101,NORMAL,LOW,RUNNING,CLEARED,2026-09-04 13:23:27,P-101,LOW,CLEARED,RUNNING,INVALID_NUMERIC_VALUE,STATE
9518,2026-09-20 10:13:34,P-101,NORMAL,LOW,STOPPED,CLEARED,2026-09-20 10:13:34,P-101,LOW,CLEARED,STOPPED,INVALID_NUMERIC_VALUE,STATE
9524,2026-09-17 10:28:44,PT-101,NORMAL,UNKNOWN,,CLEARED,2026-09-17 10:28:44,PT-101,UNKNOWN,CLEARED,,INVALID_SEVERITY;MISSING_VALUE,NULL
9527,2026-09-07 14:53:45,P-101,NORMAL,LOW,RUNNING,CLEARED,2026-09-07 14:53:45,P-101,LOW,CLEARED,RUNNING,INVALID_NUMERIC_VALUE,STATE
9533,2026-09-04 19:21:04,P-101,NORMAL,LOW,STOPPED,CLEARED,2026-09-04 19:21:04,P-101,LOW,CLEARED,STOPPED,INVALID_NUMERIC_VALUE,STATE
9535,2026-09-20 22:06:42,P-101,NORMAL,LOW,RUNNING,CLEARED,2026-09-20 22:06:42,P-101,LOW,CLEARED,RUNNING,INVALID_NUMERIC_VALUE,STATE
9539,2026-09-10 18:01:45,P-101,NORMAL,LOW,RUNNING,CLEARED,2026-09-10 18:01:45,P-101,LOW,CLEARED,RUNNING,INVALID_NUMERIC_VALUE,STATE
9545,2026-09-24 21:06:05,P-101,NORMAL,LOW,RUNNING,CLEARED,2026-09-24 21:06:05,P-101,LOW,CLEARED,RUNNING,INVALID_NUMERIC_VALUE,STATE
9548,2026-09-19 23:55:58,P-101,NORMAL,LOW,RUNNING,CLEARED,2026-09-19 23:55:58,P-101,LOW,CLEARED,RUNNING,INVALID_NUMERIC_VALUE,STATE
9549,2026-09-10 00:54:16,P-102,NORMAL,LOW,RUNNING,CLEARED,2026-09-10 00:54:16,P-102,LOW,CLEARED,RUNNING,INVALID_NUMERIC_VALUE,STATE
9550,2026-09-08 17:38:49,P-101,NORMAL,LOW,RUNNING,CLEARED,2026-09-08 17:38:49,P-101,LOW,CLEARED,RUNNING,INVALID_NUMERIC_VALUE,STATE
9553,2026-09-11 19:59:35,P-101,NORMAL,LOW,STOPPED,CLEARED,2026-09-11 19:59:35,P-101,LOW,CLEARED,STOPPED,INVALID_NUMERIC_VALUE,STATE
9557,2026-09-02 17:00:19,P-101,NORMAL,LOW,RUNNING,CLEARED,2026-09-02 17:00:19,P-101,LOW,CLEARED,RUNNING,INVALID_NUMERIC_VALUE,STATE
9559,2026-09-20 11:01:22,P-101,NORMAL,LOW,STOPPED,CLEARED,2026-09-20 11:01:22,P-101,LOW,CLEARED,STOPPED,INVALID_NUMERIC_VALUE,STATE
9561,2026-09-02 12:34:58,P-102,NORMAL,LOW,RUNNING,CLEARED,2026-09-02 12:34:58,P-102,LOW,CLEARED,RUNNING,INVALID_NUMERIC_VALUE,STATE
9565,2026-09-25 16:20:51,P-102,NORMAL,LOW,RUNNING,CLEARED,2026-09-25 16:20:51,P-102,LOW,CLEARED,RUNNING,INVALID_NUMERIC_VALUE,STATE
9574,2026-09-20 06:38:47,P-101,NORMAL,LOW,STOPPED,CLEARED,2026-09-20 06:38:47,P-101,Low,CLEARED,STOPPED,INVALID_NUMERIC_VALUE,STATE
9576,2026-09-16 08:27:53,P-102,NORMAL,LOW,RUNNING,CLEARED,2026-09-16 08:27:53,P-102,LOW,CLEARED,RUNNING,INVALID_NUMERIC_VALUE,STATE
9578,2026-09-08 21:14:13,P-102,NORMAL,LOW,RUNNING,CLEARED,2026-09-08 21:14:13,P-102,LOW,CLEARED,RUNNING,INVALID_NUMERIC_VALUE,STATE
9582,2026-09-20 14:02:29,P-102,NORMAL,LOW,RUNNING,CLEARED,2026-09-20 14:02:29,P-102,LOW,CLEARED,RUNNING,INVALID_NUMERIC_VALUE,STATE
9585,2026-09-15 04:59:24,LT-101,NORMAL,LOW,71.88,,2026-09-15 04:59:24,LT-101,LOW,,71.88,INVALID_STATUS,NUMERIC
9590,2026-09-20 06:00:05,P-101,NORMAL,LOW,RUNNING,CLEARED,2026-09-20 06:00:05,P-101,LOW,CLEARED,RUNNING,INVALID_NUMERIC_VALUE,STATE
9591,2026-09-10 16:38:16,P-102,NORMAL,LOW,STOPPED,CLEARED,2026-09-10 16:38:16,P-102,LOW,CLEARED,STOPPED,INVALID_NUMERIC_VALUE,STATE
9598,2026-09-12 09:32:52,P-101,NORMAL,LOW,RUNNING,CLEARED,2026-09-12 09:32:52,P-101,LOW,CLEARED,RUNNING,INVALID_NUMERIC_VALUE,STATE
9599,2026-09-25 02:21:46,P-101,NORMAL,LOW,RUNNING,CLEARED,2026-09-25 02:21:46,P-101,LOW,CLEARED,RUNNING,INVALID_NUMERIC_VALUE,STATE
9600,2026-09-21 16:34:20,P-102,NORMAL,LOW,RUNNING,CLEARED,2026-09-21 16:34:20,P-102,LOW,CLEARED,RUNNING,INVALID_NUMERIC_VALUE,STATE
9601,2026-09-14 16:48:50,P-101,NORMAL,LOW,RUNNING,CLEARED,2026-09-14 16:48:50,P-101,LOW,CLEARED,RUNNING,INVALID_NUMERIC_VALUE,STATE
9606,2026-09-27 04:00:36,P-102,NORMAL,LOW,RUNNING,CLEARED,2026-09-27 04:00:36,P-102,LOW,CLEARED,RUNNING,INVALID_NUMERIC_VALUE,STATE
9611,2026-09-12 22:55:45,P-102,NORMAL,LOW,RUNNING,CLEARED,2026-09-12 22:55:45,P-102, LOW ,CLEARED,RUNNING,INVALID_NUMERIC_VALUE,STATE
9612,2026-09-21 02:19:55,P-102,NORMAL,LOW,STOPPED,CLEARED,2026-09-21 02:19:55,P-102,LOW,CLEARED,STOPPED,INVALID_NUMERIC_VALUE,STATE
9618,2026-09-07 18:33:18,P-101,NORMAL,LOW,RUNNING,CLEARED,2026-09-07 18:33:18,P-101,LOW,CLEARED,RUNNING,INVALID_NUMERIC_VALUE,STATE
9621,2026-09-20 01:43:40,P-102,NORMAL,LOW,RUNNING,CLEARED,2026-09-20 01:43:40,P-102,LOW,CLEARED,RUNNING,INVALID_NUMERIC_VALUE,STATE
9622,2026-09-29 16:01:26,P-101,NORMAL,LOW,RUNNING,CLEARED,2026-09-29 16:01:26,P-101,LOW,CLEARED,RUNNING,INVALID_NUMERIC_VALUE,STATE
9624,2026-09-03 16:58:55,P-101,NORMAL,LOW,STOPPED,CLEARED,2026-09-03 16:58:55,P-101,LOW,CLEARED,STOPPED,INVALID_NUMERIC_VALUE,STATE
9625,2026-09-24 20:31:44,P-101,NORMAL,LOW,RUNNING,CLEARED,2026-09-24 20:31:44,P-101,LOW,CLEARED,RUNNING,INVALID_NUMERIC_VALUE,STATE
9634,2026-09-15 02:48:30,P-101,NORMAL,LOW,STOPPED,CLEARED,2026-09-15 02:48:30,P-101,LOW,CLEARED,STOPPED,INVALID_NUMERIC_VALUE,STATE
9635,2026-09-07 13:59:55,P-101,NORMAL,LOW,STOPPED,CLEARED,2026-09-07 13:59:55,P-101,LOW,CLEARED,STOPPED,INVALID_NUMERIC_VALUE,STATE
9636,2026-09-16 16:40:16,P-101,NORMAL,LOW,RUNNING,CLEARED,2026-09-16 16:40:16,P-101,LOW,CLEARED,RUNNING,INVALID_NUMERIC_VALUE,STATE
9637,2026-09-12 17:23:54,P-101,NORMAL,LOW,RUNNING,CLEARED,2026-09-12 17:23:54,P-101,LOW,CLEARED,RUNNING,INVALID_NUMERIC_VALUE,STATE
9638,2026-09-02 08:21:07,P-102,NORMAL,LOW,RUNNING,CLEARED,2026-09-02 08:21:07,P-102,LOW,CLEARED,RUNNING,INVALID_NUMERIC_VALUE,STATE
9644,2026-09-29 20:40:31,P-102,NORMAL,LOW,RUNNING,CLEARED,2026-09-29 20:40:31,P-102,LOW,CLEARED,RUNNING,INVALID_NUMERIC_VALUE,STATE
9652,2026-09-04 04:12:40,P-101,NORMAL,LOW,RUNNING,CLEARED,2026-09-04 04:12:40,P-101,LOW,CLEARED,RUNNING,INVALID_NUMERIC_VALUE,STATE
9654,2026-09-20 18:56:02,P-101,NORMAL,LOW,RUNNING,CLEARED,2026-09-20 18:56:02,P-101,LOW,CLEARED,RUNNING,INVALID_NUMERIC_VALUE,STATE
9664,2026-09-08 15:49:51,P-101,NORMAL,LOW,RUNNING,CLEARED,2026-09-08 15:49:51,P-101,LOW,CLEARED,RUNNING,INVALID_NUMERIC_VALUE,STATE
9669,2026-09-05 10:07:33,P-101,NORMAL,LOW,RUNNING,CLEARED,2026-09-05 10:07:33,P-101,LOW,CLEARED,RUNNING,INVALID_NUMERIC_VALUE,STATE
9670,2026-09-07 01:21:37,P-101,NORMAL,LOW,RUNNING,CLEARED,2026-09-07 01:21:37,P-101,LOW,CLEARED,RUNNING,INVALID_NUMERIC_VALUE,STATE
9672,2026-09-10 15:16:37,P-101,NORMAL,LOW,RUNNING,CLEARED,2026-09-10 15:16:37,P-101,LOW,CLEARED,RUNNING,INVALID_NUMERIC_VALUE,STATE
9673,2026-09-21 08:44:02,P-101,NORMAL,LOW,RUNNING,CLEARED,2026-09-21 08:44:02,P-101,LOW,CLEARED,RUNNING,INVALID_NUMERIC_VALUE,STATE
9677,2026-09-19 14:38:16,P-102,NORMAL,LOW,RUNNING,CLEARED,2026-09-19 14:38:16,P-102,LOW,CLEARED,RUNNING,INVALID_NUMERIC_VALUE,STATE
9683,2026-09-27 23:08:26,P-101,NORMAL,LOW,STOPPED,CLEARED,2026-09-27 23:08:26,P-101,LOW,CLEARED,STOPPED,INVALID_NUMERIC_VALUE,STATE
9686,2026-09-03 08:38:02,P-102,NORMAL,LOW,STOPPED,CLEARED,2026-09-03 08:38:02,P-102,LOW,CLEARED,STOPPED,INVALID_NUMERIC_VALUE,STATE
9687,2026-09-09 18:48:06,P-102,NORMAL,LOW,RUNNING,CLEARED,2026-09-09 18:48:06,P-102,LOW,CLEARED,RUNNING,INVALID_NUMERIC_VALUE,STATE
9689,2026-09-19 17:22:52,P-102,NORMAL,LOW,RUNNING,CLEARED,2026-09-19 17:22:52,P-102,LOW,CLEARED,RUNNING,INVALID_NUMERIC_VALUE,STATE
9690,2026-09-30 13:29:28,P-101,NORMAL,LOW,STOPPED,CLEARED,2026-09-30 13:29:28,P-101,LOW,CLEARED,STOPPED,INVALID_NUMERIC_VALUE,STATE
9695,2026-09-15 07:51:49,P-101,NORMAL,LOW,RUNNING,CLEARED,2026-09-15 07:51:49,P-101,LOW,CLEARED,RUNNING,INVALID_NUMERIC_VALUE,STATE
9699,2026-09-20 12:59:23,P-101,NORMAL,LOW,RUNNING,CLEARED,2026-09-20 12:59:23,P-101,LOW,CLEARED,RUNNING,INVALID_NUMERIC_VALUE,STATE
9701,2026-09-19 13:59:35,P-102,NORMAL,LOW,RUNNING,CLEARED,2026-09-19 13:59:35,P-102,LOW,CLEARED,RUNNING,INVALID_NUMERIC_VALUE,STATE
9704,2026-09-07 19:08:10,P-101,NORMAL,LOW,RUNNING,CLEARED,2026-09-07 19:08:10,P-101,LOW,CLEARED,RUNNING,INVALID_NUMERIC_VALUE,STATE
9709,2026-09-11 02:39:43,P-101,NORMAL,LOW,STOPPED,CLEARED,2026-09-11 02:39:43,P-101,LOW,CLEARED,STOPPED,INVALID_NUMERIC_VALUE,STATE
9710,2026-09-03 09:56:38,P-102,NORMAL,LOW,RUNNING,CLEARED,2026-09-03 09:56:38,P-102,LOW,CLEARED,RUNNING,INVALID_NUMERIC_VALUE,STATE
9716,2026-09-26 20:50:16,P-101,NORMAL,LOW,RUNNING,CLEARED,2026-09-26 20:50:16,P-101,LOW,Cleared,RUNNING,INVALID_NUMERIC_VALUE,STATE
9718,2026-09-04 05:55:18,P-102,NORMAL,LOW,RUNNING,CLEARED,2026-09-04 05:55:18,P-102,LOW,CLEARED,RUNNING,INVALID_NUMERIC_VALUE,STATE
9721,2026-09-01 19:41:53,P-101,NORMAL,LOW,RUNNING,CLEARED,2026-09-01 19:41:53,P-101,LOW,CLEARED,RUNNING,INVALID_NUMERIC_VALUE,STATE
9733,2026-09-12 02:40:31,P-101,NORMAL,LOW,RUNNING,CLEARED,2026-09-12 02:40:31,P-101,LOW,CLEARED,RUNNING,INVALID_NUMERIC_VALUE,STATE
9742,2026-09-19 22:35:50,P-101,NORMAL,LOW,RUNNING,CLEARED,2026-09-19 22:35:50,P-101,LOW,CLEARED,RUNNING,INVALID_NUMERIC_VALUE,STATE
9754,2026-09-15 01:56:59,P-101,NORMAL,LOW,RUNNING,CLEARED,2026-09-15 01:56:59,P-101,LOW,CLEARED,RUNNING,INVALID_NUMERIC_VALUE,STATE
9755,2026-09-23 19:19:00,P-101,NORMAL,LOW,STOPPED,CLEARED,2026-09-23 19:19:00,P-101,LOW,CLEARED,STOPPED,INVALID_NUMERIC_VALUE,STATE
9756,2026-09-09 13:40:46,P-102,NORMAL,POTATO,RUNNING,CLEARED,2026-09-09 13:40:46,P_102,potato,CLEARED,RUNNING,INVALID_SEVERITY;INVALID_NUMERIC_VALUE,STATE
9782,2026-09-07 03:49:08,P-102,NORMAL,LOW,RUNNING,CLEARED,2026-09-07 03:49:08,P-102,LOW,CLEARED,RUNNING,INVALID_NUMERIC_VALUE,STATE
9785,2026-09-24 03:32:35,P-101,NORMAL,LOW,RUNNING,CLEARED,2026-09-24 03:32:35,P-101,LOW,CLEARED,RUNNING,INVALID_NUMERIC_VALUE,STATE
9789,2026-09-29 18:21:32,P-101,NORMAL,LOW,RUNNING,CLEARED,2026-09-29 18:21:32,P-101,LOW,CLEARED,RUNNING,INVALID_NUMERIC_VALUE,STATE
9793,2026-09-05 14:40:52,P-101,NORMAL,LOW,RUNNING,CLEARED,2026-09-05 14:40:52,P-101,LOW,CLEARED,RUNNING,INVALID_NUMERIC_VALUE,STATE
9795,2026-09-20 10:43:42,P-102,NORMAL,LOW,RUNNING,CLEARED,2026-09-20 10:43:42,P-102,LOW,CLEARED,RUNNING,INVALID_NUMERIC_VALUE,STATE
9797,2026-09-19 13:42:24,P-101,NORMAL,LOW,RUNNING,CLEARED,2026-09-19 13:42:24,P-101,LOW,CLEARED,RUNNING,INVALID_NUMERIC_VALUE,STATE
9798,2026-09-25 18:18:53,P-101,NORMAL,LOW,RUNNING,CLEARED,2026-09-25 18:18:53,P-101,LOW,CLEARED,RUNNING,INVALID_NUMERIC_VALUE,STATE
9805,2026-09-15 03:09:50,P-101,NORMAL,LOW,STOPPED,CLEARED,2026-09-15 03:09:50,P-101,LOW,CLEARED,STOPPED,INVALID_NUMERIC_VALUE,STATE
9808,2026-09-05 20:21:50,P-101,NORMAL,LOW,RUNNING,CLEARED,2026-09-05 20:21:50,P-101,LOW,CLEARED,RUNNING,INVALID_NUMERIC_VALUE,STATE
9818,2026-09-02 21:42:52,P-101,NORMAL,LOW,RUNNING,CLEARED,2026-09-02 21:42:52,P-101,LOW,CLEARED,RUNNING,INVALID_NUMERIC_VALUE,STATE
9825,2026-09-13 23:30:30,FT-101,NORMAL,POTATO,31.35,CLEARED,2026-09-13 23:30:30,FT-101,potato,CLEARED,31.35,INVALID_SEVERITY,NUMERIC
9826,2026-09-23 01:33:22,P-102,NORMAL,LOW,RUNNING,CLEARED,2026-09-23 01:33:22,P-102,LOW,CLEARED,RUNNING,INVALID_NUMERIC_VALUE,STATE
9830,2026-09-19 15:32:13,P-101,NORMAL,LOW,RUNNING,CLEARED,2026-09-19 15:32:13,P-101,LOW,CLEARED,RUNNING,INVALID_NUMERIC_VALUE,STATE
9831,2026-09-29 01:17:04,P-101,NORMAL,LOW,RUNNING,CLEARED,2026-09-29 01:17:04,P-101,LOW,CLEARED,RUNNING,INVALID_NUMERIC_VALUE,STATE
9835,2026-09-30 18:13:43,P-102,NORMAL,LOW,STOPPED,CLEARED,2026-09-30 18:13:43,P-102,LOW,CLEARED,STOPPED,INVALID_NUMERIC_VALUE,STATE
9836,2026-09-11 15:30:28,P-101,NORMAL,LOW,RUNNING,CLEARED,2026-09-11 15:30:28,P-101,LOW,CLEARED,RUNNING,INVALID_NUMERIC_VALUE,STATE
9838,2026-09-09 02:18:40,P-101,NORMAL,LOW,STOPPED,CLEARED,2026-09-09 02:18:40,P-101,LOW,CLEARED,STOPPED,INVALID_NUMERIC_VALUE,STATE
9840,2026-09-04 20:50:48,TT-101,NORMAL,UNKNOWN,61.62,CLEARED,2026-09-04 20:50:48,TT-101,UNKNOWN,CLEARED,61.62,INVALID_SEVERITY,NUMERIC
9842,2026-09-05 16:10:30,P-101,NORMAL,LOW,RUNNING,CLEARED,2026-09-05 16:10:30,P-101,LOW,CLEARED,RUNNING,INVALID_NUMERIC_VALUE,STATE
9851,2026-09-29 03:55:14,P-102,NORMAL,LOW,STOPPED,CLEARED,2026-09-29 03:55:14,P-102,LOW,CLEARED,STOPPED,INVALID_NUMERIC_VALUE,STATE
9852,,P-102,NORMAL,UNKNOWN,RUNNING,CLEARED,32/15/2026 25:99:99,P-102,UNKNOWN,CLEARED,RUNNING,INVALID_TIMESTAMP;INVALID_SEVERITY;INVALID_NUMERIC_VALUE,STATE
9855,2026-09-29 22:18:40,PT-101,NORMAL,LOW,6.1,,2026-09-29 22:18:40, PT-101 ,LOW,,6.1,INVALID_STATUS,NUMERIC
9860,2026-09-12 21:41:20,P-102,NORMAL,LOW,RUNNING,CLEARED,2026-09-12 21:41:20,P-102,LOW,CLEARED,RUNNING,INVALID_NUMERIC_VALUE,STATE
9866,2026-09-26 20:52:18,P-101,NORMAL,LOW,RUNNING,CLEARED,2026-09-26 20:52:18,P-101,LOW,CLEARED,RUNNING,INVALID_NUMERIC_VALUE,STATE
9872,2026-09-14 11:31:11,P-102,NORMAL,LOW,RUNNING,CLEARED,2026-09-14 11:31:11,P-102,LOW,CLEARED,RUNNING,INVALID_NUMERIC_VALUE,STATE
9881,2026-09-21 21:04:04,P-102,NORMAL,LOW,RUNNING,CLEARED,2026-09-21 21:04:04,P-102,LOW,CLEARED,RUNNING,INVALID_NUMERIC_VALUE,STATE
9886,2026-09-06 11:21:21,P-102,NORMAL,LOW,STOPPED,CLEARED,2026-09-06 11:21:21,P-102,LOW,CLEARED,STOPPED,INVALID_NUMERIC_VALUE,STATE
9887,2026-09-11 20:12:02,P-102,NORMAL,LOW,RUNNING,CLEARED,2026-09-11 20:12:02,P-102,LOW,CLEARED,RUNNING,INVALID_NUMERIC_VALUE,STATE
9892,2026-09-24 17:16:38,P-102,NORMAL,LOW,RUNNING,CLEARED,2026-09-24 17:16:38,P-102,LOW,CLEARED,RUNNING,INVALID_NUMERIC_VALUE,STATE
9894,2026-09-17 08:50:34,P-101,NORMAL,LOW,RUNNING,CLEARED,2026-09-17 08:50:34,P-101,LOW,CLEARED,RUNNING,INVALID_NUMERIC_VALUE,STATE
9913,2026-09-20 19:21:09,P-102,NORMAL,LOW,RUNNING,CLEARED,2026-09-20 19:21:09,P-102,LOW,CLEARED,RUNNING,INVALID_NUMERIC_VALUE,STATE
9918,2026-09-03 11:20:14,P-101,NORMAL,LOW,STOPPED,CLEARED,2026-09-03 11:20:14,P-101,LOW,CLEARED,STOPPED,INVALID_NUMERIC_VALUE,STATE
9936,2026-09-09 13:51:14,P-102,NORMAL,LOW,STOPPED,CLEARED,2026-09-09 13:51:14,P-102,LOW,CLEARED,STOPPED,INVALID_NUMERIC_VALUE,STATE
9937,2026-09-25 01:05:58,P-102,NORMAL,LOW,RUNNING,CLEARED,2026-09-25 01:05:58,P-102,LOW,CLEARED,RUNNING,INVALID_NUMERIC_VALUE,STATE
9941,2026-09-04 09:49:01,P-102,NORMAL,LOW,STOPPED,CLEARED,2026-09-04 09:49:01,P-102,LOW,CLEARED,STOPPED,INVALID_NUMERIC_VALUE,STATE
9944,2026-09-20 13:10:30,P-101,NORMAL,LOW,STOPPED,CLEARED,2026-09-20 13:10:30,P-101,LOW,CLEARED,STOPPED,INVALID_NUMERIC_VALUE,STATE
9946,2026-09-05 12:50:49,P-101,NORMAL,LOW,RUNNING,CLEARED,2026-09-05 12:50:49,P-101,LOW,CLEARED,RUNNING,INVALID_NUMERIC_VALUE,STATE
9956,2026-09-23 03:15:52,P-101,NORMAL,LOW,RUNNING,CLEARED,2026-09-23 03:15:52,P-101,LOW,CLEARED,RUNNING,INVALID_NUMERIC_VALUE,STATE
9957,2026-09-18 22:31:23,P-101,NORMAL,LOW,RUNNING,CLEARED,2026-09-18 22:31:23,P-101,LOW,CLEARED,RUNNING,INVALID_NUMERIC_VALUE,STATE
9962,2026-09-20 04:28:37,P-101,NORMAL,LOW,RUNNING,CLEARED,2026-09-20 04:28:37,P-101,LOW,CLEARED,RUNNING,INVALID_NUMERIC_VALUE,STATE
9967,2026-09-09 16:32:01,P-102,NORMAL,LOW,RUNNING,CLEARED,2026-09-09 16:32:01,P-102,LOW,CLEARED,RUNNING,INVALID_NUMERIC_VALUE,STATE
9971,2026-09-23 02:03:29,P-101,NORMAL,LOW,RUNNING,CLEARED,2026-09-23 02:03:29,P-101,LOW,CLEARED,RUNNING,INVALID_NUMERIC_VALUE,STATE
9974,2026-09-08 13:15:02,P-101,NORMAL,LOW,RUNNING,CLEARED,2026-09-08 13:15:02,P-101,LOW,CLEARED,RUNNING,INVALID_NUMERIC_VALUE,STATE
9975,2026-09-15 23:26:27,P-101,NORMAL,LOW,RUNNING,CLEARED,2026-09-15 23:26:27,P-101,LOW,CLEARED,RUNNING,INVALID_NUMERIC_VALUE,STATE
9980,2026-09-22 14:37:31,P-102,NORMAL,POTATO,RUNNING,CLEARED,2026-09-22 14:37:31,P-102,potato,CLEARED,RUNNING,INVALID_SEVERITY;INVALID_NUMERIC_VALUE,STATE
9993,2026-09-20 14:56:08,P-101,NORMAL,LOW,STOPPED,CLEARED,2026-09-20 14:56:08,P-101,LOW,CLEARED,STOPPED,INVALID_NUMERIC_VALUE,STATE
